Latitude,Longitude,pet,year,month,day,quarter
-28.760833,17.730278,174.2,2011,2,1,1
-26.861111,28.884722,124.1,2011,3,1,1
-26.45,28.085833,127.5,2011,3,1,1
-27.671111,27.236944,129.7,2011,3,1,1
-27.356667,27.286389,129.2,2011,3,1,1
-27.01011111,26.69808333,98.6,2011,4,1,2
-25.127778,27.628889,105.5,2011,4,1,2
-25.20639,27.558,103.700005,2011,4,1,2
-24.69514,27.40906,111.8,2011,4,1,2
-26.98472222,26.63227778,98.200005,2011,4,1,2
-28.141944,26.417778,93.8,2011,4,1,2
-27.398611,26.614722,100.9,2011,4,1,2
-33.501667,21.624167,100.200005,2011,4,1,2
-32.502778,19.535833,119.9,2011,4,1,2
-25.45963889,28.26430556,103.6,2011,4,1,2
-27.495556,26.074722,99.700005,2011,4,1,2
-26.648056,27.089444,83.5,2011,5,1,2
-26.970278,27.211111,82.1,2011,5,1,2
-27.38972222,26.46388889,83.200005,2011,5,1,2
-27.044444,27.005,82.4,2011,5,1,2
-30.830556,26.921389,57.0,2011,6,1,2
-27.00222,28.76528,70.0,2011,6,1,2
-27.02314,28.59389,72.4,2011,6,1,2
-30.679722,26.7125,59.8,2011,6,1,2
-30.160091,27.40124,57.4,2011,6,1,2
-32.595833,19.009444,52.7,2011,6,1,2
-25.99136,27.84208,173.2,2011,10,1,4
-26.73806,27.59194,179.40001,2011,10,1,4
-26.45,28.085833,172.90001,2011,10,1,4
-30.86013889,29.07125,138.0,2011,10,1,4
-27.356667,27.286389,185.8,2011,10,1,4
-27.01011111,26.69808333,191.7,2011,11,1,4
-25.73411,27.21422,182.5,2011,11,1,4
-26.98472222,26.63227778,192.0,2011,11,1,4
-27.398611,26.614722,197.40001,2011,11,1,4
-27.671111,27.236944,192.1,2011,11,1,4
-29.160278,26.573333,199.1,2011,11,1,4
-34.250556,20.9925,140.2,2011,11,1,4
-25.45963889,28.26430556,182.8,2011,11,1,4
-25.81048333,27.90955222,164.1,2011,12,1,4
-27.273889,28.49,164.3,2011,12,1,4
-27.4275,28.525833,163.6,2011,12,1,4
-28.883333,27.89,164.2,2011,12,1,4
-27.00222,28.76528,161.6,2011,1,13,1
-27.02314,28.59389,163.1,2011,1,13,1
-30.534167,24.961944,205.0,2011,1,13,1
-28.460833,21.248889,244.7,2011,1,13,1
-29.658056,25.973333,186.90001,2011,1,14,1
-28.760833,17.730278,257.5,2011,1,16,1
-25.513889,31.224444,149.40001,2011,1,17,1
-26.861111,28.884722,161.0,2011,1,17,1
-31.554722,29.245556,123.700005,2011,1,17,1
-28.058889,30.373611,158.0,2011,1,17,1
-25.127778,27.628889,169.3,2011,1,18,1
-25.20639,27.558,170.0,2011,1,18,1
-24.69514,27.40906,172.90001,2011,1,18,1
-25.681111,31.783333,149.2,2011,1,18,1
-27.802778,28.768333,159.1,2011,1,18,1
-27.398611,26.614722,191.90001,2011,1,18,1
-31.104278,29.399722,134.1,2011,1,18,1
-31.396,29.2651,134.5,2011,1,18,1
-33.38056,19.30167,194.3,2011,1,18,1
-33.31388889,19.07472222,205.90001,2011,1,18,1
-27.495556,26.074722,194.2,2011,1,18,1
-24.39619444,27.08983333,169.2,2011,1,19,1
-26.970278,27.211111,173.90001,2011,1,19,1
-26.880278,26.965,175.5,2011,1,19,1
-27.273889,28.49,164.3,2011,1,19,1
-27.3,28.586944,163.40001,2011,1,19,1
-27.044444,27.005,178.7,2011,1,19,1
-30.568333,29.422778,137.7,2011,1,19,1
-30.570833,29.150556,138.90001,2011,1,19,1
-34.031944,22.053333,157.5,2011,1,19,1
-33.13083,18.86278,207.1,2011,1,19,1
-33.7075,18.97444444,200.3,2011,1,19,1
-25.57877778,29.12747222,161.6,2011,1,19,1
-26.006389,29.253889,152.0,2011,1,20,1
-27.02314,28.59389,163.1,2011,1,20,1
-30.679722,26.7125,180.90001,2011,1,20,1
-28.460833,21.248889,244.7,2011,1,20,1
-30.77586667,29.03221667,141.5,2011,1,20,1
-24.925278,29.324444,162.40001,2011,1,21,1
-28.460833,21.248889,244.7,2011,1,21,1
-24.679167,30.8025,143.3,2011,1,24,1
-25.99136,27.84208,161.1,2011,1,24,1
-25.49037,30.6986,144.7,2011,1,24,1
-26.970278,27.211111,173.90001,2011,1,24,1
-27.671111,27.236944,182.90001,2011,1,24,1
-27.356667,27.286389,182.40001,2011,1,24,1
-27.01011111,26.69808333,183.5,2011,1,25,1
-26.98472222,26.63227778,181.40001,2011,1,25,1
-27.398611,26.614722,191.90001,2011,1,25,1
-33.818056,19.694722,201.8,2011,1,25,1
-25.45963889,28.26430556,164.5,2011,1,25,1
-33.897778,20.012778,196.1,2011,1,25,1
-25.81048333,27.90955222,164.1,2011,1,26,1
-34.065833,20.404167,179.3,2011,1,26,1
-24.058889,31.237222,154.6,2011,1,26,1
-26.648056,27.089444,170.90001,2011,1,26,1
-26.880278,26.965,175.5,2011,1,26,1
-27.273889,28.49,164.3,2011,1,26,1
-27.044444,27.005,178.7,2011,1,26,1
-34.092222,21.295278,173.1,2011,1,26,1
-27.02314,28.59389,163.1,2011,1,27,1
-26.73806,27.59194,168.1,2011,1,27,1
-28.760833,17.730278,257.5,2011,1,30,1
-26.861111,28.884722,161.0,2011,1,31,1
-26.73806,27.59194,168.1,2011,1,31,1
-25.127778,27.628889,169.3,2011,1,2,1
-24.69514,27.40906,172.90001,2011,1,2,1
-27.363611,31.783333,154.40001,2011,1,2,1
-27.802778,28.768333,159.1,2011,1,2,1
-29.160278,26.573333,190.1,2011,1,2,1
-34.329722,18.990278,158.2,2011,1,2,1
-25.20639,27.558,170.0,2011,2,2,1
-23.281,30.54305556,154.40001,2011,3,2,1
-28.801278,31.955389,150.2,2011,3,2,1
-27.00222,28.76528,161.6,2011,3,2,1
-27.02314,28.59389,163.1,2011,3,2,1
-27.3,28.586944,163.40001,2011,3,2,1
-30.679722,26.7125,180.90001,2011,3,2,1
-28.460833,21.248889,244.7,2011,3,2,1
-28.460833,21.248889,244.7,2011,4,2,2
-29.140556,31.391944,143.5,2011,7,2,3
-25.99136,27.84208,161.1,2011,7,2,3
-24.058889,31.237222,154.6,2011,7,2,3
-26.73806,27.59194,168.1,2011,7,2,3
-30.86013889,29.07125,140.6,2011,7,2,3
-27.356667,27.286389,182.40001,2011,7,2,3
-28.058889,30.373611,158.0,2011,7,2,3
-27.01011111,26.69808333,183.5,2011,8,2,3
-27.169444,29.233889,157.3,2011,8,2,3
-26.98472222,26.63227778,181.40001,2011,8,2,3
-27.398611,26.614722,191.90001,2011,8,2,3
-27.573056,24.746389,208.40001,2011,8,2,3
-33.501667,21.624167,189.1,2011,8,2,3
-32.502778,19.535833,233.40001,2011,8,2,3
-25.45963889,28.26430556,164.5,2011,8,2,3
-26.970278,27.211111,173.90001,2011,9,2,3
-27.273889,28.49,164.3,2011,9,2,3
-28.69485,28.23487,160.7,2011,9,2,3
-28.883333,27.89,164.2,2011,9,2,3
-27.02314,28.59389,163.1,2011,10,2,4
-30.679722,26.7125,180.90001,2011,10,2,4
-30.534167,24.961944,205.0,2011,10,2,4
-34.031944,22.053333,157.5,2011,10,2,4
-34.039722,22.133333,156.0,2011,10,2,4
-32.595833,19.009444,218.5,2011,10,2,4
-28.801278,31.955389,150.2,2011,11,2,4
-29.658056,25.973333,186.90001,2011,11,2,4
-28.068333,31.55,159.1,2011,11,2,4
-28.760833,17.730278,257.5,2011,2,13,1
-29.7775,29.470833,138.3,2011,2,14,1
-29.987778,29.851667,136.0,2011,2,14,1
-29.744167,29.905833,141.6,2011,2,14,1
-26.861111,28.884722,161.0,2011,2,14,1
-26.45,28.085833,162.5,2011,2,14,1
-31.396,29.2651,134.5,2011,2,14,1
-25.20639,27.558,170.0,2011,2,15,1
-24.69514,27.40906,172.90001,2011,2,15,1
-26.006389,29.253889,152.0,2011,2,15,1
-27.802778,28.768333,159.1,2011,2,15,1
-27.398611,26.614722,191.90001,2011,2,15,1
-27.671111,27.236944,182.90001,2011,2,15,1
-29.160278,26.573333,190.1,2011,2,15,1
-30.568333,29.422778,137.7,2011,2,15,1
-30.570833,29.150556,138.90001,2011,2,15,1
-33.38056,19.30167,194.3,2011,2,15,1
-33.31388889,19.07472222,205.90001,2011,2,15,1
-27.495556,26.074722,194.2,2011,2,15,1
-25.436111,31.982222,148.90001,2011,2,16,1
-24.39619444,27.08983333,169.2,2011,2,16,1
-25.67386,31.57527,154.8,2011,2,16,1
-30.733889,29.828333,132.40001,2011,2,16,1
-30.398056,30.601944,134.7,2011,2,16,1
-27.273889,28.49,164.3,2011,2,16,1
-27.3,28.586944,163.40001,2011,2,16,1
-27.044444,27.005,178.7,2011,2,16,1
-30.86013889,29.07125,140.6,2011,2,16,1
-30.77586667,29.03221667,141.5,2011,2,16,1
-33.13083,18.86278,207.1,2011,2,16,1
-24.925278,29.324444,162.40001,2011,2,17,1
-27.00222,28.76528,161.6,2011,2,17,1
-27.02314,28.59389,163.1,2011,2,17,1
-22.43772222,31.07805556,172.0,2011,2,18,1
-29.803611,30.516111,134.2,2011,2,18,1
-25.99136,27.84208,161.1,2011,2,21,1
-26.861111,28.884722,161.0,2011,2,21,1
-26.73806,27.59194,168.1,2011,2,21,1
-26.45,28.085833,162.5,2011,2,21,1
-27.01011111,26.69808333,183.5,2011,2,22,1
-27.169444,29.233889,157.3,2011,2,22,1
-26.98472222,26.63227778,181.40001,2011,2,22,1
-27.398611,26.614722,191.90001,2011,2,22,1
-29.160278,26.573333,190.1,2011,2,22,1
-33.818056,19.694722,201.8,2011,2,22,1
-25.81048333,27.90955222,164.1,2011,2,23,1
-29.641944,30.6875,139.7,2011,2,23,1
-34.065833,20.404167,179.3,2011,2,23,1
-33.980556,21.653333,164.5,2011,2,23,1
-22.769722,30.886944,159.8,2011,2,23,1
-27.00222,28.76528,161.6,2011,2,23,1
-27.02314,28.59389,163.1,2011,2,23,1
-27.38972222,26.46388889,193.3,2011,2,23,1
-27.398611,26.614722,191.90001,2011,2,23,1
-27.671111,27.236944,182.90001,2011,2,23,1
-27.356667,27.286389,182.40001,2011,2,23,1
-33.897778,20.012778,196.1,2011,2,23,1
-23.763056,27.908611,156.3,2011,2,24,1
-23.23572222,27.717,162.0,2011,2,24,1
-28.44555556,32.325,144.8,2011,2,24,1
-30.679722,26.7125,180.90001,2011,2,24,1
-30.160091,27.40124,171.3,2011,2,24,1
-30.336111,27.359444,171.90001,2011,2,24,1
-28.460833,21.248889,244.7,2011,2,24,1
-22.91028,29.61111,151.90001,2011,2,25,1
-28.760833,17.730278,257.5,2011,2,27,1
-24.183889,30.823889,152.3,2011,1,3,1
-27.398611,26.614722,191.90001,2011,1,3,1
-27.671111,27.236944,182.90001,2011,1,3,1
-29.160278,26.573333,190.1,2011,1,3,1
-27.495556,26.074722,194.2,2011,1,3,1
-23.658056,31.05,156.40001,2011,2,3,1
-26.648056,27.089444,170.90001,2011,2,3,1
-27.802778,28.768333,159.1,2011,2,3,1
-24.679167,30.8025,143.3,2011,3,3,1
-27.273889,28.49,164.3,2011,3,3,1
-27.3,28.586944,163.40001,2011,3,3,1
-30.679722,26.7125,180.90001,2011,3,3,1
-27.02314,28.59389,163.1,2011,4,3,2
-25.99136,27.84208,161.1,2011,7,3,3
-31.554722,29.245556,123.700005,2011,7,3,3
-27.01011111,26.69808333,183.5,2011,8,3,3
-27.802778,28.768333,159.1,2011,8,3,3
-26.98472222,26.63227778,181.40001,2011,8,3,3
-27.398611,26.614722,191.90001,2011,8,3,3
-27.671111,27.236944,182.90001,2011,8,3,3
-29.160278,26.573333,190.1,2011,8,3,3
-31.396,29.2651,134.5,2011,8,3,3
-25.45963889,28.26430556,164.5,2011,8,3,3
-25.81048333,27.90955222,164.1,2011,9,3,3
-22.225556,29.990556,164.1,2011,9,3,3
-26.03611,30.99778,155.6,2011,9,3,3
-28.404444,30.013056,160.6,2011,9,3,3
-29.380556,30.2775,134.90001,2011,9,3,3
-26.648056,27.089444,170.90001,2011,9,3,3
-26.970278,27.211111,173.90001,2011,9,3,3
-27.273889,28.49,164.3,2011,9,3,3
-27.3,28.586944,163.40001,2011,9,3,3
-27.044444,27.005,178.7,2011,9,3,3
-28.69485,28.23487,160.7,2011,9,3,3
-28.883333,27.89,164.2,2011,9,3,3
-30.568333,29.422778,137.7,2011,9,3,3
-30.570833,29.150556,138.90001,2011,9,3,3
-34.329722,18.990278,158.2,2011,9,3,3
-30.830556,26.921389,175.90001,2011,10,3,4
-25.49037,30.6986,144.7,2011,10,3,4
-29.380556,30.2775,134.90001,2011,10,3,4
-30.86013889,29.07125,140.6,2011,10,3,4
-30.77586667,29.03221667,141.5,2011,10,3,4
-29.658056,25.973333,186.90001,2011,11,3,4
-30.534167,24.961944,205.0,2011,11,3,4
-31.031389,28.883333,138.90001,2011,11,3,4
-34.039722,22.133333,156.0,2011,11,3,4
-28.760833,17.730278,257.5,2011,3,13,1
-29.7775,29.470833,138.3,2011,3,14,1
-29.987778,29.851667,136.0,2011,3,14,1
-29.744167,29.905833,141.6,2011,3,14,1
-26.861111,28.884722,161.0,2011,3,14,1
-26.73806,27.59194,168.1,2011,3,14,1
-26.45,28.085833,162.5,2011,3,14,1
-25.127778,27.628889,169.3,2011,3,15,1
-25.20639,27.558,170.0,2011,3,15,1
-24.69514,27.40906,172.90001,2011,3,15,1
-25.73411,27.21422,164.0,2011,3,15,1
-26.006389,29.253889,152.0,2011,3,15,1
-28.747778,31.745833,152.90001,2011,3,15,1
-30.733889,29.828333,132.40001,2011,3,15,1
-27.398611,26.614722,191.90001,2011,3,15,1
-27.495556,26.074722,194.2,2011,3,15,1
-24.282222,28.090278,155.40001,2011,3,16,1
-30.398056,30.601944,134.7,2011,3,16,1
-30.27402,30.69602,134.40001,2011,3,16,1
-26.880278,26.965,175.5,2011,3,16,1
-27.273889,28.49,164.3,2011,3,16,1
-34.031944,22.053333,157.5,2011,3,16,1
-23.763056,27.908611,156.3,2011,3,17,1
-27.00222,28.76528,161.6,2011,3,17,1
-27.02314,28.59389,163.1,2011,3,17,1
-24.925278,29.324444,162.40001,2011,3,18,1
-29.803611,30.516111,134.2,2011,3,18,1
-26.970278,27.211111,173.90001,2011,3,21,1
-27.01011111,26.69808333,183.5,2011,3,22,1
-25.99136,27.84208,161.1,2011,3,22,1
-26.861111,28.884722,161.0,2011,3,22,1
-26.45,28.085833,162.5,2011,3,22,1
-27.398611,26.614722,191.90001,2011,3,22,1
-33.501667,21.624167,189.1,2011,3,22,1
-33.31388889,19.07472222,205.90001,2011,3,22,1
-28.338333,31.373611,148.5,2011,3,22,1
-29.641944,30.6875,139.7,2011,3,23,1
-28.735556,29.820556,157.90001,2011,3,23,1
-26.648056,27.089444,170.90001,2011,3,23,1
-27.044444,27.005,178.7,2011,3,23,1
-29.160278,26.573333,190.1,2011,3,23,1
-33.13083,18.86278,207.1,2011,3,23,1
-25.45963889,28.26430556,164.5,2011,3,23,1
-25.81048333,27.90955222,164.1,2011,3,24,1
-27.602222,29.942778,165.8,2011,3,24,1
-27.3,28.586944,163.40001,2011,3,24,1
-33.38056,19.30167,194.3,2011,3,24,1
-27.00222,28.76528,161.6,2011,3,25,1
-27.02314,28.59389,163.1,2011,3,25,1
-30.160091,27.40124,171.3,2011,3,25,1
-30.336111,27.359444,171.90001,2011,3,25,1
-28.760833,17.730278,257.5,2011,3,27,1
-22.43772222,31.07805556,172.0,2011,3,28,1
-26.73806,27.59194,168.1,2011,3,28,1
-25.127778,27.628889,169.3,2011,3,29,1
-25.20639,27.558,170.0,2011,3,29,1
-24.69514,27.40906,172.90001,2011,3,29,1
-27.169444,29.233889,157.3,2011,3,29,1
-26.98472222,26.63227778,181.40001,2011,3,29,1
-28.141944,26.417778,192.90001,2011,3,29,1
-28.116667,26.725278,188.7,2011,3,29,1
-27.398611,26.614722,191.90001,2011,3,29,1
-29.160278,26.573333,190.1,2011,3,29,1
-27.495556,26.074722,194.2,2011,3,29,1
-34.065833,20.404167,179.3,2011,3,30,1
-27.363611,31.783333,154.40001,2011,3,30,1
-26.905,32.324722,159.5,2011,3,30,1
-28.75,30.442778,161.1,2011,3,30,1
-29.161667,30.629722,137.6,2011,3,30,1
-26.880278,26.965,175.5,2011,3,30,1
-27.398611,26.614722,191.90001,2011,3,30,1
-28.69485,28.23487,160.7,2011,3,30,1
-28.883333,27.89,164.2,2011,3,30,1
-33.818056,19.694722,201.8,2011,3,30,1
-34.075556,20.145556,183.2,2011,3,30,1
-27.00222,28.76528,161.6,2011,3,31,1
-27.02314,28.59389,163.1,2011,3,31,1
-30.679722,26.7125,180.90001,2011,3,31,1
-30.534167,24.961944,205.0,2011,3,31,1
-33.897778,20.012778,196.1,2011,3,31,1
-22.769722,30.886944,159.8,2011,1,4,1
-27.802778,28.768333,159.1,2011,1,4,1
-27.5275,30.858056,150.3,2011,2,4,1
-25.99136,27.84208,161.1,2011,4,4,2
-25.513889,31.224444,149.40001,2011,4,4,2
-25.398889,31.610556,146.8,2011,4,4,2
-24.183889,30.823889,152.3,2011,5,4,2
-23.281,30.54305556,154.40001,2011,5,4,2
-25.362222,31.956667,146.6,2011,5,4,2
-29.380556,30.2775,134.90001,2011,5,4,2
-27.398611,26.614722,191.90001,2011,5,4,2
-25.45963889,28.26430556,164.5,2011,5,4,2
-25.81048333,27.90955222,164.1,2011,6,4,2
-23.658056,31.05,156.40001,2011,6,4,2
-24.058889,31.237222,154.6,2011,6,4,2
-24.034167,31.123611,153.8,2011,6,4,2
-24.99328,30.81444,131.40001,2011,6,4,2
-25.14944444,31.94055556,146.8,2011,6,4,2
-27.937778,31.209444,154.3,2011,6,4,2
-28.404444,30.013056,160.6,2011,6,4,2
-26.880278,26.965,175.5,2011,6,4,2
-31.000833,26.353056,181.2,2011,6,4,2
-24.679167,30.8025,143.3,2011,7,4,3
-24.99328,30.81444,131.40001,2011,7,4,3
-27.02314,28.59389,163.1,2011,7,4,3
-28.760833,17.730278,257.5,2011,10,4,4
-26.73806,27.59194,168.1,2011,10,4,4
-25.49037,30.6986,144.7,2011,11,4,4
-29.987778,29.851667,136.0,2011,11,4,4
-29.744167,29.905833,141.6,2011,11,4,4
-26.861111,28.884722,161.0,2011,11,4,4
-26.970278,27.211111,173.90001,2011,11,4,4
-26.45,28.085833,162.5,2011,11,4,4
-31.396,29.2651,134.5,2011,11,4,4
-31.554722,29.245556,123.700005,2011,11,4,4
-27.356667,27.286389,182.40001,2011,11,4,4
-25.447222,30.711667,146.6,2011,11,4,4
-27.01011111,26.69808333,183.5,2011,12,4,4
-25.127778,27.628889,169.3,2011,12,4,4
-25.20639,27.558,170.0,2011,12,4,4
-24.69514,27.40906,172.90001,2011,12,4,4
-25.73411,27.21422,164.0,2011,12,4,4
-26.006389,29.253889,152.0,2011,12,4,4
-26.03611,30.99778,155.6,2011,12,4,4
-28.801278,31.955389,150.2,2011,12,4,4
-30.733889,29.828333,132.40001,2011,12,4,4
-27.169444,29.233889,157.3,2011,12,4,4
-27.802778,28.768333,159.1,2011,12,4,4
-26.98472222,26.63227778,181.40001,2011,12,4,4
-27.398611,26.614722,191.90001,2011,12,4,4
-29.160278,26.573333,190.1,2011,12,4,4
-30.568333,29.422778,137.7,2011,12,4,4
-30.570833,29.150556,138.90001,2011,12,4,4
-33.501667,21.624167,189.1,2011,12,4,4
-27.495556,26.074722,194.2,2011,12,4,4
-25.57877778,29.12747222,161.6,2011,12,4,4
-28.801278,31.955389,150.2,2011,4,13,2
-30.398056,30.601944,134.7,2011,4,13,2
-30.27402,30.69602,134.40001,2011,4,13,2
-26.648056,27.089444,170.90001,2011,4,13,2
-27.044444,27.005,178.7,2011,4,13,2
-31.031389,28.883333,138.90001,2011,4,13,2
-30.86013889,29.07125,140.6,2011,4,13,2
-24.925278,29.324444,162.40001,2011,4,14,2
-27.00222,28.76528,161.6,2011,4,14,2
-27.02314,28.59389,163.1,2011,4,14,2
-30.160091,27.40124,171.3,2011,4,14,2
-30.336111,27.359444,171.90001,2011,4,14,2
-30.830556,26.921389,175.90001,2011,4,15,2
-27.902778,24.615556,208.0,2011,4,15,2
-34.031944,22.053333,157.5,2011,4,15,2
-29.803611,30.516111,134.2,2011,4,15,2
-22.43772222,31.07805556,172.0,2011,4,16,2
-25.99136,27.84208,161.1,2011,4,18,2
-34.039722,22.133333,156.0,2011,4,18,2
-28.735556,29.820556,157.90001,2011,4,19,2
-27.802778,28.768333,159.1,2011,4,19,2
-33.38056,19.30167,194.3,2011,4,19,2
-33.31388889,19.07472222,205.90001,2011,4,19,2
-27.356667,27.286389,182.40001,2011,4,19,2
-28.068333,31.55,159.1,2011,4,19,2
-27.398611,26.614722,191.90001,2011,4,20,2
-29.160278,26.573333,190.1,2011,4,20,2
-30.830556,26.921389,175.90001,2011,4,21,2
-27.363611,31.783333,154.40001,2011,4,21,2
-27.044444,27.005,178.7,2011,4,21,2
-27.902778,24.615556,208.0,2011,4,21,2
-28.760833,17.730278,257.5,2011,4,25,2
-26.861111,28.884722,161.0,2011,4,25,2
-26.970278,27.211111,173.90001,2011,4,25,2
-26.45,28.085833,162.5,2011,4,25,2
-27.01011111,26.69808333,183.5,2011,4,26,2
-25.127778,27.628889,169.3,2011,4,26,2
-25.20639,27.558,170.0,2011,4,26,2
-24.69514,27.40906,172.90001,2011,4,26,2
-27.169444,29.233889,157.3,2011,4,26,2
-26.98472222,26.63227778,181.40001,2011,4,26,2
-27.398611,26.614722,191.90001,2011,4,26,2
-27.495556,26.074722,194.2,2011,4,26,2
-34.065833,20.404167,179.3,2011,4,27,2
-28.75,30.442778,161.1,2011,4,27,2
-29.161667,30.629722,137.6,2011,4,27,2
-26.880278,26.965,175.5,2011,4,27,2
-33.897778,20.012778,196.1,2011,4,28,2
-25.99136,27.84208,161.1,2011,2,5,1
-29.380556,30.2775,134.90001,2011,3,5,1
-26.45,28.085833,162.5,2011,3,5,1
-27.902778,24.615556,208.0,2011,3,5,1
-25.45963889,28.26430556,164.5,2011,3,5,1
-25.57877778,29.12747222,161.6,2011,3,5,1
-25.81048333,27.90955222,164.1,2011,4,5,2
-26.006389,29.253889,152.0,2011,4,5,2
-28.404444,30.013056,160.6,2011,4,5,2
-27.802778,28.768333,159.1,2011,4,5,2
-27.356667,27.286389,182.40001,2011,4,5,2
-27.937778,31.209444,154.3,2011,5,5,2
-27.5275,30.858056,150.3,2011,5,5,2
-27.3,28.586944,163.40001,2011,5,5,2
-27.398611,26.614722,191.90001,2011,5,5,2
-27.00222,28.76528,161.6,2011,6,5,2
-27.02314,28.59389,163.1,2011,6,5,2
-26.648056,27.089444,170.90001,2011,6,5,2
-26.970278,27.211111,173.90001,2011,6,5,2
-28.760833,17.730278,257.5,2011,8,5,3
-29.7775,29.470833,138.3,2011,9,5,3
-29.744167,29.905833,141.6,2011,9,5,3
-26.861111,28.884722,161.0,2011,9,5,3
-26.970278,27.211111,173.90001,2011,9,5,3
-31.104278,29.399722,134.1,2011,9,5,3
-25.127778,27.628889,169.3,2011,10,5,4
-25.20639,27.558,170.0,2011,10,5,4
-24.69514,27.40906,172.90001,2011,10,5,4
-24.058889,31.237222,154.6,2011,10,5,4
-24.034167,31.123611,153.8,2011,10,5,4
-28.747778,31.745833,152.90001,2011,10,5,4
-30.733889,29.828333,132.40001,2011,10,5,4
-26.98472222,26.63227778,181.40001,2011,10,5,4
-27.398611,26.614722,191.90001,2011,10,5,4
-29.160278,26.573333,190.1,2011,10,5,4
-31.396,29.2651,134.5,2011,10,5,4
-33.501667,21.624167,189.1,2011,10,5,4
-32.502778,19.535833,233.40001,2011,10,5,4
-31.5653,18.3306,208.7,2011,10,5,4
-27.495556,26.074722,194.2,2011,10,5,4
-24.183889,30.823889,152.3,2011,11,5,4
-28.801278,31.955389,150.2,2011,11,5,4
-30.398056,30.601944,134.7,2011,11,5,4
-30.27402,30.69602,134.40001,2011,11,5,4
-27.00222,28.76528,161.6,2011,11,5,4
-27.02314,28.59389,163.1,2011,11,5,4
-27.273889,28.49,164.3,2011,11,5,4
-27.4275,28.525833,163.6,2011,11,5,4
-27.044444,27.005,178.7,2011,11,5,4
-22.225556,29.990556,179.5,2014,11,24,4
-30.568333,29.422778,137.7,2011,11,5,4
-30.570833,29.150556,138.90001,2011,11,5,4
-32.595833,19.009444,218.5,2011,11,5,4
-29.140556,31.391944,143.5,2011,12,5,4
-29.641944,30.6875,139.7,2011,12,5,4
-24.679167,30.8025,143.3,2011,12,5,4
-30.830556,26.921389,175.90001,2011,12,5,4
-30.13573889,30.67422222,136.5,2011,12,5,4
-26.73806,27.59194,168.1,2011,12,5,4
-31.000833,26.353056,181.2,2011,12,5,4
-22.225556,29.990556,192.8,2015,7,30,3
-22.225556,29.990556,192.8,2015,3,8,1
-30.679722,26.7125,180.90001,2011,12,5,4
-31.031389,28.883333,138.90001,2011,12,5,4
-30.86013889,29.07125,140.6,2011,12,5,4
-30.77586667,29.03221667,141.5,2011,12,5,4
-24.925278,29.324444,162.40001,2011,5,13,2
-29.658056,25.973333,186.90001,2011,5,13,2
-30.534167,24.961944,205.0,2011,5,13,2
-29.803611,30.516111,134.2,2011,5,13,2
-25.447222,30.711667,146.6,2011,5,13,2
-25.99136,27.84208,161.1,2011,5,16,2
-25.513889,31.224444,149.40001,2011,5,16,2
-26.861111,28.884722,161.0,2011,5,16,2
-26.970278,27.211111,173.90001,2011,5,16,2
-34.031944,22.053333,157.5,2011,5,16,2
-34.039722,22.133333,156.0,2011,5,16,2
-33.38056,19.30167,194.3,2011,5,16,2
-33.31388889,19.07472222,205.90001,2011,5,16,2
-27.01011111,26.69808333,183.5,2011,5,17,2
-25.436111,31.982222,148.90001,2011,5,17,2
-25.681111,31.783333,149.2,2011,5,17,2
-25.67386,31.57527,154.8,2011,5,17,2
-26.98472222,26.63227778,181.40001,2011,5,17,2
-27.398611,26.614722,191.90001,2011,5,17,2
-25.45963889,28.26430556,164.5,2011,5,17,2
-28.338333,31.373611,148.5,2011,5,17,2
-28.068333,31.55,159.1,2011,5,17,2
-25.81048333,27.90955222,164.1,2011,5,18,2
-24.768889,31.39,148.6,2011,5,18,2
-26.880278,26.965,175.5,2011,5,18,2
-28.801278,31.955389,150.2,2011,5,19,2
-27.169444,29.233889,157.3,2011,5,19,2
-25.447222,30.711667,146.6,2011,5,19,2
-22.548889,28.898056,161.40001,2011,5,20,2
-22.43772222,31.07805556,172.0,2011,5,20,2
-27.902778,24.615556,208.0,2011,5,20,2
-28.760833,17.730278,257.5,2011,5,22,2
-25.49037,30.6986,144.7,2011,5,23,2
-28.75,30.442778,161.1,2011,5,23,2
-26.73806,27.59194,168.1,2011,5,23,2
-26.45,28.085833,162.5,2011,5,23,2
-27.356667,27.286389,182.40001,2011,5,23,2
-22.935,28.004167,164.0,2011,5,24,2
-33.980556,21.653333,164.5,2011,5,24,2
-25.127778,27.628889,169.3,2011,5,24,2
-25.20639,27.558,170.0,2011,5,24,2
-24.69514,27.40906,172.90001,2011,5,24,2
-27.363611,31.783333,154.40001,2011,5,24,2
-27.169444,29.233889,157.3,2011,5,24,2
-27.802778,28.768333,159.1,2011,5,24,2
-28.141944,26.417778,192.90001,2011,5,24,2
-28.116667,26.725278,188.7,2011,5,24,2
-27.398611,26.614722,191.90001,2011,5,24,2
-27.671111,27.236944,182.90001,2011,5,24,2
-28.69485,28.23487,160.7,2011,5,24,2
-34.092222,21.295278,173.1,2011,5,24,2
-27.495556,26.074722,194.2,2011,5,24,2
-34.065833,20.404167,179.3,2011,5,25,2
-23.23572222,27.717,162.0,2011,5,25,2
-28.75,30.442778,161.1,2011,5,25,2
-29.161667,30.629722,137.6,2011,5,25,2
-26.648056,27.089444,170.90001,2011,5,25,2
-27.273889,28.49,164.3,2011,5,25,2
-27.4275,28.525833,163.6,2011,5,25,2
-27.3,28.586944,163.40001,2011,5,25,2
-27.398611,26.614722,191.90001,2011,5,25,2
-27.044444,27.005,178.7,2011,5,25,2
-30.679722,26.7125,180.90001,2011,5,25,2
-34.250556,20.9925,179.40001,2011,5,25,2
-33.818056,19.694722,201.8,2011,5,25,2
-34.075556,20.145556,183.2,2011,5,25,2
-30.398056,30.601944,134.7,2011,5,26,2
-30.27402,30.69602,134.40001,2011,5,26,2
-27.00222,28.76528,161.6,2011,5,26,2
-27.02314,28.59389,163.1,2011,5,26,2
-27.671111,27.236944,182.90001,2011,5,26,2
-27.356667,27.286389,182.40001,2011,5,26,2
-33.897778,20.012778,196.1,2011,5,26,2
-27.902778,24.615556,208.0,2011,5,27,2
-22.91028,29.61111,151.90001,2011,5,28,2
-25.99136,27.84208,161.1,2011,5,30,2
-26.861111,28.884722,161.0,2011,5,30,2
-26.970278,27.211111,173.90001,2011,5,30,2
-26.45,28.085833,162.5,2011,5,30,2
-27.01011111,26.69808333,183.5,2011,5,31,2
-29.380556,30.2775,134.90001,2011,5,31,2
-27.802778,28.768333,159.1,2011,5,31,2
-26.98472222,26.63227778,181.40001,2011,5,31,2
-27.398611,26.614722,191.90001,2011,5,31,2
-29.160278,26.573333,190.1,2011,5,31,2
-25.45963889,28.26430556,164.5,2011,5,31,2
-25.81048333,27.90955222,164.1,2011,1,6,1
-28.404444,30.013056,160.6,2011,1,6,1
-27.00222,28.76528,161.6,2011,1,6,1
-27.02314,28.59389,163.1,2011,1,6,1
-26.648056,27.089444,170.90001,2011,1,6,1
-27.3,28.586944,163.40001,2011,1,6,1
-27.044444,27.005,178.7,2011,1,6,1
-28.058889,30.373611,158.0,2011,1,6,1
-27.937778,31.209444,154.3,2011,2,6,1
-27.5275,30.858056,150.3,2011,2,6,1
-30.568333,29.422778,137.7,2011,4,6,2
-28.760833,17.730278,257.5,2011,5,6,2
-29.7775,29.470833,138.3,2011,6,6,2
-29.987778,29.851667,136.0,2011,6,6,2
-29.744167,29.905833,141.6,2011,6,6,2
-26.73806,27.59194,168.1,2011,6,6,2
-31.104278,29.399722,134.1,2011,6,6,2
-31.396,29.2651,134.5,2011,6,6,2
-31.554722,29.245556,123.700005,2011,6,6,2
-25.57877778,29.12747222,161.6,2011,6,6,2
-25.127778,27.628889,169.3,2011,7,6,3
-25.20639,27.558,170.0,2011,7,6,3
-24.69514,27.40906,172.90001,2011,7,6,3
-23.658056,31.05,156.40001,2011,7,6,3
-26.006389,29.253889,152.0,2011,7,6,3
-28.747778,31.745833,152.90001,2011,7,6,3
-30.733889,29.828333,132.40001,2011,7,6,3
-27.169444,29.233889,157.3,2011,7,6,3
-27.398611,26.614722,191.90001,2011,7,6,3
-30.86013889,29.07125,140.6,2011,7,6,3
-30.570833,29.150556,138.90001,2011,7,6,3
-30.77586667,29.03221667,141.5,2011,7,6,3
-27.495556,26.074722,194.2,2011,7,6,3
-30.830556,26.921389,175.90001,2011,8,6,3
-22.769722,30.886944,159.8,2011,8,6,3
-30.398056,30.601944,134.7,2011,8,6,3
-30.27402,30.69602,134.40001,2011,8,6,3
-27.02314,28.59389,163.1,2011,8,6,3
-26.880278,26.965,175.5,2011,8,6,3
-29.140556,31.391944,143.5,2011,9,6,3
-24.925278,29.324444,162.40001,2011,9,6,3
-27.902778,24.615556,208.0,2011,10,6,4
-29.803611,30.516111,134.2,2011,10,6,4
-31.5653,18.3306,208.7,2011,12,6,4
-25.99136,27.84208,161.1,2011,6,13,2
-27.671111,27.236944,182.90001,2011,6,13,2
-27.356667,27.286389,182.40001,2011,6,13,2
-31.860278,18.6875,216.7,2011,6,14,2
-24.679167,30.8025,143.3,2011,6,14,2
-28.735556,29.820556,157.90001,2011,6,14,2
-26.861111,28.884722,161.0,2011,6,14,2
-27.00222,28.76528,161.6,2011,6,14,2
-26.45,28.085833,162.5,2011,6,14,2
-27.398611,26.614722,191.90001,2011,6,14,2
-34.031944,22.053333,157.5,2011,6,14,2
-25.45963889,28.26430556,164.5,2011,6,14,2
-28.338333,31.373611,148.5,2011,6,14,2
-28.068333,31.55,159.1,2011,6,14,2
-25.81048333,27.90955222,164.1,2011,6,15,2
-30.830556,26.921389,175.90001,2011,6,15,2
-24.058889,31.237222,154.6,2011,6,15,2
-24.034167,31.123611,153.8,2011,6,15,2
-27.3,28.586944,163.40001,2011,6,15,2
-33.501667,21.624167,189.1,2011,6,15,2
-27.602222,29.942778,165.8,2011,6,16,2
-30.679722,26.7125,180.90001,2011,6,16,2
-28.760833,17.730278,257.5,2011,6,19,2
-27.602222,29.942778,165.8,2011,6,20,2
-28.883333,27.89,164.2,2011,6,20,2
-25.436111,31.982222,148.90001,2011,6,21,2
-25.127778,27.628889,169.3,2011,6,21,2
-25.20639,27.558,170.0,2011,6,21,2
-24.69514,27.40906,172.90001,2011,6,21,2
-25.681111,31.783333,149.2,2011,6,21,2
-26.970278,27.211111,173.90001,2011,6,21,2
-26.73806,27.59194,168.1,2011,6,21,2
-34.039722,22.133333,156.0,2011,6,21,2
-33.38056,19.30167,194.3,2011,6,21,2
-33.31388889,19.07472222,205.90001,2011,6,21,2
-27.356667,27.286389,182.40001,2011,6,21,2
-29.161667,23.696389,223.1,2011,6,22,2
-27.01011111,26.69808333,183.5,2011,6,22,2
-25.14944444,31.94055556,146.8,2011,6,22,2
-24.9675,31.516667,150.8,2011,6,22,2
-28.75,30.442778,161.1,2011,6,22,2
-29.161667,30.629722,137.6,2011,6,22,2
-27.169444,29.233889,157.3,2011,6,22,2
-27.02314,28.59389,163.1,2011,6,22,2
-26.98472222,26.63227778,181.40001,2011,6,22,2
-27.398611,26.614722,191.90001,2011,6,22,2
-29.042222,24.6,211.0,2011,6,22,2
-34.092222,21.295278,173.1,2011,6,22,2
-27.495556,26.074722,194.2,2011,6,22,2
-30.27402,30.69602,134.40001,2011,6,23,2
-26.648056,27.089444,170.90001,2011,6,23,2
-26.880278,26.965,175.5,2011,6,23,2
-27.044444,27.005,178.7,2011,6,23,2
-28.376944,24.303056,211.8,2011,6,23,2
-29.028629,24.638389,209.7,2011,6,23,2
-28.69485,28.23487,160.7,2011,6,23,2
-25.398889,31.610556,146.8,2011,6,24,2
-27.573056,24.746389,208.40001,2011,6,24,2
-27.902778,24.615556,208.0,2011,6,24,2
-26.861111,28.884722,161.0,2011,6,27,2
-27.02314,28.59389,163.1,2011,6,27,2
-26.45,28.085833,162.5,2011,6,27,2
-31.396,29.2651,134.5,2011,6,27,2
-24.670833,28.560833,158.7,2011,6,28,2
-29.380556,30.2775,134.90001,2011,6,28,2
-31.104278,29.399722,134.1,2011,6,28,2
-33.818056,19.694722,201.8,2011,6,28,2
-29.161667,23.696389,223.1,2011,6,29,2
-25.81048333,27.90955222,164.1,2011,6,29,2
-24.282222,28.090278,155.40001,2011,6,29,2
-23.23572222,27.717,162.0,2011,6,29,2
-26.03611,30.99778,155.6,2011,6,29,2
-27.937778,31.209444,154.3,2011,6,29,2
-28.404444,30.013056,160.6,2011,6,29,2
-27.02314,28.59389,163.1,2011,6,29,2
-28.141944,26.417778,192.90001,2011,6,29,2
-28.1175,26.719444,188.7,2011,6,29,2
-29.033333,23.983333,217.7,2011,6,29,2
-30.568333,29.422778,137.7,2011,6,29,2
-25.447222,30.711667,146.6,2011,6,29,2
-27.01011111,26.69808333,183.5,2011,6,30,2
-22.935,28.004167,164.0,2011,6,30,2
-22.91028,29.61111,151.90001,2011,6,30,2
-27.5275,30.858056,150.3,2011,6,30,2
-26.648056,27.089444,170.90001,2011,6,30,2
-26.970278,27.211111,173.90001,2011,6,30,2
-26.880278,26.965,175.5,2011,6,30,2
-27.38972222,26.46388889,193.3,2011,6,30,2
-26.98472222,26.63227778,181.40001,2011,6,30,2
-34.065833,20.404167,118.4,2012,10,1,4
-34.065833,20.404167,178.8,2012,1,2,1
-34.065833,20.404167,178.8,2012,2,29,1
-27.398611,26.614722,191.90001,2011,6,30,2
-31.031389,28.883333,138.90001,2011,6,30,2
-30.86013889,29.07125,140.6,2011,6,30,2
-30.77586667,29.03221667,141.5,2011,6,30,2
-27.356667,27.286389,182.40001,2011,6,30,2
-33.897778,20.012778,196.1,2011,6,30,2
-22.43772222,31.07805556,172.0,2011,2,7,1
-28.760833,17.730278,257.5,2011,3,7,1
-29.7775,29.470833,138.3,2011,4,7,2
-29.987778,29.851667,136.0,2011,4,7,2
-29.744167,29.905833,141.6,2011,4,7,2
-26.73806,27.59194,168.1,2011,4,7,2
-30.830556,26.921389,175.90001,2011,5,7,2
-25.127778,27.628889,169.3,2011,5,7,2
-25.20639,27.558,170.0,2011,5,7,2
-24.69514,27.40906,172.90001,2011,5,7,2
-23.658056,31.05,156.40001,2011,5,7,2
-30.733889,29.828333,132.40001,2011,5,7,2
-27.169444,29.233889,157.3,2011,5,7,2
-34.065833,20.404167,178.0,2014,1,21,1
-34.065833,20.404167,178.0,2014,11,2,4
-34.065833,20.404167,178.0,2014,11,3,4
-27.671111,27.236944,182.90001,2011,5,7,2
-28.69485,28.23487,160.7,2011,5,7,2
-28.883333,27.89,164.2,2011,5,7,2
-29.161667,23.696389,223.1,2011,6,7,2
-30.27402,30.69602,134.40001,2011,6,7,2
-27.00222,28.76528,161.6,2011,6,7,2
-27.02314,28.59389,163.1,2011,6,7,2
-27.398611,26.614722,191.90001,2011,6,7,2
-34.065833,20.404167,177.6,2015,2,24,1
-27.044444,27.005,178.7,2011,6,7,2
-34.405833,19.600556,158.7,2011,6,7,2
-27.495556,26.074722,194.2,2011,6,7,2
-28.376944,24.303056,211.8,2011,7,7,3
-34.065833,20.404167,177.6,2015,10,27,4
-27.573056,24.746389,208.40001,2011,8,7,3
-27.902778,24.615556,208.0,2011,8,7,3
-28.460833,21.248889,244.7,2011,8,7,3
-29.803611,30.516111,134.2,2011,8,7,3
-28.96362,19.15486,263.0,2011,9,7,3
-25.99136,27.84208,173.1,2011,11,7,4
-26.45,28.085833,170.6,2011,11,7,4
-26.98472222,26.63227778,188.5,2011,11,7,4
-29.160278,26.573333,200.0,2011,11,7,4
-23.281,30.54305556,166.7,2011,12,7,4
-27.02314,28.59389,168.3,2011,12,7,4
-26.648056,27.089444,179.7,2011,12,7,4
-26.970278,27.211111,181.3,2011,12,7,4
-26.880278,26.965,182.1,2011,12,7,4
-27.044444,27.005,184.5,2011,12,7,4
-29.160278,26.573333,200.0,2011,12,7,4
-30.160091,27.40124,181.7,2011,12,7,4
-28.883333,27.89,170.6,2011,12,7,4
-34.039722,22.133333,164.8,2011,12,7,4
-32.502778,19.535833,229.8,2011,12,7,4
-31.5653,18.3306,222.7,2011,12,7,4
-34.005833,22.351111,158.6,2011,12,7,4
-25.45963889,28.26430556,177.0,2011,12,7,4
-29.161667,23.696389,226.6,2011,7,13,3
-25.81048333,27.90955222,176.0,2011,7,13,3
-29.641944,30.6875,148.0,2011,7,13,3
-22.769722,30.886944,174.6,2011,7,13,3
-29.033333,23.983333,221.90001,2011,7,13,3
-34.02861,22.22222,162.2,2011,7,13,3
-31.860278,18.6875,231.8,2011,7,14,3
-27.602222,29.942778,167.3,2011,7,14,3
-27.3,28.586944,168.1,2011,7,14,3
-27.573056,24.746389,215.5,2011,7,14,3
-29.033333,23.983333,221.90001,2011,7,14,3
-30.160091,27.40124,181.7,2011,7,14,3
-30.336111,27.359444,182.7,2011,7,14,3
-34.250556,20.9925,186.8,2011,7,14,3
-25.362222,31.956667,156.6,2011,7,15,3
-25.14944444,31.94055556,159.7,2011,7,15,3
-29.658056,25.973333,201.6,2011,7,15,3
-31.000833,26.353056,196.2,2011,7,15,3
-30.534167,24.961944,217.8,2011,7,15,3
-28.760833,17.730278,249.8,2011,7,17,3
-26.861111,28.884722,164.90001,2011,7,18,3
-26.73806,27.59194,174.5,2011,7,18,3
-28.69485,28.23487,165.0,2011,7,18,3
-25.127778,27.628889,187.5,2011,7,19,3
-25.20639,27.558,185.90001,2011,7,19,3
-24.69514,27.40906,187.7,2011,7,19,3
-27.169444,29.233889,162.0,2011,7,19,3
-33.38056,19.30167,206.7,2011,7,19,3
-33.31388889,19.07472222,216.90001,2011,7,19,3
-27.495556,26.074722,200.7,2011,7,19,3
-29.161667,23.696389,226.6,2011,7,20,3
-27.01011111,26.69808333,189.3,2011,7,20,3
-28.75,30.442778,166.6,2011,7,20,3
-29.161667,30.629722,144.3,2011,7,20,3
-30.534167,24.961944,217.8,2011,7,20,3
-34.092222,21.295278,181.40001,2011,7,20,3
-33.13083,18.86278,210.1,2011,7,20,3
-31.000833,26.353056,196.2,2011,7,21,3
-33.7075,18.97444444,212.8,2011,7,21,3
-25.99136,27.84208,173.1,2011,7,25,3
-26.861111,28.884722,164.90001,2011,7,25,3
-26.006389,29.253889,159.90001,2011,7,26,3
-29.380556,30.2775,144.1,2011,7,26,3
-26.648056,27.089444,179.7,2011,7,26,3
-26.880278,26.965,182.1,2011,7,26,3
-26.98472222,26.63227778,188.5,2011,7,26,3
-28.141944,26.417778,196.40001,2011,7,26,3
-27.044444,27.005,184.5,2011,7,26,3
-33.501667,21.624167,193.40001,2011,7,26,3
-25.45963889,28.26430556,177.0,2011,7,26,3
-29.161667,23.696389,226.6,2011,7,27,3
-25.81048333,27.90955222,176.0,2011,7,27,3
-34.065833,20.404167,194.90001,2011,7,27,3
-23.23572222,27.717,179.8,2011,7,27,3
-27.4275,28.525833,167.7,2011,7,27,3
-27.935,26.126667,196.7,2011,7,27,3
-29.033333,23.983333,221.90001,2011,7,27,3
-34.075556,20.145556,197.40001,2011,7,27,3
-22.91028,29.61111,163.1,2011,7,28,3
-24.925278,29.324444,177.1,2011,7,28,3
-26.905,32.324722,169.7,2011,7,28,3
-27.38972222,26.46388889,197.5,2011,7,28,3
-27.398611,26.614722,195.8,2011,7,28,3
-27.671111,27.236944,188.3,2011,7,28,3
-28.404444,30.013056,165.40001,2011,7,29,3
-28.058889,30.373611,160.6,2011,7,29,3
-28.760833,17.730278,249.8,2011,7,31,3
-29.7775,29.470833,144.7,2011,1,8,1
-29.987778,29.851667,144.90001,2011,1,8,1
-29.744167,29.905833,150.0,2011,1,8,1
-27.169444,29.233889,162.0,2011,1,8,1
-26.45,28.085833,170.6,2011,1,8,1
-27.4,26.624722,195.8,2011,1,8,1
-25.127778,27.628889,187.5,2011,2,8,1
-25.20639,27.558,185.90001,2011,2,8,1
-24.69514,27.40906,187.7,2011,2,8,1
-30.733889,29.828333,142.2,2011,2,8,1
-27.802778,28.768333,162.6,2011,2,8,1
-30.160091,27.40124,181.7,2011,2,8,1
-30.336111,27.359444,182.7,2011,2,8,1
-34.405833,19.600556,174.1,2011,2,8,1
-27.01011111,26.69808333,189.3,2011,3,8,1
-30.830556,26.921389,190.3,2011,3,8,1
-30.398056,30.601944,148.3,2011,3,8,1
-27.00222,28.76528,166.1,2011,3,8,1
-27.02314,28.59389,168.3,2011,3,8,1
-26.970278,27.211111,181.3,2011,3,8,1
-27.4275,28.525833,167.7,2011,3,8,1
-27.3,28.586944,168.1,2011,3,8,1
-27.398611,26.614722,195.8,2011,3,8,1
-30.679722,26.7125,195.0,2011,3,8,1
-27.495556,26.074722,200.7,2011,3,8,1
-29.803611,30.516111,143.8,2011,5,8,2
-26.73806,27.59194,174.5,2011,7,8,3
-25.99136,27.84208,173.1,2011,8,8,3
-26.861111,28.884722,164.90001,2011,8,8,3
-26.45,28.085833,170.6,2011,8,8,3
-29.160278,26.573333,200.0,2011,8,8,3
-27.01011111,26.69808333,189.3,2011,9,8,3
-27.00222,28.76528,166.1,2011,9,8,3
-26.880278,26.965,182.1,2011,9,8,3
-26.98472222,26.63227778,188.5,2011,9,8,3
-28.69485,28.23487,165.0,2011,9,8,3
-29.615556,27.065278,188.5,2011,9,8,3
-28.883333,27.89,170.6,2011,9,8,3
-25.45963889,28.26430556,177.0,2011,9,8,3
-29.161667,23.696389,226.6,2011,10,8,4
-25.81048333,27.90955222,176.0,2011,10,8,4
-29.641944,30.6875,148.0,2011,10,8,4
-27.602222,29.942778,167.3,2011,10,8,4
-31.554722,29.245556,142.40001,2011,10,8,4
-34.039722,22.133333,164.8,2011,10,8,4
-32.502778,19.535833,229.8,2011,10,8,4
-31.5653,18.3306,222.7,2011,10,8,4
-31.860278,18.6875,231.8,2011,11,8,4
-30.830556,26.921389,190.3,2011,11,8,4
-22.43772222,31.07805556,186.90001,2011,11,8,4
-28.735556,29.820556,164.1,2011,11,8,4
-31.000833,26.353056,196.2,2011,11,8,4
-30.679722,26.7125,195.0,2011,11,8,4
-30.160091,27.40124,181.7,2011,11,8,4
-30.336111,27.359444,182.7,2011,11,8,4
-30.568333,29.422778,146.90001,2011,11,8,4
-30.570833,29.150556,148.90001,2011,11,8,4
-31.104278,29.399722,148.3,2011,11,8,4
-34.250556,20.9925,186.8,2011,11,8,4
-27.573056,24.746389,215.5,2011,12,8,4
-29.658056,25.973333,201.6,2011,12,8,4
-30.534167,24.961944,217.8,2011,12,8,4
-28.460833,21.248889,249.2,2011,12,8,4
-30.86013889,29.07125,153.2,2011,12,8,4
-30.77586667,29.03221667,154.1,2011,12,8,4
-23.838611,31.640833,180.5,2011,8,13,3
-28.760833,17.730278,249.8,2011,8,14,3
-26.970278,27.211111,181.3,2011,8,15,3
-26.73806,27.59194,174.5,2011,8,15,3
-27.044444,27.005,184.5,2011,8,15,3
-24.679167,30.8025,151.40001,2011,8,16,3
-25.127778,27.628889,187.5,2011,8,16,3
-25.20639,27.558,185.90001,2011,8,16,3
-24.69514,27.40906,187.7,2011,8,16,3
-27.169444,29.233889,162.0,2011,8,16,3
-26.648056,27.089444,179.7,2011,8,16,3
-29.160278,26.573333,200.0,2011,8,16,3
-33.38056,19.30167,206.7,2011,8,16,3
-33.31388889,19.07472222,216.90001,2011,8,16,3
-27.495556,26.074722,200.7,2011,8,16,3
-29.161667,23.696389,226.6,2011,8,17,3
-22.769722,30.886944,174.6,2011,8,17,3
-24.058889,31.237222,171.8,2011,8,17,3
-28.75,30.442778,166.6,2011,8,17,3
-29.161667,30.629722,144.3,2011,8,17,3
-27.802778,28.768333,162.6,2011,8,17,3
-29.033333,23.983333,221.90001,2011,8,17,3
-33.980556,21.653333,164.5,2011,6,4,2
-33.980556,21.653333,178.8,2011,8,17,3
-33.980556,21.653333,178.8,2011,9,27,3
-33.980556,21.653333,178.8,2011,10,25,4
-33.980556,21.653333,178.8,2011,11,29,4
-33.980556,21.653333,157.40001,2012,2,15,1
-33.980556,21.653333,157.40001,2012,4,18,2
-33.980556,21.653333,157.40001,2012,5,16,2
-33.980556,21.653333,157.40001,2012,12,6,4
-33.980556,21.653333,157.40001,2012,5,7,2
-33.980556,21.653333,176.5,2012,7,8,3
-33.980556,21.653333,176.5,2012,5,9,2
-33.980556,21.653333,176.5,2012,3,10,1
-33.980556,21.653333,176.5,2012,6,11,2
-33.980556,21.653333,176.5,2012,3,12,1
-33.980556,21.653333,164.6,2013,1,29,1
-33.980556,21.653333,164.6,2013,2,28,1
-33.980556,21.653333,164.6,2013,10,3,4
-33.980556,21.653333,164.6,2013,3,19,1
-33.980556,21.653333,164.6,2013,5,15,2
-33.980556,21.653333,164.6,2013,12,6,4
-33.980556,21.653333,162.6,2013,7,18,3
-33.980556,21.653333,162.6,2013,8,14,3
-33.980556,21.653333,162.6,2013,11,9,4
-33.980556,21.653333,162.6,2013,8,10,3
-34.092222,21.295278,181.40001,2011,8,17,3
-33.980556,21.653333,162.6,2013,5,12,2
-33.980556,21.653333,58.0,2014,7,1,3
-33.980556,21.653333,161.40001,2014,2,18,1
-33.980556,21.653333,161.40001,2014,11,3,4
-33.980556,21.653333,161.40001,2014,10,4,4
-33.980556,21.653333,161.40001,2014,5,13,2
-33.980556,21.653333,161.40001,2014,10,6,4
-33.980556,21.653333,161.40001,2014,8,7,3
-33.980556,21.653333,181.3,2014,8,21,3
-33.980556,21.653333,181.3,2014,11,9,4
-33.980556,21.653333,181.3,2014,10,14,4
-33.980556,21.653333,181.3,2014,11,11,4
-33.980556,21.653333,181.3,2014,2,12,1
-33.980556,21.653333,166.7,2015,1,15,1
-33.980556,21.653333,166.7,2015,2,17,1
-33.980556,21.653333,166.7,2015,10,3,4
-33.980556,21.653333,166.7,2015,4,14,2
-33.980556,21.653333,166.7,2015,5,19,2
-33.980556,21.653333,166.7,2015,8,18,3
-33.980556,21.653333,166.7,2015,9,15,3
-33.980556,21.653333,166.7,2015,10,20,4
-33.980556,21.653333,166.7,2015,11,17,4
-33.980556,21.653333,166.7,2015,9,12,3
-24.183889,30.823889,170.0,2011,8,18,3
-23.281,30.54305556,166.7,2011,8,18,3
-27.671111,27.236944,188.3,2011,8,18,3
-27.902778,24.615556,221.90001,2011,8,18,3
-28.376944,24.303056,220.8,2011,8,18,3
-29.658056,25.973333,201.6,2011,8,18,3
-30.534167,24.961944,217.8,2011,8,18,3
-22.225556,29.990556,178.2,2011,8,22,3
-24.282222,28.090278,170.3,2011,8,22,3
-25.99136,27.84208,173.1,2011,8,22,3
-29.380556,30.2775,144.1,2011,8,22,3
-26.861111,28.884722,164.90001,2011,8,22,3
-26.45,28.085833,170.6,2011,8,22,3
-30.830556,26.921389,190.3,2011,8,23,3
-25.73411,27.21422,176.7,2011,8,23,3
-29.380556,30.2775,144.1,2011,8,23,3
-28.141944,26.417778,196.40001,2011,8,23,3
-30.679722,26.7125,195.0,2011,8,23,3
-33.501667,21.624167,193.40001,2011,8,23,3
-25.57877778,29.12747222,172.40001,2011,8,23,3
-29.161667,23.696389,226.6,2011,8,24,3
-34.065833,20.404167,194.90001,2011,8,24,3
-23.23572222,27.717,179.8,2011,8,24,3
-28.404444,30.013056,165.40001,2011,8,24,3
-27.38972222,26.46388889,197.5,2011,8,24,3
-27.398611,26.614722,195.8,2011,8,24,3
-27.044444,27.005,184.5,2011,8,24,3
-29.033333,23.983333,221.90001,2011,8,24,3
-33.818056,19.694722,212.1,2011,8,24,3
-34.075556,20.145556,197.40001,2011,8,24,3
-28.058889,30.373611,160.6,2011,8,24,3
-27.4,26.624722,195.8,2011,8,24,3
-27.01011111,26.69808333,189.3,2011,8,25,3
-22.225556,29.990556,178.2,2011,8,25,3
-22.91028,29.61111,163.1,2011,8,25,3
-24.925278,29.324444,177.1,2011,8,25,3
-30.398056,30.601944,148.3,2011,8,25,3
-30.27402,30.69602,148.0,2011,8,25,3
-26.648056,27.089444,179.7,2011,8,25,3
-26.970278,27.211111,181.3,2011,8,25,3
-26.880278,26.965,182.1,2011,8,25,3
-27.38972222,26.46388889,197.5,2011,8,25,3
-23.763056,27.908611,179.0,2014,7,25,3
-23.763056,27.908611,179.0,2014,8,13,3
-26.98472222,26.63227778,188.5,2011,8,25,3
-29.028629,24.638389,218.40001,2011,8,25,3
-23.763056,27.908611,179.0,2014,12,22,4
-33.897778,20.012778,199.8,2011,8,25,3
-29.641944,30.6875,148.0,2011,8,26,3
-27.937778,31.209444,161.7,2011,8,26,3
-27.671111,27.236944,188.3,2011,8,26,3
-27.573056,24.746389,215.5,2011,8,26,3
-23.763056,27.908611,190.7,2015,8,19,3
-23.763056,27.908611,190.7,2015,9,9,3
-28.460833,21.248889,249.2,2011,8,26,3
-28.760833,17.730278,249.8,2011,8,28,3
-27.169444,29.233889,162.0,2011,8,29,3
-26.73806,27.59194,174.5,2011,8,29,3
-25.127778,27.628889,187.5,2011,8,30,3
-25.20639,27.558,185.90001,2011,8,30,3
-24.69514,27.40906,187.7,2011,8,30,3
-27.00222,28.76528,166.1,2011,8,30,3
-34.405833,19.600556,174.1,2011,8,30,3
-27.495556,26.074722,200.7,2011,8,30,3
-29.161667,23.696389,226.6,2011,8,31,3
-34.329722,18.990278,170.40001,2011,8,31,3
-25.447222,30.711667,160.3,2011,8,31,3
-29.161667,23.696389,226.6,2011,1,9,1
-27.902778,24.615556,221.90001,2011,2,9,1
-25.99136,27.84208,173.1,2011,5,9,2
-26.861111,28.884722,164.90001,2011,5,9,2
-26.45,28.085833,170.6,2011,5,9,2
-29.160278,26.573333,200.0,2011,5,9,2
-28.768056,20.720556,262.5,2011,5,9,2
-25.73411,27.21422,176.7,2011,6,9,2
-29.380556,30.2775,144.1,2011,6,9,2
-27.398611,26.614722,195.8,2011,6,9,2
-27.671111,27.236944,188.3,2011,6,9,2
-28.69485,28.23487,165.0,2011,6,9,2
-29.615556,27.065278,188.5,2011,6,9,2
-28.883333,27.89,170.6,2011,6,9,2
-31.104278,29.399722,148.3,2011,6,9,2
-31.396,29.2651,149.90001,2011,6,9,2
-31.554722,29.245556,142.40001,2011,6,9,2
-34.039722,22.133333,164.8,2011,6,9,2
-25.81048333,27.90955222,176.0,2011,7,9,3
-29.641944,30.6875,148.0,2011,7,9,3
-31.860278,18.6875,231.8,2011,7,9,3
-27.602222,29.942778,167.3,2011,7,9,3
-27.02314,28.59389,168.3,2011,7,9,3
-27.4275,28.525833,167.7,2011,7,9,3
-27.3,28.586944,168.1,2011,7,9,3
-27.044444,27.005,184.5,2011,7,9,3
-29.033333,23.983333,221.90001,2011,7,9,3
-30.160091,27.40124,181.7,2011,7,9,3
-30.336111,27.359444,182.7,2011,7,9,3
-30.568333,29.422778,146.90001,2011,7,9,3
-30.86013889,29.07125,153.2,2011,7,9,3
-30.77586667,29.03221667,154.1,2011,7,9,3
-34.02861,22.22222,162.2,2011,7,9,3
-30.830556,26.921389,190.3,2011,8,9,3
-30.398056,30.601944,148.3,2011,8,9,3
-30.27402,30.69602,148.0,2011,8,9,3
-29.033333,23.983333,221.90001,2011,8,9,3
-30.679722,26.7125,195.0,2011,8,9,3
-31.031389,28.883333,150.7,2011,8,9,3
-34.031944,22.053333,166.40001,2011,8,9,3
-29.658056,25.973333,201.6,2011,9,9,3
-31.000833,26.353056,196.2,2011,9,9,3
-28.760833,17.730278,249.8,2011,10,9,4
-26.970278,27.211111,181.3,2011,12,9,4
-27.01011111,26.69808333,189.3,2011,9,13,3
-24.679167,30.8025,151.40001,2011,9,13,3
-24.183889,30.823889,170.0,2011,9,13,3
-25.127778,27.628889,187.5,2011,9,13,3
-25.20639,27.558,185.90001,2011,9,13,3
-24.69514,27.40906,187.7,2011,9,13,3
-24.925278,29.324444,177.1,2011,9,13,3
-29.161667,30.629722,144.3,2011,9,13,3
-26.648056,27.089444,179.7,2011,9,13,3
-26.880278,26.965,182.1,2011,9,13,3
-27.802778,28.768333,162.6,2011,9,13,3
-26.98472222,26.63227778,188.5,2011,9,13,3
-29.033333,23.983333,221.90001,2011,9,13,3
-30.679722,26.7125,195.0,2011,9,13,3
-31.396,29.2651,149.90001,2011,9,13,3
-33.38056,19.30167,206.7,2011,9,13,3
-33.31388889,19.07472222,216.90001,2011,9,13,3
-27.495556,26.074722,200.7,2011,9,13,3
-24.058889,31.237222,171.8,2011,9,14,3
-28.75,30.442778,166.6,2011,9,14,3
-29.380556,30.2775,144.1,2011,9,14,3
-26.73806,27.59194,174.5,2011,9,14,3
-27.4275,28.525833,167.7,2011,9,14,3
-27.3,28.586944,168.1,2011,9,14,3
-29.042222,24.6,219.5,2011,9,14,3
-29.028629,24.638389,218.40001,2011,9,14,3
-30.160091,27.40124,181.7,2011,9,14,3
-34.250556,20.9925,186.8,2011,9,14,3
-33.7075,18.97444444,212.8,2011,9,14,3
-29.161667,23.696389,226.6,2011,9,15,3
-30.398056,30.601944,148.3,2011,9,15,3
-27.169444,29.233889,162.0,2011,9,15,3
-27.00222,28.76528,166.1,2011,9,15,3
-27.902778,24.615556,221.90001,2011,9,16,3
-28.460833,21.248889,249.2,2011,9,16,3
-30.27402,30.69602,148.0,2011,9,19,3
-26.861111,28.884722,164.90001,2011,9,19,3
-26.970278,27.211111,181.3,2011,9,19,3
-27.01011111,26.69808333,189.3,2011,9,20,3
-24.058889,31.237222,171.8,2011,9,20,3
-27.937778,31.209444,161.7,2011,9,20,3
-29.380556,30.2775,144.1,2011,9,20,3
-27.00222,28.76528,166.1,2011,9,20,3
-26.648056,27.089444,179.7,2011,9,20,3
-26.880278,26.965,182.1,2011,9,20,3
-26.98472222,26.63227778,188.5,2011,9,20,3
-33.501667,21.624167,193.40001,2011,9,20,3
-28.058889,30.373611,160.6,2011,9,20,3
-25.57877778,29.12747222,172.40001,2011,9,20,3
-29.161667,23.696389,226.6,2011,9,21,3
-25.81048333,27.90955222,176.0,2011,9,21,3
-34.065833,20.404167,194.90001,2011,9,21,3
-27.5275,30.858056,157.2,2011,9,21,3
-28.404444,30.013056,165.40001,2011,9,21,3
-28.141944,26.417778,196.40001,2011,9,21,3
-29.033333,23.983333,221.90001,2011,9,21,3
-33.818056,19.694722,212.1,2011,9,21,3
-34.075556,20.145556,197.40001,2011,9,21,3
-29.161667,23.696389,226.6,2011,9,22,3
-27.38972222,26.46388889,197.5,2011,9,22,3
-27.398611,26.614722,195.8,2011,9,22,3
-33.897778,20.012778,199.8,2011,9,22,3
-29.641944,30.6875,148.0,2011,9,23,3
-28.760833,17.730278,249.8,2011,9,24,3
-29.641944,30.6875,148.0,2011,9,24,3
-25.513889,31.224444,158.8,2011,9,26,3
-29.7775,29.470833,144.7,2011,9,26,3
-29.987778,29.851667,144.90001,2011,9,26,3
-29.744167,29.905833,150.0,2011,9,26,3
-27.169444,29.233889,162.0,2011,9,26,3
-26.73806,27.59194,174.5,2011,9,26,3
-26.45,28.085833,170.6,2011,9,26,3
-31.396,29.2651,149.90001,2011,9,26,3
-31.554722,29.245556,142.40001,2011,9,26,3
-24.282222,28.090278,170.3,2011,9,27,3
-25.127778,27.628889,187.5,2011,9,27,3
-25.20639,27.558,185.90001,2011,9,27,3
-23.281,30.54305556,166.7,2011,9,27,3
-28.747778,31.745833,160.90001,2011,9,27,3
-30.733889,29.828333,142.2,2011,9,27,3
-27.273889,28.49,168.40001,2011,9,27,3
-27.3,28.586944,168.1,2011,9,27,3
-30.568333,29.422778,146.90001,2011,9,27,3
-31.104278,29.399722,148.3,2011,9,27,3
-34.092222,21.295278,181.40001,2011,9,27,3
-34.405833,19.600556,174.1,2011,9,27,3
-29.161667,23.696389,226.6,2011,9,28,3
-22.935,28.004167,178.0,2011,9,28,3
-23.763056,27.908611,174.6,2011,9,28,3
-24.768889,31.39,163.2,2011,9,28,3
-28.801278,31.955389,161.2,2011,9,28,3
-30.27402,30.69602,148.0,2011,9,28,3
-27.802778,28.768333,162.6,2011,9,28,3
-27.398611,26.614722,195.8,2011,9,28,3
-31.031389,28.883333,150.7,2011,9,28,3
-30.86013889,29.07125,153.2,2011,9,28,3
-30.77586667,29.03221667,154.1,2011,9,28,3
-27.495556,26.074722,200.7,2011,9,28,3
-24.99328,30.81444,140.5,2011,9,29,3
-30.13573889,30.67422222,148.7,2011,9,29,3
-27.573056,24.746389,215.5,2011,9,30,3
-27.902778,24.615556,221.90001,2011,9,30,3
-29.803611,30.516111,143.8,2011,9,30,3
-26.861111,28.884722,164.90001,2011,3,10,1
-29.160278,26.573333,200.0,2011,3,10,1
-26.03611,30.99778,165.5,2011,4,10,2
-27.398611,26.614722,195.8,2011,4,10,2
-27.671111,27.236944,188.3,2011,4,10,2
-30.160091,27.40124,181.7,2011,4,10,2
-30.336111,27.359444,182.7,2011,4,10,2
-28.69485,28.23487,165.0,2011,4,10,2
-28.883333,27.89,170.6,2011,4,10,2
-31.5653,18.3306,222.7,2011,4,10,2
-25.45963889,28.26430556,177.0,2011,4,10,2
-28.338333,31.373611,157.5,2011,4,10,2
-28.068333,31.55,166.40001,2011,4,10,2
-27.4,26.624722,195.8,2011,4,10,2
-29.161667,23.696389,226.6,2011,5,10,2
-25.81048333,27.90955222,176.0,2011,5,10,2
-29.641944,30.6875,148.0,2011,5,10,2
-31.860278,18.6875,231.8,2011,5,10,2
-27.00222,28.76528,166.1,2011,5,10,2
-27.02314,28.59389,168.3,2011,5,10,2
-27.273889,28.49,168.40001,2011,5,10,2
-27.4275,28.525833,167.7,2011,5,10,2
-27.3,28.586944,168.1,2011,5,10,2
-30.830556,26.921389,190.3,2011,6,10,2
-30.679722,26.7125,195.0,2011,6,10,2
-30.160091,27.40124,181.7,2011,6,10,2
-30.336111,27.359444,182.7,2011,6,10,2
-31.000833,26.353056,196.2,2011,7,10,3
-28.460833,21.248889,249.2,2011,7,10,3
-28.760833,17.730278,249.8,2011,8,10,3
-27.602222,29.942778,167.3,2011,8,10,3
-27.169444,29.233889,162.0,2011,10,10,4
-27.01011111,26.69808333,189.3,2011,11,10,4
-24.183889,30.823889,170.0,2011,11,10,4
-25.127778,27.628889,187.5,2011,11,10,4
-25.20639,27.558,185.90001,2011,11,10,4
-24.69514,27.40906,187.7,2011,11,10,4
-25.73411,27.21422,176.7,2011,11,10,4
-27.363611,31.783333,162.8,2011,11,10,4
-26.648056,27.089444,179.7,2011,11,10,4
-26.970278,27.211111,181.3,2011,11,10,4
-26.880278,26.965,182.1,2011,11,10,4
-26.98472222,26.63227778,188.5,2011,11,10,4
-27.573056,24.746389,215.5,2011,11,10,4
-29.028629,24.638389,218.40001,2011,11,10,4
-30.160091,27.40124,181.7,2011,11,10,4
-33.31388889,19.07472222,216.90001,2011,11,10,4
-29.161667,23.696389,226.6,2011,12,10,4
-24.058889,31.237222,171.8,2011,12,10,4
-26.905,32.324722,169.7,2011,12,10,4
-26.73806,27.59194,174.5,2011,12,10,4
-31.000833,26.353056,196.2,2011,12,10,4
-30.679722,26.7125,195.0,2011,12,10,4
-33.7075,18.97444444,212.8,2011,12,10,4
-24.679167,30.8025,151.40001,2011,10,13,4
-34.250556,20.9925,186.8,2011,10,13,4
-34.031944,22.053333,166.40001,2011,10,13,4
-34.039722,22.133333,164.8,2011,10,13,4
-34.02861,22.22222,162.2,2011,10,14,4
-27.01011111,26.69808333,189.3,2011,10,17,4
-25.99136,27.84208,173.1,2011,10,17,4
-26.861111,28.884722,164.90001,2011,10,17,4
-26.73806,27.59194,174.5,2011,10,17,4
-26.98472222,26.63227778,188.5,2011,10,17,4
-29.042222,24.6,219.5,2011,10,17,4
-29.380556,30.2775,144.1,2011,10,18,4
-27.00222,28.76528,166.1,2011,10,18,4
-26.648056,27.089444,179.7,2011,10,18,4
-26.970278,27.211111,181.3,2011,10,18,4
-26.880278,26.965,182.1,2011,10,18,4
-28.141944,26.417778,196.40001,2011,10,18,4
-31.436944,20.474722,228.40001,2011,10,18,4
-33.501667,21.624167,193.40001,2011,10,18,4
-33.818056,19.694722,212.1,2011,10,18,4
-25.45963889,28.26430556,177.0,2011,10,18,4
-28.7115,24.07288889,223.2,2011,10,19,4
-25.81048333,27.90955222,176.0,2011,10,19,4
-26.006389,29.253889,159.90001,2011,10,19,4
-29.1825,23.575556,226.2,2011,10,19,4
-34.075556,20.145556,197.40001,2011,10,19,4
-27.5275,30.858056,157.2,2011,10,20,4
-28.404444,30.013056,165.40001,2011,10,20,4
-27.38972222,26.46388889,197.5,2011,10,20,4
-29.028629,24.638389,218.40001,2011,10,20,4
-28.058889,30.373611,160.6,2011,10,20,4
-25.57877778,29.12747222,172.40001,2011,10,20,4
-27.937778,31.209444,161.7,2011,10,21,4
-28.760833,17.730278,249.8,2011,10,22,4
-24.058889,31.237222,171.8,2011,10,24,4
-29.7775,29.470833,144.7,2011,10,24,4
-29.987778,29.851667,144.90001,2011,10,24,4
-29.744167,29.905833,150.0,2011,10,24,4
-27.169444,29.233889,162.0,2011,10,24,4
-26.73806,27.59194,174.5,2011,10,24,4
-26.45,28.085833,170.6,2011,10,24,4
-34.065833,20.404167,194.90001,2011,10,25,4
-25.127778,27.628889,187.5,2011,10,25,4
-25.20639,27.558,185.90001,2011,10,25,4
-24.69514,27.40906,187.7,2011,10,25,4
-25.73411,27.21422,176.7,2011,10,25,4
-22.769722,30.886944,174.6,2011,10,25,4
-28.747778,31.745833,160.90001,2011,10,25,4
-30.733889,29.828333,142.2,2011,10,25,4
-31.104278,29.399722,148.3,2011,10,25,4
-30.77586667,29.03221667,154.1,2011,10,25,4
-31.396,29.2651,149.90001,2011,10,25,4
-31.554722,29.245556,142.40001,2011,10,25,4
-34.092222,21.295278,181.40001,2011,10,25,4
-27.495556,26.074722,200.7,2011,10,25,4
-30.398056,30.601944,148.3,2011,10,26,4
-30.27402,30.69602,148.0,2011,10,26,4
-30.568333,29.422778,146.90001,2011,10,26,4
-30.86013889,29.07125,153.2,2011,10,26,4
-30.570833,29.150556,148.90001,2011,10,26,4
-33.897778,20.012778,199.8,2011,10,26,4
-25.447222,30.711667,160.3,2011,10,26,4
-30.13573889,30.67422222,148.7,2011,10,27,4
-31.031389,28.883333,150.7,2011,10,27,4
-34.405833,19.600556,174.1,2011,10,27,4
-27.398611,26.614722,195.8,2011,10,28,4
-27.902778,24.615556,221.90001,2011,10,28,4
-29.803611,30.516111,143.8,2011,10,28,4
-25.99136,27.84208,173.1,2011,10,31,4
-26.861111,28.884722,164.90001,2011,10,31,4
-26.45,28.085833,170.6,2011,10,31,4
-32.502778,19.535833,229.8,2011,10,31,4
-31.860278,18.6875,231.8,2011,1,11,1
-28.735556,29.820556,164.1,2011,1,11,1
-27.00222,28.76528,166.1,2011,1,11,1
-26.880278,26.965,182.1,2011,1,11,1
-27.38972222,26.46388889,197.5,2011,1,11,1
-29.160278,26.573333,200.0,2011,1,11,1
-30.679722,26.7125,195.0,2011,1,11,1
-25.45963889,28.26430556,177.0,2011,1,11,1
-28.338333,31.373611,157.5,2011,1,11,1
-25.81048333,27.90955222,176.0,2011,2,11,1
-29.641944,30.6875,148.0,2011,2,11,1
-28.69485,28.23487,165.0,2011,2,11,1
-29.615556,27.065278,188.5,2011,2,11,1
-29.161667,23.696389,226.6,2011,3,11,1
-28.44555556,32.325,159.2,2011,3,11,1
-27.602222,29.942778,167.3,2011,3,11,1
-30.160091,27.40124,181.7,2011,3,11,1
-30.336111,27.359444,182.7,2011,3,11,1
-28.883333,27.89,170.6,2011,3,11,1
-29.1825,23.575556,226.2,2011,3,11,1
-32.595833,19.009444,231.3,2011,3,11,1
-28.7115,24.07288889,223.2,2011,4,11,2
-30.830556,26.921389,190.3,2011,4,11,2
-27.573056,24.746389,215.5,2011,4,11,2
-30.679722,26.7125,195.0,2011,4,11,2
-28.69485,28.23487,165.0,2011,4,11,2
-28.760833,17.730278,249.8,2011,5,11,2
-29.658056,25.973333,201.6,2011,5,11,2
-31.000833,26.353056,196.2,2011,5,11,2
-27.169444,29.233889,162.0,2011,7,11,3
-26.73806,27.59194,174.5,2011,7,11,3
-27.01011111,26.69808333,189.3,2011,8,11,3
-24.679167,30.8025,151.40001,2011,8,11,3
-24.183889,30.823889,170.0,2011,8,11,3
-25.127778,27.628889,187.5,2011,8,11,3
-25.20639,27.558,185.90001,2011,8,11,3
-24.69514,27.40906,187.7,2011,8,11,3
-27.363611,31.783333,162.8,2011,8,11,3
-29.380556,30.2775,144.1,2011,8,11,3
-26.98472222,26.63227778,188.5,2011,8,11,3
-27.398611,26.614722,195.8,2011,8,11,3
-27.671111,27.236944,188.3,2011,8,11,3
-27.495556,26.074722,200.7,2011,8,11,3
-24.058889,31.237222,171.8,2011,9,11,3
-27.02314,28.59389,168.3,2011,9,11,3
-26.648056,27.089444,179.7,2011,9,11,3
-27.273889,28.49,168.40001,2011,9,11,3
-27.4275,28.525833,167.7,2011,9,11,3
-27.3,28.586944,168.1,2011,9,11,3
-29.161667,30.629722,144.3,2011,10,11,4
-33.38056,19.30167,206.7,2011,10,11,4
-33.31388889,19.07472222,216.90001,2011,10,11,4
-33.13083,18.86278,210.1,2011,10,11,4
-33.7075,18.97444444,212.8,2011,10,11,4
-28.75,30.442778,166.6,2011,11,11,4
-30.733889,29.828333,142.2,2011,11,11,4
-27.5275,30.858056,157.2,2011,12,11,4
-24.670833,28.560833,173.6,2011,11,14,4
-25.99136,27.84208,173.1,2011,11,14,4
-24.925278,29.324444,177.1,2011,11,14,4
-24.282222,28.090278,170.3,2011,11,15,4
-29.380556,30.2775,144.1,2011,11,15,4
-27.00222,28.76528,166.1,2011,11,15,4
-26.648056,27.089444,179.7,2011,11,15,4
-34.031944,22.053333,166.40001,2011,11,15,4
-34.039722,22.133333,164.8,2011,11,15,4
-25.45963889,28.26430556,177.0,2011,11,15,4
-29.161667,23.696389,226.6,2011,11,16,4
-25.81048333,27.90955222,176.0,2011,11,16,4
-22.935,28.004167,178.0,2011,11,16,4
-34.065833,20.404167,194.90001,2011,11,16,4
-27.937778,31.209444,161.7,2011,11,16,4
-28.404444,30.013056,165.40001,2011,11,16,4
-28.141944,26.417778,196.40001,2011,11,16,4
-30.160091,27.40124,181.7,2011,11,16,4
-34.02861,22.22222,162.2,2011,11,16,4
-33.818056,19.694722,212.1,2011,11,16,4
-34.075556,20.145556,197.40001,2011,11,16,4
-34.005833,22.351111,158.6,2011,11,16,4
-28.058889,30.373611,160.6,2011,11,16,4
-22.91028,29.61111,163.1,2011,11,17,4
-27.38972222,26.46388889,197.5,2011,11,17,4
-27.398611,26.614722,195.8,2011,11,17,4
-27.671111,27.236944,188.3,2011,11,17,4
-33.897778,20.012778,199.8,2011,11,17,4
-27.902778,24.615556,221.90001,2011,11,18,4
-28.760833,17.730278,249.8,2011,11,19,4
-29.161667,23.696389,226.6,2011,11,21,4
-27.01011111,26.69808333,189.3,2011,11,21,4
-29.7775,29.470833,144.7,2011,11,21,4
-29.744167,29.905833,150.0,2011,11,21,4
-26.861111,28.884722,164.90001,2011,11,21,4
-26.45,28.085833,170.6,2011,11,21,4
-26.98472222,26.63227778,188.5,2011,11,21,4
-31.554722,29.245556,142.40001,2011,11,21,4
-25.127778,27.628889,187.5,2011,11,22,4
-25.20639,27.558,185.90001,2011,11,22,4
-24.69514,27.40906,187.7,2011,11,22,4
-29.987778,29.851667,144.90001,2011,11,22,4
-27.169444,29.233889,162.0,2011,11,22,4
-26.970278,27.211111,181.3,2011,11,22,4
-26.880278,26.965,182.1,2011,11,22,4
-31.394444,20.947222,234.0,2011,11,22,4
-29.651389,22.746389,230.6,2011,11,22,4
-27.495556,26.074722,200.7,2011,11,22,4
-23.658056,31.05,173.0,2011,11,23,4
-28.747778,31.745833,160.90001,2011,11,23,4
-28.801278,31.955389,161.2,2011,11,23,4
-30.398056,30.601944,148.3,2011,11,23,4
-30.27402,30.69602,148.0,2011,11,23,4
-28.69485,28.23487,165.0,2011,11,23,4
-30.568333,29.422778,146.90001,2011,11,23,4
-30.13573889,30.67422222,148.7,2011,11,24,4
-27.573056,24.746389,215.5,2011,11,24,4
-31.031389,28.883333,150.7,2011,11,24,4
-30.86013889,29.07125,153.2,2011,11,24,4
-30.77586667,29.03221667,154.1,2011,11,24,4
-27.902778,24.615556,221.90001,2011,11,25,4
-29.803611,30.516111,143.8,2011,11,25,4
-25.99136,27.84208,173.1,2011,11,28,4
-30.398056,30.601944,148.3,2011,11,28,4
-30.27402,30.69602,148.0,2011,11,28,4
-27.169444,29.233889,162.0,2011,11,28,4
-26.861111,28.884722,164.90001,2011,11,28,4
-26.73806,27.59194,174.5,2011,11,28,4
-29.160278,26.573333,200.0,2011,11,28,4
-28.735556,29.820556,164.1,2011,11,29,4
-30.679722,26.7125,195.0,2011,11,29,4
-28.69485,28.23487,165.0,2011,11,29,4
-29.615556,27.065278,188.5,2011,11,29,4
-28.883333,27.89,170.6,2011,11,29,4
-25.45963889,28.26430556,177.0,2011,11,29,4
-25.81048333,27.90955222,176.0,2011,11,30,4
-29.641944,30.6875,148.0,2011,11,30,4
-27.602222,29.942778,167.3,2011,11,30,4
-27.02314,28.59389,168.3,2011,11,30,4
-27.273889,28.49,168.40001,2011,11,30,4
-27.4275,28.525833,167.7,2011,11,30,4
-27.3,28.586944,168.1,2011,11,30,4
-30.160091,27.40124,181.7,2011,11,30,4
-30.336111,27.359444,182.7,2011,11,30,4
-25.447222,30.711667,160.3,2011,11,30,4
-30.830556,26.921389,190.3,2011,1,12,1
-27.398611,26.614722,195.8,2011,1,12,1
-31.000833,26.353056,196.2,2011,1,12,1
-29.658056,25.973333,201.6,2011,2,12,1
-28.760833,17.730278,249.8,2011,3,12,1
-28.96362,19.15486,263.0,2011,3,12,1
-24.679167,30.8025,151.40001,2011,6,12,2
-24.183889,30.823889,170.0,2011,6,12,2
-25.127778,27.628889,187.5,2011,6,12,2
-25.20639,27.558,185.90001,2011,6,12,2
-24.69514,27.40906,187.7,2011,6,12,2
-24.39619444,27.08983333,175.2,2014,9,4,3
-29.380556,30.2775,144.1,2011,6,12,2
-27.671111,27.236944,188.3,2011,6,12,2
-29.658056,25.973333,201.6,2011,6,12,2
-33.501667,21.624167,193.40001,2011,6,12,2
-29.161667,23.696389,226.6,2011,7,12,3
-27.01011111,26.69808333,189.3,2011,7,12,3
-29.641944,30.6875,148.0,2011,7,12,3
-24.282222,28.090278,170.3,2011,7,12,3
-24.058889,31.237222,171.8,2011,7,12,3
-26.45,28.085833,170.6,2011,7,12,3
-26.98472222,26.63227778,188.5,2011,7,12,3
-27.398611,26.614722,195.8,2011,7,12,3
-28.69485,28.23487,165.0,2011,7,12,3
-29.1825,23.575556,226.2,2011,7,12,3
-27.4,26.624722,195.8,2011,7,12,3
-27.00222,28.76528,166.1,2011,8,12,3
-26.648056,27.089444,179.7,2011,8,12,3
-26.970278,27.211111,181.3,2011,8,12,3
-26.880278,26.965,182.1,2011,8,12,3
-27.902778,24.615556,221.90001,2011,9,12,3
-28.768056,20.720556,262.5,2011,9,12,3
-27.01011111,26.69808333,189.3,2011,12,12,4
-25.99136,27.84208,173.1,2011,12,12,4
-24.058889,31.237222,171.8,2011,12,12,4
-29.380556,30.2775,144.1,2011,12,12,4
-26.861111,28.884722,164.90001,2011,12,12,4
-26.73806,27.59194,174.5,2011,12,12,4
-26.45,28.085833,170.6,2011,12,12,4
-26.98472222,26.63227778,188.5,2011,12,12,4
-24.925278,29.324444,177.1,2011,12,13,4
-27.169444,29.233889,162.0,2011,12,13,4
-26.648056,27.089444,179.7,2011,12,13,4
-26.970278,27.211111,181.3,2011,12,13,4
-26.880278,26.965,182.1,2011,12,13,4
-29.615556,27.065278,188.5,2011,12,13,4
-31.396,29.2651,149.90001,2011,12,13,4
-33.38056,19.30167,206.7,2011,12,13,4
-33.31388889,19.07472222,216.90001,2011,12,13,4
-29.161667,23.696389,226.6,2011,12,14,4
-25.81048333,27.90955222,176.0,2011,12,14,4
-27.937778,31.209444,161.7,2011,12,14,4
-28.141944,26.417778,196.40001,2011,12,14,4
-28.1175,26.719444,193.3,2011,12,14,4
-30.568333,29.422778,146.90001,2011,12,14,4
-31.104278,29.399722,148.3,2011,12,14,4
-28.058889,30.373611,160.6,2011,12,14,4
-25.447222,30.711667,160.3,2011,12,14,4
-27.5275,30.858056,157.2,2011,12,15,4
-27.398611,26.614722,195.8,2011,12,15,4
-27.671111,27.236944,188.3,2011,12,15,4
-31.031389,28.883333,150.7,2011,12,15,4
-30.86013889,29.07125,153.2,2011,12,15,4
-32.502778,19.535833,229.8,2011,12,19,4
-29.161667,23.696389,226.6,2011,12,20,4
-29.160278,26.573333,200.0,2011,12,20,4
-32.595833,19.009444,231.3,2011,12,20,4
-33.13083,18.86278,210.1,2011,12,20,4
-28.69485,28.23487,165.0,2011,12,21,4
-28.883333,27.89,170.6,2011,12,21,4
-29.1825,23.575556,226.2,2011,12,21,4
-33.7075,18.97444444,212.8,2011,12,21,4
-27.573056,24.746389,215.5,2011,12,22,4
-30.160091,27.40124,181.7,2011,12,22,4
-30.336111,27.359444,182.7,2011,12,22,4
-30.830556,26.921389,190.3,2011,12,23,4
-29.658056,25.973333,201.6,2011,12,23,4
-31.000833,26.353056,196.2,2011,12,23,4
-25.362222,31.956667,156.6,2011,12,26,4
-25.14944444,31.94055556,159.7,2011,12,26,4
-28.735556,29.820556,164.1,2011,12,27,4
-29.641944,30.6875,148.0,2011,12,28,4
-29.758889,30.935278,146.8,2011,12,28,4
-27.602222,29.942778,167.3,2011,12,29,4
-30.398056,30.601944,148.3,2011,12,29,4
-30.27402,30.69602,148.0,2011,12,29,4
-28.760833,17.730278,203.3,2012,3,1,1
-25.99136,27.84208,142.1,2012,3,1,1
-26.861111,28.884722,138.2,2012,3,1,1
-26.73806,27.59194,142.5,2012,3,1,1
-26.45,28.085833,141.2,2012,3,1,1
-27.671111,27.236944,145.5,2012,3,1,1
-27.01011111,26.69808333,116.1,2012,4,1,2
-25.127778,27.628889,121.3,2012,4,1,2
-25.20639,27.558,119.5,2012,4,1,2
-24.69514,27.40906,128.8,2012,4,1,2
-27.169444,29.233889,101.700005,2012,4,1,2
-26.880278,26.965,110.9,2012,4,1,2
-26.98472222,26.63227778,115.8,2012,4,1,2
-27.398611,26.614722,118.6,2012,4,1,2
-25.45963889,28.26430556,117.6,2012,4,1,2
-27.495556,26.074722,117.8,2012,4,1,2
-27.4,26.624722,118.6,2012,4,1,2
-25.81048333,27.90955222,88.200005,2012,5,1,2
-29.161667,30.629722,67.700005,2012,5,1,2
-27.00222,28.76528,80.3,2012,5,1,2
-27.02314,28.59389,81.5,2012,5,1,2
-26.648056,27.089444,87.1,2012,5,1,2
-26.970278,27.211111,85.9,2012,5,1,2
-27.273889,28.49,80.4,2012,5,1,2
-27.4275,28.525833,79.200005,2012,5,1,2
-27.3,28.586944,79.5,2012,5,1,2
-28.376944,24.303056,88.200005,2012,5,1,2
-29.744167,29.905833,61.4,2012,6,1,2
-29.7775,29.470833,107.5,2012,9,1,3
-29.987778,29.851667,105.9,2012,9,1,3
-29.744167,29.905833,105.5,2012,9,1,3
-26.970278,27.211111,146.6,2012,9,1,3
-30.733889,29.828333,107.4,2012,10,1,4
-26.880278,26.965,180.0,2012,10,1,4
-26.98472222,26.63227778,185.0,2012,10,1,4
-33.501667,21.624167,127.0,2012,10,1,4
-30.27402,30.69602,122.1,2012,11,1,4
-33.818056,19.694722,177.0,2012,11,1,4
-30.13573889,30.67422222,132.0,2012,12,1,4
-34.075556,20.145556,183.0,2012,12,1,4
-29.803611,30.516111,128.90001,2012,1,13,1
-24.670833,28.560833,167.7,2012,1,16,1
-26.73806,27.59194,161.40001,2012,1,16,1
-26.45,28.085833,155.90001,2012,1,16,1
-27.044444,27.005,170.3,2012,1,16,1
-31.396,29.2651,131.90001,2012,1,16,1
-31.554722,29.245556,122.9,2012,1,16,1
-25.73411,27.21422,164.0,2011,3,29,1
-27.01011111,26.69808333,175.6,2012,1,17,1
-25.81048333,27.90955222,163.5,2012,1,17,1
-24.679167,30.8025,144.5,2012,1,17,1
-24.183889,30.823889,154.2,2012,1,17,1
-24.282222,28.090278,168.7,2012,1,17,1
-25.99136,27.84208,158.8,2012,1,17,1
-25.20639,27.558,177.0,2012,1,17,1
-27.169444,29.233889,145.40001,2012,1,17,1
-27.00222,28.76528,150.40001,2012,1,17,1
-26.648056,27.089444,165.40001,2012,1,17,1
-26.880278,26.965,168.40001,2012,1,17,1
-25.73411,27.21422,156.2,2013,12,2,4
-27.38972222,26.46388889,184.3,2012,1,17,1
-29.042222,24.6,203.3,2012,1,17,1
-30.679722,26.7125,170.8,2012,1,17,1
-30.160091,27.40124,163.2,2012,1,17,1
-31.104278,29.399722,130.3,2012,1,17,1
-32.502778,19.535833,223.40001,2012,1,17,1
-29.161667,23.696389,204.3,2012,1,18,1
-22.935,28.004167,185.90001,2012,1,18,1
-30.830556,26.921389,167.0,2012,1,18,1
-23.23572222,27.717,185.8,2012,1,18,1
-25.127778,27.628889,176.6,2012,1,18,1
-24.69514,27.40906,185.0,2012,1,18,1
-27.4275,28.525833,150.40001,2012,1,18,1
-25.73411,27.21422,165.7,2014,11,2,4
-28.141944,26.417778,184.3,2012,1,18,1
-25.73411,27.21422,165.7,2014,3,13,1
-27.671111,27.236944,172.1,2012,1,18,1
-25.73411,27.21422,165.7,2014,4,6,2
-25.73411,27.21422,172.5,2014,9,7,3
-30.336111,27.359444,164.1,2012,1,18,1
-32.595833,19.009444,213.8,2012,1,18,1
-25.73411,27.21422,172.5,2014,2,9,1
-25.45963889,28.26430556,167.0,2012,1,18,1
-27.356667,27.286389,171.7,2012,1,18,1
-22.548889,28.898056,183.90001,2012,1,19,1
-22.91028,29.61111,167.40001,2012,1,19,1
-27.398611,26.614722,182.6,2012,1,19,1
-30.679722,26.7125,170.8,2012,1,19,1
-27.356667,27.286389,171.7,2012,1,19,1
-23.658056,31.05,158.7,2012,1,20,1
-30.27402,30.69602,130.7,2012,1,20,1
-27.671111,27.236944,172.1,2012,1,20,1
-27.573056,24.746389,207.0,2012,1,20,1
-27.902778,24.615556,204.3,2012,1,20,1
-28.760833,17.730278,239.2,2012,1,22,1
-27.044444,27.005,170.3,2012,1,23,1
-29.161667,23.696389,204.3,2012,1,24,1
-27.01011111,26.69808333,175.6,2012,1,24,1
-26.880278,26.965,168.40001,2012,1,24,1
-27.273889,28.49,151.8,2012,1,24,1
-27.4275,28.525833,150.40001,2012,1,24,1
-25.73411,27.21422,194.2,2015,6,24,2
-25.73411,27.21422,194.2,2015,7,7,3
-27.3,28.586944,150.5,2012,1,24,1
-31.031389,28.883333,135.2,2012,1,24,1
-30.86013889,29.07125,135.8,2012,1,24,1
-33.31388889,19.07472222,206.90001,2012,1,24,1
-25.45963889,28.26430556,167.0,2012,1,24,1
-29.161667,23.696389,204.3,2012,1,25,1
-29.042222,24.6,203.3,2012,1,25,1
-29.028629,24.638389,203.0,2012,1,25,1
-30.568333,29.422778,132.2,2012,1,25,1
-33.38056,19.30167,193.8,2012,1,25,1
-33.13083,18.86278,209.40001,2012,1,25,1
-29.758889,30.935278,130.0,2012,1,26,1
-29.161667,30.629722,132.0,2012,1,26,1
-34.031944,22.053333,148.5,2012,1,26,1
-34.039722,22.133333,146.6,2012,1,26,1
-34.02861,22.22222,143.1,2012,1,26,1
-30.398056,30.601944,131.0,2012,1,27,1
-30.27402,30.69602,130.7,2012,1,27,1
-25.447222,30.711667,145.0,2012,1,27,1
-29.641944,30.6875,133.90001,2012,1,28,1
-29.380556,30.2775,128.5,2012,1,28,1
-25.127778,27.628889,176.6,2012,1,30,1
-25.20639,27.558,177.0,2012,1,30,1
-24.69514,27.40906,185.0,2012,1,30,1
-27.169444,29.233889,145.40001,2012,1,30,1
-26.861111,28.884722,151.0,2012,1,30,1
-26.970278,27.211111,166.2,2012,1,30,1
-26.73806,27.59194,161.40001,2012,1,30,1
-26.45,28.085833,155.90001,2012,1,30,1
-27.00222,28.76528,150.40001,2012,1,31,1
-27.273889,28.49,151.8,2012,1,31,1
-26.98472222,26.63227778,174.1,2012,1,31,1
-29.160278,26.573333,181.7,2012,1,31,1
-33.818056,19.694722,199.7,2012,1,31,1
-27.3,28.586944,150.5,2012,1,2,1
-28.69485,28.23487,148.40001,2012,1,2,1
-29.615556,27.065278,169.8,2012,1,2,1
-28.883333,27.89,152.8,2012,1,2,1
-34.075556,20.145556,183.0,2012,1,2,1
-24.925278,29.324444,168.0,2012,2,2,1
-30.336111,27.359444,164.1,2012,2,2,1
-27.573056,24.746389,207.0,2012,3,2,1
-27.902778,24.615556,204.3,2012,3,2,1
-29.658056,25.973333,179.1,2012,3,2,1
-31.000833,26.353056,167.3,2012,3,2,1
-30.679722,26.7125,170.8,2012,3,2,1
-28.760833,17.730278,239.2,2012,5,2,2
-25.99136,27.84208,158.8,2012,6,2,2
-29.987778,29.851667,129.90001,2012,6,2,2
-26.45,28.085833,155.90001,2012,6,2,2
-27.398611,26.614722,182.6,2012,6,2,2
-27.671111,27.236944,172.1,2012,6,2,2
-29.042222,24.6,203.3,2012,6,2,2
-27.356667,27.286389,171.7,2012,6,2,2
-27.01011111,26.69808333,175.6,2012,7,2,3
-30.830556,26.921389,167.0,2012,7,2,3
-30.733889,29.828333,127.4,2012,7,2,3
-29.380556,30.2775,128.5,2012,7,2,3
-26.98472222,26.63227778,174.1,2012,7,2,3
-25.45963889,28.26430556,167.0,2012,7,2,3
-25.57877778,29.12747222,161.7,2012,7,2,3
-27.4,26.624722,182.6,2012,7,2,3
-25.81048333,27.90955222,163.5,2012,8,2,3
-27.937778,31.209444,145.2,2012,8,2,3
-30.398056,30.601944,131.0,2012,8,2,3
-30.27402,30.69602,130.7,2012,8,2,3
-27.00222,28.76528,150.40001,2012,8,2,3
-27.02314,28.59389,152.0,2012,8,2,3
-26.648056,27.089444,165.40001,2012,8,2,3
-26.970278,27.211111,166.2,2012,8,2,3
-26.880278,26.965,168.40001,2012,8,2,3
-27.273889,28.49,151.8,2012,8,2,3
-27.4275,28.525833,150.40001,2012,8,2,3
-27.3,28.586944,150.5,2012,8,2,3
-27.044444,27.005,170.3,2012,8,2,3
-29.028629,24.638389,203.0,2012,8,2,3
-34.329722,18.990278,163.0,2012,8,2,3
-27.5275,30.858056,139.7,2012,9,2,3
-30.13573889,30.67422222,132.0,2012,9,2,3
-29.803611,30.516111,128.90001,2012,10,2,4
-28.44555556,32.325,142.2,2012,12,2,4
-29.161667,30.629722,132.0,2012,12,2,4
-26.73806,27.59194,161.40001,2012,2,13,1
-31.396,29.2651,131.90001,2012,2,13,1
-31.554722,29.245556,122.9,2012,2,13,1
-25.127778,27.628889,176.6,2012,2,14,1
-25.20639,27.558,177.0,2012,2,14,1
-27.169444,29.233889,145.40001,2012,2,14,1
-30.568333,29.422778,132.2,2012,2,14,1
-30.570833,29.150556,133.40001,2012,2,14,1
-31.104278,29.399722,130.3,2012,2,14,1
-32.595833,19.009444,213.8,2012,2,14,1
-28.141944,26.417778,184.3,2012,2,15,1
-28.1175,26.719444,179.40001,2012,2,15,1
-31.031389,28.883333,135.2,2012,2,15,1
-30.86013889,29.07125,135.8,2012,2,15,1
-30.77586667,29.03221667,136.3,2012,2,15,1
-24.69514,27.40906,185.0,2012,2,16,1
-27.398611,26.614722,182.6,2012,2,16,1
-27.671111,27.236944,172.1,2012,2,16,1
-28.376944,24.303056,204.3,2012,2,16,1
-29.615556,27.065278,169.8,2012,2,16,1
-27.356667,27.286389,171.7,2012,2,16,1
-27.4,26.624722,182.6,2012,2,16,1
-22.43772222,31.07805556,183.3,2012,2,17,1
-27.902778,24.615556,204.3,2012,2,17,1
-34.250556,20.9925,174.5,2012,2,17,1
-28.760833,17.730278,239.2,2012,2,19,1
-27.01011111,26.69808333,175.6,2012,2,20,1
-26.45,28.085833,155.90001,2012,2,20,1
-26.98472222,26.63227778,174.1,2012,2,20,1
-33.501667,21.624167,175.2,2012,2,20,1
-33.31388889,19.07472222,206.90001,2012,2,20,1
-24.679167,30.8025,144.5,2012,2,21,1
-30.830556,26.921389,167.0,2012,2,21,1
-24.670833,28.560833,167.7,2012,2,21,1
-28.735556,29.820556,148.3,2012,2,21,1
-26.648056,27.089444,165.40001,2012,2,21,1
-26.970278,27.211111,166.2,2012,2,21,1
-26.880278,26.965,168.40001,2012,2,21,1
-27.044444,27.005,170.3,2012,2,21,1
-25.45963889,28.26430556,167.0,2012,2,21,1
-28.068333,31.55,149.6,2012,2,21,1
-29.161667,23.696389,204.3,2012,2,22,1
-29.641944,30.6875,133.90001,2012,2,22,1
-27.38972222,26.46388889,184.3,2012,2,22,1
-30.679722,26.7125,170.8,2012,2,22,1
-29.1825,23.575556,208.8,2012,2,22,1
-28.7115,24.07288889,204.8,2012,2,23,1
-27.602222,29.942778,152.6,2012,2,23,1
-28.75,30.442778,152.1,2012,2,23,1
-29.380556,30.2775,128.5,2012,2,23,1
-27.398611,26.614722,182.6,2012,2,23,1
-29.758889,30.935278,130.0,2012,2,24,1
-27.573056,24.746389,207.0,2012,2,24,1
-34.031944,22.053333,148.5,2012,2,24,1
-34.039722,22.133333,146.6,2012,2,24,1
-30.398056,30.601944,131.0,2012,2,25,1
-30.27402,30.69602,130.7,2012,2,25,1
-27.169444,29.233889,145.40001,2012,2,27,1
-26.861111,28.884722,151.0,2012,2,27,1
-26.73806,27.59194,161.40001,2012,2,27,1
-25.127778,27.628889,176.6,2012,2,28,1
-25.20639,27.558,177.0,2012,2,28,1
-24.69514,27.40906,185.0,2012,2,28,1
-27.00222,28.76528,150.40001,2012,2,28,1
-33.818056,19.694722,199.7,2012,2,28,1
-29.161667,23.696389,204.3,2012,2,29,1
-22.769722,30.886944,169.40001,2012,2,29,1
-23.281,30.54305556,162.7,2012,2,29,1
-26.905,32.324722,149.0,2012,2,29,1
-28.69485,28.23487,148.40001,2012,2,29,1
-28.883333,27.89,152.8,2012,2,29,1
-34.075556,20.145556,183.0,2012,2,29,1
-24.925278,29.324444,168.0,2012,1,3,1
-27.573056,24.746389,207.0,2012,1,3,1
-30.160091,27.40124,163.2,2012,1,3,1
-30.336111,27.359444,164.1,2012,1,3,1
-29.615556,27.065278,169.8,2012,1,3,1
-30.830556,26.921389,167.0,2012,2,3,1
-23.658056,31.05,158.7,2012,2,3,1
-27.902778,24.615556,204.3,2012,2,3,1
-29.658056,25.973333,179.1,2012,2,3,1
-29.028629,24.638389,203.0,2012,2,3,1
-31.000833,26.353056,167.3,2012,2,3,1
-30.679722,26.7125,170.8,2012,2,3,1
-28.760833,17.730278,239.2,2012,4,3,2
-25.99136,27.84208,158.8,2012,5,3,2
-24.058889,31.237222,153.7,2012,5,3,2
-29.987778,29.851667,129.90001,2012,5,3,2
-29.744167,29.905833,134.7,2012,5,3,2
-26.861111,28.884722,151.0,2012,5,3,2
-26.45,28.085833,155.90001,2012,5,3,2
-28.768056,20.720556,243.1,2012,5,3,2
-30.733889,29.828333,127.4,2012,6,3,2
-29.380556,30.2775,128.5,2012,6,3,2
-27.398611,26.614722,182.6,2012,6,3,2
-27.671111,27.236944,172.1,2012,6,3,2
-29.042222,24.6,203.3,2012,6,3,2
-30.336111,27.359444,164.1,2012,6,3,2
-27.4,26.624722,182.6,2012,6,3,2
-29.161667,23.696389,204.3,2012,7,3,3
-24.925278,29.324444,177.1,2011,10,18,4
-28.7115,24.07288889,204.8,2012,7,3,3
-25.81048333,27.90955222,163.5,2012,7,3,3
-27.937778,31.209444,145.2,2012,7,3,3
-28.404444,30.013056,150.2,2012,7,3,3
-30.398056,30.601944,131.0,2012,7,3,3
-24.925278,29.324444,168.0,2012,7,6,3
-24.925278,29.324444,166.8,2012,9,8,3
-24.925278,29.324444,166.8,2012,5,10,2
-30.27402,30.69602,130.7,2012,7,3,3
-27.02314,28.59389,152.0,2012,7,3,3
-27.273889,28.49,151.8,2012,7,3,3
-24.925278,29.324444,154.1,2013,2,7,1
-24.925278,29.324444,172.3,2013,8,22,3
-24.925278,29.324444,172.3,2013,9,16,3
-27.4275,28.525833,150.40001,2012,7,3,3
-24.925278,29.324444,161.90001,2014,1,20,1
-27.3,28.586944,150.5,2012,7,3,3
-29.1825,23.575556,208.8,2012,7,3,3
-24.925278,29.324444,161.90001,2014,10,6,4
-24.925278,29.324444,173.0,2014,7,18,3
-34.329722,18.990278,163.0,2012,7,3,3
-24.925278,29.324444,173.0,2014,5,9,2
-28.058889,30.373611,147.1,2012,7,3,3
-27.5275,30.858056,139.7,2012,8,3,3
-27.38972222,26.46388889,184.3,2012,8,3,3
-27.398611,26.614722,182.6,2012,8,3,3
-30.679722,26.7125,170.8,2012,8,3,3
-29.803611,30.516111,128.90001,2012,9,3,3
-27.01011111,26.69808333,175.6,2012,12,3,4
-32.595833,19.009444,213.8,2012,12,3,4
-25.127778,27.628889,176.6,2012,3,13,1
-25.20639,27.558,177.0,2012,3,13,1
-24.69514,27.40906,185.0,2012,3,13,1
-28.747778,31.745833,147.8,2012,3,13,1
-27.169444,29.233889,145.40001,2012,3,13,1
-27.00222,28.76528,150.40001,2012,3,13,1
-26.648056,27.089444,165.40001,2012,3,13,1
-26.970278,27.211111,166.2,2012,3,13,1
-26.880278,26.965,168.40001,2012,3,13,1
-26.98472222,26.63227778,174.1,2012,3,13,1
-31.104278,29.399722,130.3,2012,3,13,1
-31.396,29.2651,131.90001,2012,3,13,1
-33.501667,21.624167,175.2,2012,3,13,1
-29.161667,23.696389,204.3,2012,3,14,1
-28.801278,31.955389,146.8,2012,3,14,1
-28.141944,26.417778,184.3,2012,3,14,1
-28.1175,26.719444,179.40001,2012,3,14,1
-29.033333,23.983333,202.3,2012,3,14,1
-29.161667,30.629722,132.0,2012,3,15,1
-27.398611,26.614722,182.6,2012,3,15,1
-27.671111,27.236944,172.1,2012,3,15,1
-27.902778,24.615556,204.3,2012,3,15,1
-27.573056,24.746389,207.0,2012,3,16,1
-31.031389,28.883333,135.2,2012,3,16,1
-30.86013889,29.07125,135.8,2012,3,16,1
-30.77586667,29.03221667,136.3,2012,3,16,1
-28.760833,17.730278,239.2,2012,3,17,1
-28.96362,19.15486,243.6,2012,3,17,1
-27.01011111,26.69808333,175.6,2012,3,19,1
-26.861111,28.884722,151.0,2012,3,19,1
-24.679167,30.8025,144.5,2012,3,20,1
-26.970278,27.211111,166.2,2012,3,20,1
-33.38056,19.30167,193.8,2012,3,20,1
-33.31388889,19.07472222,206.90001,2012,3,20,1
-28.068333,31.55,149.6,2012,3,20,1
-29.161667,23.696389,204.3,2012,3,21,1
-24.183889,30.823889,154.2,2012,3,21,1
-28.44555556,32.325,142.2,2012,3,21,1
-27.602222,29.942778,152.6,2012,3,21,1
-33.13083,18.86278,209.40001,2012,3,21,1
-30.398056,30.601944,131.0,2012,3,23,1
-30.27402,30.69602,130.7,2012,3,23,1
-29.641944,30.6875,133.90001,2012,3,26,1
-25.99136,27.84208,158.8,2012,3,26,1
-29.987778,29.851667,129.90001,2012,3,26,1
-29.758889,30.935278,130.0,2012,3,26,1
-26.98472222,26.63227778,174.1,2012,3,26,1
-33.818056,19.694722,199.7,2012,3,26,1
-25.127778,27.628889,176.6,2012,3,27,1
-25.20639,27.558,177.0,2012,3,27,1
-24.69514,27.40906,185.0,2012,3,27,1
-27.363611,31.783333,144.5,2012,3,27,1
-26.648056,27.089444,165.40001,2012,3,27,1
-26.880278,26.965,168.40001,2012,3,27,1
-27.573056,24.746389,207.0,2012,3,27,1
-28.768056,20.720556,243.1,2012,3,27,1
-34.031944,22.053333,148.5,2012,3,27,1
-34.039722,22.133333,146.6,2012,3,27,1
-34.075556,20.145556,183.0,2012,3,27,1
-25.45963889,28.26430556,167.0,2012,3,27,1
-25.81048333,27.90955222,163.5,2012,3,28,1
-29.380556,30.2775,128.5,2012,3,28,1
-30.398056,30.601944,131.0,2012,3,28,1
-30.27402,30.69602,130.7,2012,3,28,1
-26.73806,27.59194,161.40001,2012,3,28,1
-26.45,28.085833,155.90001,2012,3,28,1
-30.679722,26.7125,170.8,2012,3,28,1
-28.69485,28.23487,148.40001,2012,3,28,1
-29.615556,27.065278,169.8,2012,3,28,1
-28.883333,27.89,152.8,2012,3,28,1
-34.02861,22.22222,143.1,2012,3,28,1
-25.447222,30.711667,145.0,2012,3,28,1
-27.273889,28.49,151.8,2012,3,29,1
-27.3,28.586944,150.5,2012,3,29,1
-28.376944,24.303056,204.3,2012,3,29,1
-30.160091,27.40124,163.2,2012,3,29,1
-30.336111,27.359444,164.1,2012,3,29,1
-27.4275,28.525833,150.40001,2012,3,30,1
-27.902778,24.615556,204.3,2012,3,30,1
-31.000833,26.353056,167.3,2012,3,30,1
-30.679722,26.7125,170.8,2012,3,30,1
-28.760833,17.730278,239.2,2012,1,4,1
-25.99136,27.84208,158.8,2012,2,4,1
-28.735556,29.820556,148.3,2012,2,4,1
-29.380556,30.2775,128.5,2012,2,4,1
-30.398056,30.601944,131.0,2012,2,4,1
-33.897778,20.012778,193.5,2012,2,4,1
-34.065833,20.404167,178.8,2012,3,4,1
-23.658056,31.05,158.7,2012,3,4,1
-27.398611,26.614722,182.6,2012,3,4,1
-27.671111,27.236944,172.1,2012,3,4,1
-25.45963889,28.26430556,167.0,2012,3,4,1
-27.4,26.624722,182.6,2012,3,4,1
-29.161667,23.696389,204.3,2012,4,4,2
-25.81048333,27.90955222,163.5,2012,4,4,2
-27.937778,31.209444,145.2,2012,4,4,2
-28.404444,30.013056,150.2,2012,4,4,2
-27.02314,28.59389,152.0,2012,4,4,2
-26.880278,26.965,168.40001,2012,4,4,2
-27.273889,28.49,151.8,2012,4,4,2
-27.4275,28.525833,150.40001,2012,4,4,2
-27.3,28.586944,150.5,2012,4,4,2
-29.615556,27.065278,169.8,2012,4,4,2
-25.57877778,29.12747222,161.7,2012,4,4,2
-27.5275,30.858056,139.7,2012,5,4,2
-27.01011111,26.69808333,175.6,2012,10,4,4
-25.127778,27.628889,176.6,2012,10,4,4
-25.20639,27.558,177.0,2012,10,4,4
-24.69514,27.40906,185.0,2012,10,4,4
-26.861111,28.884722,151.0,2012,10,4,4
-26.73806,27.59194,161.40001,2012,10,4,4
-26.98472222,26.63227778,174.1,2012,10,4,4
-29.161667,23.696389,204.3,2012,11,4,4
-26.03611,30.99778,149.40001,2012,11,4,4
-28.747778,31.745833,147.8,2012,11,4,4
-27.00222,28.76528,150.40001,2012,11,4,4
-26.648056,27.089444,165.40001,2012,11,4,4
-26.970278,27.211111,166.2,2012,11,4,4
-28.141944,26.417778,184.3,2012,11,4,4
-28.116667,26.725278,179.40001,2012,11,4,4
-29.615556,27.065278,169.8,2012,11,4,4
-34.250556,20.9925,174.5,2012,11,4,4
-28.7115,24.07288889,204.8,2012,12,4,4
-28.801278,31.955389,146.8,2012,12,4,4
-28.75,30.442778,152.1,2012,12,4,4
-29.161667,30.629722,132.0,2012,12,4,4
-27.38972222,26.46388889,184.3,2012,12,4,4
-28.1175,26.719444,179.40001,2012,12,4,4
-28.116667,26.725278,179.40001,2012,12,4,4
-27.398611,26.614722,182.6,2012,12,4,4
-27.671111,27.236944,172.1,2012,12,4,4
-28.376944,24.303056,204.3,2012,12,4,4
-29.615556,27.065278,169.8,2012,12,4,4
-33.31388889,19.07472222,206.90001,2012,12,4,4
-25.49037,30.6986,143.3,2012,4,13,2
-27.573056,24.746389,207.0,2012,4,13,2
-27.902778,24.615556,204.3,2012,4,13,2
-33.7075,18.97444444,204.7,2012,4,13,2
-28.760833,17.730278,239.2,2012,4,15,2
-25.99136,27.84208,158.8,2012,4,16,2
-22.935,28.004167,185.90001,2012,4,17,2
-22.91028,29.61111,167.40001,2012,4,17,2
-24.058889,31.237222,153.7,2012,4,17,2
-25.681111,31.783333,142.2,2012,4,17,2
-25.67386,31.57527,147.1,2012,4,17,2
-28.735556,29.820556,148.3,2012,4,17,2
-26.861111,28.884722,151.0,2012,4,17,2
-26.45,28.085833,155.90001,2012,4,17,2
-28.69485,28.23487,148.40001,2012,4,17,2
-28.883333,27.89,152.8,2012,4,17,2
-31.396,29.2651,131.90001,2012,4,17,2
-31.554722,29.245556,122.9,2012,4,17,2
-25.45963889,28.26430556,167.0,2012,4,17,2
-28.338333,31.373611,141.8,2012,4,17,2
-29.161667,23.696389,204.3,2012,4,18,2
-27.01011111,26.69808333,175.6,2012,4,18,2
-25.81048333,27.90955222,163.5,2012,4,18,2
-24.282222,28.090278,168.7,2012,4,18,2
-24.768889,31.39,144.5,2012,4,18,2
-24.9675,31.516667,145.1,2012,4,18,2
-27.00222,28.76528,150.40001,2012,4,18,2
-26.648056,27.089444,165.40001,2012,4,18,2
-26.970278,27.211111,166.2,2012,4,18,2
-26.880278,26.965,168.40001,2012,4,18,2
-27.38972222,26.46388889,184.3,2012,4,18,2
-26.98472222,26.63227778,174.1,2012,4,18,2
-30.568333,29.422778,132.2,2012,4,18,2
-30.570833,29.150556,133.40001,2012,4,18,2
-27.602222,29.942778,152.6,2012,4,19,2
-27.671111,27.236944,172.1,2012,4,19,2
-31.031389,28.883333,135.2,2012,4,19,2
-30.86013889,29.07125,135.8,2012,4,19,2
-33.13083,18.86278,209.40001,2012,4,19,2
-29.140556,31.391944,139.5,2012,4,20,2
-27.573056,24.746389,207.0,2012,4,22,2
-29.7775,29.470833,131.0,2012,4,23,2
-29.987778,29.851667,129.90001,2012,4,23,2
-29.744167,29.905833,134.7,2012,4,23,2
-26.73806,27.59194,161.40001,2012,4,23,2
-29.160278,26.573333,181.7,2012,4,23,2
-29.1825,23.575556,208.8,2012,4,23,2
-33.501667,21.624167,175.2,2012,4,23,2
-33.818056,19.694722,199.7,2012,4,23,2
-28.7115,24.07288889,204.8,2012,4,24,2
-24.679167,30.8025,144.5,2012,4,24,2
-25.127778,27.628889,176.6,2012,4,24,2
-25.20639,27.558,177.0,2012,4,24,2
-24.69514,27.40906,185.0,2012,4,24,2
-27.363611,31.783333,144.5,2012,4,24,2
-30.733889,29.828333,127.4,2012,4,24,2
-26.880278,26.965,168.40001,2012,4,24,2
-29.615556,27.065278,169.8,2012,4,24,2
-28.883333,27.89,152.8,2012,4,24,2
-29.161667,23.696389,204.3,2012,4,25,2
-24.183889,30.823889,154.2,2012,4,25,2
-22.769722,30.886944,169.40001,2012,4,25,2
-27.937778,31.209444,145.2,2012,4,25,2
-26.905,32.324722,149.0,2012,4,25,2
-27.935,26.126667,187.40001,2012,4,25,2
-34.075556,20.145556,183.0,2012,4,25,2
-30.398056,30.601944,131.0,2012,4,26,2
-30.27402,30.69602,130.7,2012,4,26,2
-30.679722,26.7125,170.8,2012,4,26,2
-30.160091,27.40124,163.2,2012,4,26,2
-34.005833,22.351111,139.6,2012,4,26,2
-29.803611,30.516111,128.90001,2012,4,27,2
-29.758889,30.935278,130.0,2012,4,28,2
-28.760833,17.730278,239.2,2012,4,29,2
-25.99136,27.84208,158.8,2012,4,30,2
-29.380556,30.2775,128.5,2012,4,30,2
-34.065833,20.404167,178.8,2012,1,5,1
-26.006389,29.253889,147.5,2012,1,5,1
-25.45963889,28.26430556,167.0,2012,1,5,1
-33.897778,20.012778,193.5,2012,1,5,1
-29.161667,23.696389,204.3,2012,2,5,1
-25.81048333,27.90955222,163.5,2012,2,5,1
-26.861111,28.884722,151.0,2012,2,5,1
-29.033333,23.983333,202.3,2012,2,5,1
-28.058889,30.373611,147.1,2012,2,5,1
-24.925278,29.324444,168.0,2012,3,5,1
-27.00222,28.76528,150.40001,2012,3,5,1
-27.398611,26.614722,182.6,2012,3,5,1
-27.671111,27.236944,172.1,2012,3,5,1
-27.4,26.624722,182.6,2012,3,5,1
-26.648056,27.089444,165.40001,2012,4,5,2
-26.970278,27.211111,166.2,2012,4,5,2
-26.880278,26.965,168.40001,2012,4,5,2
-27.01011111,26.69808333,175.6,2012,7,5,3
-26.73806,27.59194,161.40001,2012,7,5,3
-26.45,28.085833,155.90001,2012,7,5,3
-26.98472222,26.63227778,174.1,2012,7,5,3
-32.502778,19.535833,223.40001,2012,7,5,3
-29.161667,23.696389,204.3,2012,8,5,3
-25.127778,27.628889,176.6,2012,8,5,3
-25.20639,27.558,177.0,2012,8,5,3
-24.69514,27.40906,185.0,2012,8,5,3
-28.747778,31.745833,147.8,2012,8,5,3
-27.169444,29.233889,145.40001,2012,8,5,3
-26.648056,27.089444,165.40001,2012,8,5,3
-26.970278,27.211111,166.2,2012,8,5,3
-26.880278,26.965,168.40001,2012,8,5,3
-28.141944,26.417778,184.3,2012,8,5,3
-28.116667,26.725278,179.40001,2012,8,5,3
-29.042222,24.6,203.3,2012,8,5,3
-28.460833,21.248889,238.6,2012,8,5,3
-31.396,29.2651,131.90001,2012,8,5,3
-25.57877778,29.12747222,161.7,2012,8,5,3
-29.161667,23.696389,204.3,2012,9,5,3
-25.49037,30.6986,143.3,2012,9,5,3
-28.801278,31.955389,146.8,2012,9,5,3
-27.273889,28.49,151.8,2012,9,5,3
-27.4275,28.525833,150.40001,2012,9,5,3
-27.3,28.586944,150.5,2012,9,5,3
-27.398611,26.614722,182.6,2012,9,5,3
-29.028629,24.638389,203.0,2012,9,5,3
-29.1825,23.575556,208.8,2012,9,5,3
-30.570833,29.150556,133.40001,2012,9,5,3
-31.104278,29.399722,130.3,2012,9,5,3
-33.31388889,19.07472222,206.90001,2012,9,5,3
-28.7115,24.07288889,204.8,2012,10,5,4
-29.140556,31.391944,139.5,2012,10,5,4
-28.75,30.442778,152.1,2012,10,5,4
-29.161667,30.629722,132.0,2012,10,5,4
-27.38972222,26.46388889,184.3,2012,10,5,4
-27.935,26.126667,187.40001,2012,10,5,4
-27.671111,27.236944,172.1,2012,10,5,4
-28.376944,24.303056,204.3,2012,10,5,4
-31.031389,28.883333,135.2,2012,10,5,4
-30.86013889,29.07125,135.8,2012,10,5,4
-30.77586667,29.03221667,136.3,2012,10,5,4
-33.7075,18.97444444,204.7,2012,10,5,4
-33.72266667,18.61691667,195.3,2012,10,5,4
-27.902778,24.615556,204.3,2012,11,5,4
-28.44555556,32.325,142.2,2012,4,19,2
-31.554722,29.245556,122.9,2012,12,5,4
-28.760833,17.730278,239.2,2012,5,13,2
-25.99136,27.84208,158.8,2012,5,14,2
-26.861111,28.884722,151.0,2012,5,14,2
-26.45,28.085833,155.90001,2012,5,14,2
-25.681111,31.783333,142.2,2012,5,15,2
-25.398889,31.610556,140.8,2012,5,15,2
-27.00222,28.76528,150.40001,2012,5,15,2
-26.648056,27.089444,165.40001,2012,5,15,2
-33.38056,19.30167,193.8,2012,5,15,2
-25.45963889,28.26430556,167.0,2012,5,15,2
-28.068333,31.55,149.6,2012,5,15,2
-25.81048333,27.90955222,163.5,2012,5,16,2
-24.768889,31.39,144.5,2012,5,16,2
-29.033333,23.983333,202.3,2012,5,16,2
-34.092222,21.295278,167.0,2012,5,16,2
-33.13083,18.86278,209.40001,2012,5,16,2
-24.99328,30.81444,132.5,2012,5,17,2
-33.970833,22.548333,136.1,2012,5,17,2
-25.436111,31.982222,140.7,2012,5,18,2
-25.14944444,31.94055556,140.2,2012,5,18,2
-29.7775,29.470833,131.0,2012,5,21,2
-29.987778,29.851667,129.90001,2012,5,21,2
-29.744167,29.905833,134.7,2012,5,21,2
-30.27402,30.69602,130.7,2012,5,21,2
-26.73806,27.59194,161.40001,2012,5,21,2
-33.818056,19.694722,199.7,2012,5,21,2
-27.01011111,26.69808333,175.6,2012,5,22,2
-34.065833,20.404167,178.8,2012,5,22,2
-24.679167,30.8025,144.5,2012,5,22,2
-24.183889,30.823889,154.2,2012,5,22,2
-25.127778,27.628889,176.6,2012,5,22,2
-25.20639,27.558,177.0,2012,5,22,2
-24.69514,27.40906,185.0,2012,5,22,2
-27.363611,31.783333,144.5,2012,5,22,2
-30.733889,29.828333,127.4,2012,5,22,2
-27.169444,29.233889,145.40001,2012,5,22,2
-26.880278,26.965,168.40001,2012,5,22,2
-26.98472222,26.63227778,174.1,2012,5,22,2
-29.160278,26.573333,181.7,2012,5,22,2
-30.336111,27.359444,164.1,2012,5,22,2
-33.501667,21.624167,175.2,2012,5,22,2
-34.075556,20.145556,183.0,2012,5,22,2
-33.897778,20.012778,193.5,2012,5,22,2
-24.058889,31.237222,153.7,2012,5,23,2
-30.398056,30.601944,131.0,2012,5,23,2
-30.160091,27.40124,163.2,2012,5,23,2
-28.69485,28.23487,148.40001,2012,5,23,2
-28.883333,27.89,152.8,2012,5,23,2
-34.005833,22.351111,139.6,2012,5,23,2
-29.641944,30.6875,133.90001,2012,5,24,2
-30.830556,26.921389,167.0,2012,5,24,2
-29.380556,30.2775,128.5,2012,5,24,2
-30.679722,26.7125,170.8,2012,5,24,2
-29.615556,27.065278,169.8,2012,5,24,2
-34.031944,22.053333,148.5,2012,5,24,2
-34.039722,22.133333,146.6,2012,5,24,2
-30.398056,30.601944,131.0,2012,5,25,2
-30.27402,30.69602,130.7,2012,5,25,2
-29.658056,25.973333,179.1,2012,5,25,2
-31.000833,26.353056,167.3,2012,5,25,2
-28.460833,21.248889,238.6,2012,5,25,2
-29.803611,30.516111,128.90001,2012,5,25,2
-29.758889,30.935278,130.0,2012,5,26,2
-28.760833,17.730278,239.2,2012,5,27,2
-25.99136,27.84208,158.8,2012,5,28,2
-26.861111,28.884722,151.0,2012,5,28,2
-26.970278,27.211111,166.2,2012,5,28,2
-26.45,28.085833,155.90001,2012,5,28,2
-27.01011111,26.69808333,175.6,2012,5,29,2
-29.380556,30.2775,128.5,2012,5,29,2
-27.00222,28.76528,150.40001,2012,5,29,2
-26.648056,27.089444,165.40001,2012,5,29,2
-26.880278,26.965,168.40001,2012,5,29,2
-26.98472222,26.63227778,174.1,2012,5,29,2
-31.000833,26.353056,167.3,2012,5,29,2
-25.45963889,28.26430556,167.0,2012,5,29,2
-29.161667,23.696389,204.3,2012,5,30,2
-24.282222,28.090278,168.7,2012,5,30,2
-27.937778,31.209444,145.2,2012,5,30,2
-28.404444,30.013056,150.2,2012,5,30,2
-28.1175,26.719444,179.40001,2012,5,30,2
-28.44555556,32.325,142.2,2012,12,5,4
-24.670833,28.560833,167.7,2012,5,31,2
-27.573056,24.746389,207.0,2012,5,31,2
-30.679722,26.7125,170.8,2012,5,31,2
-28.44555556,32.325,136.2,2012,12,7,4
-33.38056,19.30167,193.8,2012,5,31,2
-33.13083,18.86278,209.40001,2012,5,31,2
-29.161667,23.696389,204.3,2012,1,6,1
-28.7115,24.07288889,204.8,2012,1,6,1
-27.5275,30.858056,139.7,2012,1,6,1
-29.1825,23.575556,208.8,2012,1,6,1
-26.73806,27.59194,161.40001,2012,4,6,2
-32.502778,19.535833,223.40001,2012,4,6,2
-25.127778,27.628889,176.6,2012,5,6,2
-25.20639,27.558,177.0,2012,5,6,2
-24.69514,27.40906,185.0,2012,5,6,2
-26.006389,29.253889,147.5,2012,5,6,2
-28.747778,31.745833,147.8,2012,5,6,2
-27.169444,29.233889,145.40001,2012,5,6,2
-34.250556,20.9925,174.5,2012,5,6,2
-25.57877778,29.12747222,161.7,2012,5,6,2
-23.658056,31.05,158.7,2012,6,6,2
-28.801278,31.955389,146.8,2012,6,6,2
-27.02314,28.59389,152.0,2012,6,6,2
-27.4275,28.525833,150.40001,2012,6,6,2
-27.3,28.586944,150.5,2012,6,6,2
-28.141944,26.417778,184.3,2012,6,6,2
-28.1175,26.719444,179.40001,2012,6,6,2
-28.44555556,32.325,136.2,2012,8,8,3
-33.7075,18.97444444,204.7,2012,6,6,2
-33.72266667,18.61691667,195.3,2012,6,6,2
-29.140556,31.391944,139.5,2012,7,6,3
-23.838611,31.640833,159.90001,2012,7,6,3
-28.44555556,32.325,136.2,2012,12,9,4
-28.75,30.442778,152.1,2012,7,6,3
-29.161667,30.629722,132.0,2012,7,6,3
-27.398611,26.614722,182.6,2012,7,6,3
-27.671111,27.236944,172.1,2012,7,6,3
-27.5275,30.858056,157.2,2011,8,25,3
-27.4,26.624722,182.6,2012,7,6,3
-25.99136,27.84208,158.8,2012,11,6,4
-26.861111,28.884722,151.0,2012,11,6,4
-27.671111,27.236944,172.1,2012,11,6,4
-31.554722,29.245556,122.9,2012,11,6,4
-33.818056,19.694722,199.7,2012,11,6,4
-27.935,26.126667,187.40001,2012,12,6,4
-28.141944,26.417778,184.3,2012,12,6,4
-29.658056,25.973333,179.1,2012,12,6,4
-31.000833,26.353056,167.3,2012,12,6,4
-30.534167,24.961944,187.90001,2012,12,6,4
-31.104278,29.399722,130.3,2012,12,6,4
-34.075556,20.145556,183.0,2012,12,6,4
-25.45963889,28.26430556,167.0,2012,12,6,4
-28.068333,31.55,149.6,2012,12,6,4
-29.161667,23.696389,204.3,2012,6,13,2
-25.81048333,27.90955222,163.5,2012,6,13,2
-27.00222,28.76528,150.40001,2012,6,13,2
-28.1175,26.719444,179.40001,2012,6,13,2
-30.534167,24.961944,187.90001,2012,6,13,2
-30.568333,29.422778,132.2,2012,6,13,2
-30.570833,29.150556,133.40001,2012,6,13,2
-29.161667,23.696389,204.3,2012,6,14,2
-26.905,32.324722,149.0,2012,6,14,2
-27.602222,29.942778,152.6,2012,6,14,2
-27.935,26.126667,187.40001,2012,6,14,2
-28.1175,26.719444,179.40001,2012,6,14,2
-31.000833,26.353056,167.3,2012,6,14,2
-30.679722,26.7125,170.8,2012,6,14,2
-30.160091,27.40124,163.2,2012,6,14,2
-30.86013889,29.07125,135.8,2012,6,14,2
-28.7115,24.07288889,204.8,2012,6,15,2
-27.01011111,26.69808333,175.6,2012,6,15,2
-29.641944,30.6875,133.90001,2012,6,15,2
-26.648056,27.089444,165.40001,2012,6,15,2
-26.970278,27.211111,166.2,2012,6,15,2
-26.880278,26.965,168.40001,2012,6,15,2
-26.98472222,26.63227778,174.1,2012,6,15,2
-27.398611,26.614722,182.6,2012,6,15,2
-29.1825,23.575556,208.8,2012,6,15,2
-22.91028,29.61111,167.40001,2012,6,18,2
-29.7775,29.470833,131.0,2012,6,18,2
-29.744167,29.905833,134.7,2012,6,18,2
-26.861111,28.884722,151.0,2012,6,18,2
-26.73806,27.59194,161.40001,2012,6,18,2
-26.45,28.085833,155.90001,2012,6,18,2
-34.065833,20.404167,178.8,2012,6,19,2
-25.127778,27.628889,176.6,2012,6,19,2
-25.20639,27.558,177.0,2012,6,19,2
-24.69514,27.40906,185.0,2012,6,19,2
-27.363611,31.783333,144.5,2012,6,19,2
-30.733889,29.828333,127.4,2012,6,19,2
-27.169444,29.233889,145.40001,2012,6,19,2
-27.00222,28.76528,150.40001,2012,6,19,2
-29.160278,26.573333,181.7,2012,6,19,2
-29.028629,24.638389,203.0,2012,6,19,2
-29.161667,23.696389,204.3,2012,6,20,2
-24.282222,28.090278,168.7,2012,6,20,2
-25.681111,31.783333,142.2,2012,6,20,2
-25.398889,31.610556,140.8,2012,6,20,2
-30.398056,30.601944,131.0,2012,6,20,2
-30.27402,30.69602,130.7,2012,6,20,2
-29.615556,27.065278,169.8,2012,6,20,2
-28.883333,27.89,152.8,2012,6,20,2
-34.405833,19.600556,161.7,2012,6,20,2
-24.670833,28.560833,167.7,2012,6,21,2
-24.99328,30.81444,132.5,2012,6,21,2
-24.768889,31.39,144.5,2012,6,21,2
-27.802778,28.768333,145.5,2012,6,21,2
-27.935,26.126667,187.40001,2012,6,21,2
-28.1175,26.719444,179.40001,2012,6,21,2
-30.679722,26.7125,170.8,2012,6,21,2
-30.160091,27.40124,163.2,2012,6,21,2
-30.336111,27.359444,164.1,2012,6,21,2
-33.501667,21.624167,175.2,2012,6,21,2
-34.329722,18.990278,163.0,2012,6,21,2
-25.436111,31.982222,140.7,2012,6,22,2
-25.14944444,31.94055556,140.2,2012,6,22,2
-29.658056,25.973333,179.1,2012,6,22,2
-31.000833,26.353056,167.3,2012,6,22,2
-29.803611,30.516111,128.90001,2012,6,22,2
-27.363611,31.783333,170.5,2015,11,24,4
-28.760833,17.730278,239.2,2012,6,24,2
-24.679167,30.8025,144.5,2012,6,25,2
-25.99136,27.84208,158.8,2012,6,25,2
-25.362222,31.956667,139.5,2012,6,25,2
-25.14944444,31.94055556,140.2,2012,6,25,2
-27.01011111,26.69808333,175.6,2012,6,26,2
-24.183889,30.823889,154.2,2012,6,26,2
-29.758889,30.935278,130.0,2012,6,26,2
-29.380556,30.2775,128.5,2012,6,26,2
-26.861111,28.884722,151.0,2012,6,26,2
-26.880278,26.965,168.40001,2012,6,26,2
-26.45,28.085833,155.90001,2012,6,26,2
-26.98472222,26.63227778,174.1,2012,6,26,2
-34.039722,22.133333,146.6,2012,6,26,2
-33.7075,18.97444444,204.7,2012,6,26,2
-33.72266667,18.61691667,195.3,2012,6,26,2
-25.45963889,28.26430556,167.0,2012,6,26,2
-29.161667,23.696389,204.3,2012,6,27,2
-25.81048333,27.90955222,163.5,2012,6,27,2
-30.830556,26.921389,167.0,2012,6,27,2
-24.058889,31.237222,153.7,2012,6,27,2
-28.404444,30.013056,150.2,2012,6,27,2
-27.4275,28.525833,150.40001,2012,6,27,2
-34.031944,22.053333,148.5,2012,6,27,2
-32.595833,19.009444,213.8,2012,6,27,2
-28.058889,30.373611,147.1,2012,6,27,2
-25.447222,30.711667,145.0,2012,6,27,2
-29.161667,23.696389,204.3,2012,6,28,2
-29.641944,30.6875,133.90001,2012,6,28,2
-31.860278,18.6875,211.8,2012,6,28,2
-27.5275,30.858056,139.7,2012,6,28,2
-29.380556,30.2775,128.5,2012,6,28,2
-27.00222,28.76528,150.40001,2012,6,28,2
-26.648056,27.089444,165.40001,2012,6,28,2
-29.028629,24.638389,203.0,2012,6,28,2
-29.1825,23.575556,208.8,2012,6,28,2
-25.49037,30.6986,143.3,2012,6,29,2
-30.398056,30.601944,131.0,2012,6,29,2
-30.27402,30.69602,130.7,2012,6,29,2
-27.935,26.126667,187.40001,2012,6,29,2
-28.1175,26.719444,179.40001,2012,6,29,2
-25.127778,27.628889,176.6,2012,3,7,1
-25.20639,27.558,177.0,2012,3,7,1
-24.69514,27.40906,185.0,2012,3,7,1
-28.747778,31.745833,147.8,2012,3,7,1
-31.5653,18.3306,203.2,2012,3,7,1
-24.39619444,27.08983333,184.5,2012,4,7,2
-28.801278,31.955389,146.8,2012,4,7,2
-27.935,26.126667,187.40001,2012,4,7,2
-28.141944,26.417778,184.3,2012,4,7,2
-28.1175,26.719444,179.40001,2012,4,7,2
-28.75,30.442778,152.1,2012,5,7,2
-29.161667,30.629722,132.0,2012,5,7,2
-28.460833,21.248889,238.6,2012,5,7,2
-34.092222,21.295278,167.0,2012,5,7,2
-33.38056,19.30167,193.8,2012,5,7,2
-27.4,26.624722,182.6,2012,5,7,2
-27.573056,24.746389,207.0,2012,6,7,2
-28.760833,17.730278,251.7,2012,8,7,3
-29.028629,24.638389,231.6,2012,9,7,3
-33.818056,19.694722,210.2,2012,9,7,3
-26.861111,28.884722,152.7,2012,10,7,4
-26.880278,26.965,175.40001,2012,10,7,4
-26.45,28.085833,160.7,2012,10,7,4
-26.98472222,26.63227778,183.7,2012,10,7,4
-27.935,26.126667,198.6,2012,10,7,4
-28.1175,26.719444,191.7,2012,10,7,4
-28.69485,28.23487,155.40001,2012,10,7,4
-31.104278,29.399722,141.3,2012,10,7,4
-31.396,29.2651,143.3,2012,10,7,4
-34.075556,20.145556,195.2,2012,10,7,4
-25.45963889,28.26430556,167.0,2012,10,7,4
-28.338333,31.373611,136.3,2012,10,7,4
-28.068333,31.55,144.90001,2012,10,7,4
-28.760833,17.730278,251.7,2012,11,7,4
-29.161667,23.696389,242.5,2012,11,7,4
-25.81048333,27.90955222,166.5,2012,11,7,4
-29.641944,30.6875,135.1,2012,11,7,4
-28.883333,27.89,162.7,2012,11,7,4
-30.568333,29.422778,139.40001,2012,11,7,4
-30.86013889,29.07125,147.2,2012,11,7,4
-30.570833,29.150556,142.3,2012,11,7,4
-30.77586667,29.03221667,148.0,2012,11,7,4
-34.250556,20.9925,181.5,2012,11,7,4
-28.44555556,32.325,136.2,2012,9,10,3
-26.648056,27.089444,171.8,2012,12,7,4
-27.902778,24.615556,229.7,2012,12,7,4
-28.768056,20.720556,270.80002,2012,12,7,4
-31.031389,28.883333,145.3,2012,12,7,4
-29.7775,29.470833,136.1,2012,7,16,3
-29.987778,29.851667,135.90001,2012,7,16,3
-29.744167,29.905833,140.6,2012,7,16,3
-33.897778,20.012778,198.5,2012,7,16,3
-27.01011111,26.69808333,184.40001,2012,7,17,3
-34.065833,20.404167,193.7,2012,7,17,3
-25.127778,27.628889,178.2,2012,7,17,3
-25.20639,27.558,176.5,2012,7,17,3
-24.69514,27.40906,178.7,2012,7,17,3
-25.73411,27.21422,167.3,2012,7,17,3
-27.363611,31.783333,138.90001,2012,7,17,3
-30.733889,29.828333,133.8,2012,7,17,3
-26.648056,27.089444,171.8,2012,7,17,3
-26.970278,27.211111,173.8,2012,7,17,3
-26.45,28.085833,160.7,2012,7,17,3
-26.98472222,26.63227778,183.7,2012,7,17,3
-27.935,26.126667,198.6,2012,7,17,3
-29.160278,26.573333,204.2,2012,7,17,3
-33.870833,20.003333,198.6,2012,7,17,3
-29.161667,23.696389,242.5,2012,7,18,3
-24.39619444,27.08983333,178.7,2012,7,18,3
-26.905,32.324722,144.0,2012,7,18,3
-30.398056,30.601944,137.7,2012,7,18,3
-30.27402,30.69602,136.7,2012,7,18,3
-27.169444,29.233889,148.5,2012,7,18,3
-26.861111,28.884722,152.7,2012,7,18,3
-28.69485,28.23487,155.40001,2012,7,18,3
-29.615556,27.065278,190.7,2012,7,18,3
-28.883333,27.89,162.7,2012,7,18,3
-34.02861,22.22222,156.6,2012,7,18,3
-34.405833,19.600556,168.7,2012,7,18,3
-30.160091,27.40124,184.1,2012,7,19,3
-30.336111,27.359444,185.8,2012,7,19,3
-30.830556,26.921389,197.7,2012,7,20,3
-29.658056,25.973333,213.6,2012,7,20,3
-31.000833,26.353056,207.0,2012,7,20,3
-30.679722,26.7125,205.2,2012,7,20,3
-28.460833,21.248889,258.2,2012,7,20,3
-29.803611,30.516111,132.3,2012,7,20,3
-31.5653,18.3306,226.8,2012,7,21,3
-24.679167,30.8025,131.7,2012,7,23,3
-25.99136,27.84208,163.40001,2012,7,23,3
-26.880278,26.965,175.40001,2012,7,23,3
-26.98472222,26.63227778,183.7,2012,7,23,3
-33.31388889,19.07472222,220.3,2012,7,23,3
-24.183889,30.823889,148.0,2012,7,24,3
-26.861111,28.884722,152.7,2012,7,24,3
-26.970278,27.211111,173.8,2012,7,24,3
-27.802778,28.768333,150.7,2012,7,24,3
-28.69485,28.23487,155.40001,2012,7,24,3
-33.501667,21.624167,195.5,2012,7,24,3
-29.161667,23.696389,242.5,2012,7,25,3
-25.81048333,27.90955222,166.5,2012,7,25,3
-24.034167,31.123611,143.0,2012,7,25,3
-29.380556,30.2775,132.0,2012,7,25,3
-28.058889,30.373611,143.8,2012,7,25,3
-29.641944,30.6875,135.1,2012,7,26,3
-31.860278,18.6875,235.40001,2012,7,26,3
-27.5275,30.858056,136.1,2012,7,26,3
-29.380556,30.2775,132.0,2012,7,26,3
-27.00222,28.76528,154.2,2012,7,26,3
-26.648056,27.089444,171.8,2012,7,26,3
-29.758889,30.935278,132.5,2012,7,27,3
-30.27402,30.69602,136.7,2012,7,28,3
-27.01011111,26.69808333,184.40001,2012,7,30,3
-26.648056,27.089444,171.8,2012,7,30,3
-26.880278,26.965,175.40001,2012,7,30,3
-26.98472222,26.63227778,183.7,2012,7,30,3
-31.554722,29.245556,134.90001,2012,7,30,3
-33.38056,19.30167,208.3,2012,7,30,3
-25.127778,27.628889,178.2,2012,7,31,3
-25.20639,27.558,176.5,2012,7,31,3
-26.861111,28.884722,152.7,2012,7,31,3
-26.970278,27.211111,173.8,2012,7,31,3
-26.73806,27.59194,165.90001,2012,7,31,3
-26.45,28.085833,160.7,2012,7,31,3
-31.104278,29.399722,141.3,2012,7,31,3
-24.39619444,27.08983333,178.7,2012,1,8,1
-27.169444,29.233889,148.5,2012,1,8,1
-28.141944,26.417778,197.6,2012,1,8,1
-28.1175,26.719444,191.7,2012,1,8,1
-33.13083,18.86278,216.0,2012,1,8,1
-28.75,30.442778,151.6,2012,2,8,1
-29.161667,30.629722,129.3,2012,2,8,1
-27.00222,28.76528,154.2,2012,2,8,1
-26.648056,27.089444,171.8,2012,2,8,1
-27.398611,26.614722,192.90001,2012,2,8,1
-28.376944,24.303056,231.8,2012,2,8,1
-27.671111,27.236944,181.8,2012,3,8,1
-28.735556,29.820556,151.2,2012,4,8,2
-28.760833,17.730278,251.7,2012,5,8,2
-25.99136,27.84208,163.40001,2012,6,8,2
-26.970278,27.211111,173.8,2012,6,8,2
-33.818056,19.694722,210.2,2012,6,8,2
-27.01011111,26.69808333,184.40001,2012,7,8,3
-29.641944,30.6875,135.1,2012,7,8,3
-28.735556,29.820556,151.2,2012,7,8,3
-26.880278,26.965,175.40001,2012,7,8,3
-26.98472222,26.63227778,183.7,2012,7,8,3
-27.398611,26.614722,192.90001,2012,7,8,3
-34.075556,20.145556,195.2,2012,7,8,3
-25.45963889,28.26430556,167.0,2012,7,8,3
-28.338333,31.373611,136.3,2012,7,8,3
-28.068333,31.55,144.90001,2012,7,8,3
-25.57877778,29.12747222,161.40001,2012,7,8,3
-25.81048333,27.90955222,166.5,2012,8,8,3
-28.44555556,32.325,136.2,2012,10,31,4
-26.861111,28.884722,152.7,2012,8,8,3
-26.45,28.085833,160.7,2012,8,8,3
-27.273889,28.49,157.5,2012,9,8,3
-27.802778,28.768333,150.7,2012,9,8,3
-27.00222,28.76528,154.2,2012,10,8,4
-27.02314,28.59389,157.0,2012,10,8,4
-26.648056,27.089444,171.8,2012,10,8,4
-27.573056,24.746389,221.3,2012,10,8,4
-34.065833,20.404167,193.7,2012,12,8,4
-27.01011111,26.69808333,184.40001,2012,8,13,3
-29.7775,29.470833,136.1,2012,8,13,3
-29.987778,29.851667,135.90001,2012,8,13,3
-29.744167,29.905833,140.6,2012,8,13,3
-26.880278,26.965,175.40001,2012,8,13,3
-26.98472222,26.63227778,183.7,2012,8,13,3
-25.127778,27.628889,178.2,2012,8,14,3
-24.39619444,27.08983333,178.7,2012,8,14,3
-24.69514,27.40906,178.7,2012,8,14,3
-25.73411,27.21422,167.3,2012,8,14,3
-26.03611,30.99778,144.3,2012,8,14,3
-27.363611,31.783333,138.90001,2012,8,14,3
-26.73806,27.59194,165.90001,2012,8,14,3
-26.45,28.085833,160.7,2012,8,14,3
-27.273889,28.49,157.5,2012,8,14,3
-29.160278,26.573333,204.2,2012,8,14,3
-34.250556,20.9925,181.5,2012,8,14,3
-33.897778,20.012778,198.5,2012,8,14,3
-25.20639,27.558,176.5,2012,8,15,3
-25.49037,30.6986,138.5,2012,8,15,3
-30.398056,30.601944,137.7,2012,8,15,3
-30.27402,30.69602,136.7,2012,8,15,3
-27.169444,29.233889,148.5,2012,8,15,3
-27.3,28.586944,156.7,2012,8,15,3
-29.033333,23.983333,236.2,2012,8,15,3
-28.69485,28.23487,155.40001,2012,8,15,3
-29.615556,27.065278,190.7,2012,8,15,3
-28.883333,27.89,162.7,2012,8,15,3
-34.405833,19.600556,168.7,2012,8,15,3
-25.447222,30.711667,141.3,2012,8,15,3
-30.13573889,30.67422222,137.40001,2012,8,16,3
-26.648056,27.089444,171.8,2012,8,16,3
-27.902778,24.615556,229.7,2012,8,16,3
-30.160091,27.40124,184.1,2012,8,16,3
-30.336111,27.359444,185.8,2012,8,16,3
-30.830556,26.921389,197.7,2012,8,17,3
-29.658056,25.973333,213.6,2012,8,17,3
-31.000833,26.353056,207.0,2012,8,17,3
-30.679722,26.7125,205.2,2012,8,17,3
-29.803611,30.516111,132.3,2012,8,17,3
-28.760833,17.730278,251.7,2012,8,18,3
-22.43772222,31.07805556,157.2,2012,8,19,3
-24.679167,30.8025,131.7,2012,8,20,3
-25.99136,27.84208,163.40001,2012,8,20,3
-30.27402,30.69602,136.7,2012,8,20,3
-26.880278,26.965,175.40001,2012,8,20,3
-26.98472222,26.63227778,183.7,2012,8,20,3
-33.7075,18.97444444,214.3,2012,8,20,3
-24.183889,30.823889,148.0,2012,8,21,3
-29.380556,30.2775,132.0,2012,8,21,3
-26.45,28.085833,160.7,2012,8,21,3
-33.464444,18.740556,214.3,2012,8,21,3
-25.45963889,28.26430556,167.0,2012,8,21,3
-25.81048333,27.90955222,166.5,2012,8,22,3
-24.058889,31.237222,145.1,2012,8,22,3
-27.169444,29.233889,148.5,2012,8,22,3
-27.273889,28.49,157.5,2012,8,22,3
-27.802778,28.768333,150.7,2012,8,22,3
-28.058889,30.373611,143.8,2012,8,22,3
-29.161667,23.696389,242.5,2012,8,23,3
-28.7115,24.07288889,236.0,2012,8,23,3
-31.860278,18.6875,235.40001,2012,8,23,3
-27.937778,31.209444,139.7,2012,8,23,3
-26.648056,27.089444,171.8,2012,8,23,3
-29.1825,23.575556,242.40001,2012,8,23,3
-34.031944,22.053333,162.2,2012,8,23,3
-34.02861,22.22222,156.6,2012,8,23,3
-23.838611,31.640833,148.8,2012,8,24,3
-32.502778,19.535833,237.5,2012,8,24,3
-29.380556,30.2775,132.0,2012,8,26,3
-29.641944,30.6875,135.1,2012,8,27,3
-29.758889,30.935278,132.5,2012,8,27,3
-27.01011111,26.69808333,184.40001,2012,8,28,3
-25.127778,27.628889,178.2,2012,8,28,3
-25.20639,27.558,176.5,2012,8,28,3
-24.69514,27.40906,178.7,2012,8,28,3
-28.747778,31.745833,139.6,2012,8,28,3
-26.970278,27.211111,173.8,2012,8,28,3
-26.880278,26.965,175.40001,2012,8,28,3
-26.45,28.085833,160.7,2012,8,28,3
-26.98472222,26.63227778,183.7,2012,8,28,3
-30.86013889,29.07125,147.2,2012,8,28,3
-31.104278,29.399722,141.3,2012,8,28,3
-31.396,29.2651,143.3,2012,8,28,3
-31.554722,29.245556,134.90001,2012,8,28,3
-33.501667,21.624167,195.5,2012,8,28,3
-31.5653,18.3306,226.8,2012,8,28,3
-29.161667,23.696389,242.5,2012,8,29,3
-28.801278,31.955389,139.7,2012,8,29,3
-28.141944,26.417778,197.6,2012,8,29,3
-28.1175,26.719444,191.7,2012,8,29,3
-30.568333,29.422778,139.40001,2012,8,29,3
-30.77586667,29.03221667,148.0,2012,8,29,3
-33.13083,18.86278,216.0,2012,8,29,3
-24.282222,28.090278,160.8,2012,8,30,3
-28.75,30.442778,151.6,2012,8,30,3
-29.161667,30.629722,129.3,2012,8,30,3
-27.00222,28.76528,154.2,2012,8,30,3
-27.398611,26.614722,192.90001,2012,8,30,3
-27.671111,27.236944,181.8,2012,8,30,3
-33.38056,19.30167,208.3,2012,8,30,3
-27.902778,24.615556,229.7,2012,8,31,3
-28.760833,17.730278,251.7,2012,2,9,1
-25.99136,27.84208,163.40001,2012,3,9,1
-22.43772222,31.07805556,157.2,2012,3,9,1
-26.970278,27.211111,173.8,2012,3,9,1
-27.3,28.586944,156.7,2012,3,9,1
-31.031389,28.883333,145.3,2012,3,9,1
-33.818056,19.694722,210.2,2012,3,9,1
-27.01011111,26.69808333,184.40001,2012,4,9,2
-26.880278,26.965,175.40001,2012,4,9,2
-26.98472222,26.63227778,183.7,2012,4,9,2
-27.671111,27.236944,181.8,2012,4,9,2
-34.075556,20.145556,195.2,2012,4,9,2
-25.45963889,28.26430556,167.0,2012,4,9,2
-28.338333,31.373611,136.3,2012,4,9,2
-28.068333,31.55,144.90001,2012,4,9,2
-27.4,26.624722,192.90001,2012,4,9,2
-29.161667,23.696389,242.5,2012,5,9,2
-25.81048333,27.90955222,166.5,2012,5,9,2
-27.602222,29.942778,151.2,2012,5,9,2
-27.169444,29.233889,148.5,2012,5,9,2
-26.73806,27.59194,165.90001,2012,5,9,2
-26.45,28.085833,160.7,2012,5,9,2
-29.641944,30.6875,135.1,2012,6,9,2
-29.161667,23.696389,242.5,2012,7,9,3
-28.7115,24.07288889,236.0,2012,7,9,3
-27.02314,28.59389,157.0,2012,7,9,3
-27.273889,28.49,157.5,2012,7,9,3
-29.1825,23.575556,242.40001,2012,7,9,3
-29.028629,24.638389,231.6,2012,8,9,3
-27.01011111,26.69808333,184.40001,2012,10,9,4
-29.987778,29.851667,135.90001,2012,10,9,4
-29.744167,29.905833,140.6,2012,10,9,4
-26.98472222,26.63227778,183.7,2012,10,9,4
-29.160278,26.573333,204.2,2012,10,9,4
-34.065833,20.404167,193.7,2012,11,9,4
-25.127778,27.628889,178.2,2012,11,9,4
-24.39619444,27.08983333,178.7,2012,11,9,4
-24.69514,27.40906,178.7,2012,11,9,4
-27.363611,31.783333,138.90001,2012,11,9,4
-30.733889,29.828333,133.8,2012,11,9,4
-26.970278,27.211111,173.8,2012,11,9,4
-26.45,28.085833,160.7,2012,11,9,4
-28.69485,28.23487,155.40001,2012,11,9,4
-29.615556,27.065278,190.7,2012,11,9,4
-28.883333,27.89,162.7,2012,11,9,4
-33.897778,20.012778,198.5,2012,11,9,4
-29.161667,23.696389,242.5,2012,12,9,4
-25.20639,27.558,176.5,2012,12,9,4
-22.769722,30.886944,147.3,2012,12,9,4
-28.44555556,32.325,128.8,2013,1,24,1
-26.905,32.324722,144.0,2012,12,9,4
-30.398056,30.601944,137.7,2012,12,9,4
-30.27402,30.69602,136.7,2012,12,9,4
-30.160091,27.40124,184.1,2012,12,9,4
-30.336111,27.359444,185.8,2012,12,9,4
-28.768056,20.720556,270.80002,2012,12,9,4
-34.405833,19.600556,168.7,2012,12,9,4
-30.830556,26.921389,197.7,2012,9,13,3
-27.00222,28.76528,154.2,2012,9,13,3
-26.648056,27.089444,171.8,2012,9,13,3
-31.000833,26.353056,207.0,2012,9,13,3
-30.679722,26.7125,205.2,2012,9,13,3
-34.329722,18.990278,164.0,2012,9,13,3
-27.573056,24.746389,221.3,2012,9,14,3
-29.658056,25.973333,213.6,2012,9,14,3
-29.803611,30.516111,132.3,2012,9,14,3
-29.161667,23.696389,242.5,2012,9,17,3
-25.99136,27.84208,163.40001,2012,9,17,3
-26.73806,27.59194,165.90001,2012,9,17,3
-26.45,28.085833,160.7,2012,9,17,3
-27.935,26.126667,198.6,2012,9,17,3
-29.1825,23.575556,242.40001,2012,9,17,3
-33.31388889,19.07472222,220.3,2012,9,17,3
-27.01011111,26.69808333,184.40001,2012,9,18,3
-22.91028,29.61111,145.3,2012,9,18,3
-27.5275,30.858056,136.1,2012,9,18,3
-29.380556,30.2775,132.0,2012,9,18,3
-27.169444,29.233889,148.5,2012,9,18,3
-26.648056,27.089444,171.8,2012,9,18,3
-26.970278,27.211111,173.8,2012,9,18,3
-26.880278,26.965,175.40001,2012,9,18,3
-27.802778,28.768333,150.7,2012,9,18,3
-33.7075,18.97444444,214.3,2012,9,18,3
-25.45963889,28.26430556,167.0,2012,9,18,3
-29.161667,23.696389,242.5,2012,9,19,3
-25.81048333,27.90955222,166.5,2012,9,19,3
-23.763056,27.908611,166.2,2012,9,19,3
-27.00222,28.76528,154.2,2012,9,19,3
-27.273889,28.49,157.5,2012,9,19,3
-34.039722,22.133333,160.1,2012,9,19,3
-32.595833,19.009444,237.40001,2012,9,19,3
-34.005833,22.351111,153.1,2012,9,19,3
-31.860278,18.6875,235.40001,2012,9,20,3
-29.744167,29.905833,155.1,2013,12,27,4
-24.282222,28.090278,160.8,2012,9,20,3
-23.838611,31.640833,148.8,2012,9,20,3
-24.670833,28.560833,163.90001,2012,9,21,3
-32.502778,19.535833,237.5,2012,9,21,3
-24.183889,30.823889,148.0,2012,9,25,3
-25.127778,27.628889,178.2,2012,9,25,3
-25.20639,27.558,176.5,2012,9,25,3
-24.69514,27.40906,178.7,2012,9,25,3
-25.73411,27.21422,167.3,2012,9,25,3
-26.45,28.085833,160.7,2012,9,25,3
-31.396,29.2651,143.3,2012,9,25,3
-31.554722,29.245556,134.90001,2012,9,25,3
-33.501667,21.624167,195.5,2012,9,25,3
-33.38056,19.30167,208.3,2012,9,25,3
-29.161667,23.696389,242.5,2012,9,26,3
-27.01011111,26.69808333,184.40001,2012,9,26,3
-24.39619444,27.08983333,178.7,2012,9,26,3
-29.380556,30.2775,132.0,2012,9,26,3
-26.648056,27.089444,171.8,2012,9,26,3
-26.880278,26.965,175.40001,2012,9,26,3
-27.802778,28.768333,150.7,2012,9,26,3
-26.98472222,26.63227778,183.7,2012,9,26,3
-28.141944,26.417778,197.6,2012,9,26,3
-28.1175,26.719444,191.7,2012,9,26,3
-30.568333,29.422778,139.40001,2012,9,26,3
-30.570833,29.150556,142.3,2012,9,26,3
-31.104278,29.399722,141.3,2012,9,26,3
-31.5653,18.3306,226.8,2012,9,26,3
-29.641944,30.6875,135.1,2012,9,27,3
-24.679167,30.8025,131.7,2012,9,27,3
-28.747778,31.745833,139.6,2012,9,27,3
-28.801278,31.955389,139.7,2012,9,27,3
-28.75,30.442778,151.6,2012,9,27,3
-29.758889,30.935278,132.5,2012,9,27,3
-29.161667,30.629722,129.3,2012,9,27,3
-27.00222,28.76528,154.2,2012,9,27,3
-27.38972222,26.46388889,195.5,2012,9,27,3
-27.398611,26.614722,192.90001,2012,9,27,3
-27.671111,27.236944,181.8,2012,9,27,3
-31.031389,28.883333,145.3,2012,9,27,3
-30.86013889,29.07125,147.2,2012,9,27,3
-30.77586667,29.03221667,148.0,2012,9,27,3
-33.13083,18.86278,216.0,2012,9,27,3
-30.27402,30.69602,136.7,2012,9,28,3
-27.902778,24.615556,229.7,2012,9,28,3
-24.9675,31.516667,137.5,2012,9,30,3
-29.161667,23.696389,242.5,2012,1,10,1
-26.861111,28.884722,152.7,2012,1,10,1
-26.73806,27.59194,165.90001,2012,1,10,1
-26.45,28.085833,160.7,2012,1,10,1
-33.818056,19.694722,210.2,2012,1,10,1
-28.7115,24.07288889,236.0,2012,2,10,1
-23.658056,31.05,146.7,2012,2,10,1
-28.735556,29.820556,151.2,2012,2,10,1
-27.169444,29.233889,148.5,2012,2,10,1
-27.802778,28.768333,150.7,2012,2,10,1
-27.398611,26.614722,192.90001,2012,2,10,1
-27.671111,27.236944,181.8,2012,2,10,1
-29.1825,23.575556,242.40001,2012,2,10,1
-34.075556,20.145556,195.2,2012,2,10,1
-25.45963889,28.26430556,167.0,2012,2,10,1
-28.338333,31.373611,136.3,2012,2,10,1
-28.068333,31.55,144.90001,2012,2,10,1
-27.01011111,26.69808333,184.40001,2012,3,10,1
-25.81048333,27.90955222,166.5,2012,3,10,1
-29.641944,30.6875,135.1,2012,3,10,1
-22.769722,30.886944,147.3,2012,3,10,1
-27.00222,28.76528,154.2,2012,3,10,1
-27.02314,28.59389,157.0,2012,3,10,1
-26.648056,27.089444,171.8,2012,3,10,1
-26.880278,26.965,175.40001,2012,3,10,1
-27.273889,28.49,157.5,2012,3,10,1
-27.4275,28.525833,156.5,2012,3,10,1
-27.3,28.586944,156.7,2012,3,10,1
-34.092222,21.295278,179.0,2012,3,10,1
-25.57877778,29.12747222,161.40001,2012,3,10,1
-27.602222,29.942778,151.2,2012,4,10,2
-27.573056,24.746389,221.3,2012,5,10,2
-29.042222,24.6,233.0,2012,5,10,2
-29.028629,24.638389,231.6,2012,5,10,2
-29.7775,29.470833,136.1,2012,8,10,3
-29.744167,29.905833,140.6,2012,8,10,3
-26.45,28.085833,160.7,2012,8,10,3
-33.897778,20.012778,198.5,2012,8,10,3
-27.01011111,26.69808333,184.40001,2012,9,10,3
-34.065833,20.404167,193.7,2012,9,10,3
-25.127778,27.628889,178.2,2012,9,10,3
-24.39619444,27.08983333,178.7,2012,9,10,3
-24.69514,27.40906,178.7,2012,9,10,3
-25.73411,27.21422,167.3,2012,9,10,3
-30.733889,29.828333,133.8,2012,9,10,3
-26.648056,27.089444,171.8,2012,9,10,3
-26.970278,27.211111,173.8,2012,9,10,3
-26.880278,26.965,175.40001,2012,9,10,3
-27.802778,28.768333,150.7,2012,9,10,3
-26.98472222,26.63227778,183.7,2012,9,10,3
-29.160278,26.573333,204.2,2012,9,10,3
-28.69485,28.23487,155.40001,2012,9,10,3
-28.883333,27.89,162.7,2012,9,10,3
-28.068333,31.55,144.90001,2012,9,10,3
-30.830556,26.921389,197.7,2012,10,10,4
-25.20639,27.558,176.5,2012,10,10,4
-30.398056,30.601944,137.7,2012,10,10,4
-27.00222,28.76528,154.2,2012,10,10,4
-31.000833,26.353056,207.0,2012,10,10,4
-28.768056,20.720556,270.80002,2012,10,10,4
-34.031944,22.053333,162.2,2012,10,10,4
-34.039722,22.133333,160.1,2012,10,10,4
-34.405833,19.600556,168.7,2012,10,10,4
-34.005833,22.351111,153.1,2012,10,10,4
-30.830556,26.921389,197.7,2012,11,10,4
-30.679722,26.7125,205.2,2012,11,10,4
-30.160091,27.40124,184.1,2012,11,10,4
-30.336111,27.359444,185.8,2012,11,10,4
-28.404444,30.013056,151.7,2012,12,10,4
-27.902778,24.615556,229.7,2012,12,10,4
-29.658056,25.973333,213.6,2012,12,10,4
-31.000833,26.353056,207.0,2012,12,10,4
-29.803611,30.516111,132.3,2012,12,10,4
-25.99136,27.84208,163.40001,2012,10,15,4
-26.45,28.085833,160.7,2012,10,15,4
-33.31388889,19.07472222,220.3,2012,10,15,4
-29.161667,23.696389,242.5,2012,10,16,4
-27.01011111,26.69808333,184.40001,2012,10,16,4
-25.681111,31.783333,134.6,2012,10,16,4
-29.380556,30.2775,132.0,2012,10,16,4
-26.648056,27.089444,171.8,2012,10,16,4
-26.970278,27.211111,173.8,2012,10,16,4
-26.880278,26.965,175.40001,2012,10,16,4
-26.98472222,26.63227778,183.7,2012,10,16,4
-27.935,26.126667,198.6,2012,10,16,4
-29.160278,26.573333,204.2,2012,10,16,4
-29.1825,23.575556,242.40001,2012,10,16,4
-34.250556,20.9925,181.5,2012,10,16,4
-33.7075,18.97444444,214.3,2012,10,16,4
-25.45963889,28.26430556,167.0,2012,10,16,4
-29.161667,23.696389,242.5,2012,10,17,4
-25.81048333,27.90955222,166.5,2012,10,17,4
-24.768889,31.39,137.40001,2012,10,17,4
-24.9675,31.516667,137.5,2012,10,17,4
-27.937778,31.209444,139.7,2012,10,17,4
-27.169444,29.233889,148.5,2012,10,17,4
-27.00222,28.76528,154.2,2012,10,17,4
-27.802778,28.768333,150.7,2012,10,17,4
-32.595833,19.009444,237.40001,2012,10,17,4
-28.058889,30.373611,143.8,2012,10,17,4
-31.860278,18.6875,235.40001,2012,10,18,4
-27.273889,28.49,157.5,2012,10,18,4
-27.671111,27.236944,181.8,2012,10,18,4
-25.14944444,31.94055556,129.7,2012,10,19,4
-32.502778,19.535833,237.5,2012,10,19,4
-31.031389,28.883333,145.3,2012,10,21,4
-24.679167,30.8025,131.7,2012,10,22,4
-26.861111,28.884722,152.7,2012,10,22,4
-26.45,28.085833,160.7,2012,10,22,4
-31.396,29.2651,143.3,2012,10,22,4
-31.554722,29.245556,134.90001,2012,10,22,4
-27.01011111,26.69808333,184.40001,2012,10,23,4
-24.183889,30.823889,148.0,2012,10,23,4
-25.127778,27.628889,178.2,2012,10,23,4
-25.20639,27.558,176.5,2012,10,23,4
-24.69514,27.40906,178.7,2012,10,23,4
-28.747778,31.745833,139.6,2012,10,23,4
-26.648056,27.089444,171.8,2012,10,23,4
-26.970278,27.211111,173.8,2012,10,23,4
-26.880278,26.965,175.40001,2012,10,23,4
-27.802778,28.768333,150.7,2012,10,23,4
-27.38972222,26.46388889,195.5,2012,10,23,4
-26.98472222,26.63227778,183.7,2012,10,23,4
-28.69485,28.23487,155.40001,2012,10,23,4
-30.568333,29.422778,139.40001,2012,10,23,4
-30.570833,29.150556,142.3,2012,10,23,4
-31.104278,29.399722,141.3,2012,10,23,4
-33.501667,21.624167,195.5,2012,10,23,4
-29.161667,23.696389,242.5,2012,10,24,4
-24.39619444,27.08983333,178.7,2012,10,24,4
-24.058889,31.237222,145.1,2012,10,24,4
-28.141944,26.417778,197.6,2012,10,24,4
-27.398611,26.614722,192.90001,2012,10,24,4
-27.671111,27.236944,181.8,2012,10,24,4
-30.679722,26.7125,205.2,2012,10,24,4
-30.336111,27.359444,185.8,2012,10,24,4
-28.768056,20.720556,270.80002,2012,10,24,4
-30.86013889,29.07125,147.2,2012,10,24,4
-30.77586667,29.03221667,148.0,2012,10,24,4
-33.13083,18.86278,216.0,2012,10,24,4
-28.75,30.442778,151.6,2012,10,25,4
-29.161667,30.629722,129.3,2012,10,25,4
-27.38972222,26.46388889,195.5,2012,10,25,4
-27.671111,27.236944,181.8,2012,10,28,4
-28.068333,31.55,144.90001,2012,10,28,4
-25.99136,27.84208,163.40001,2012,10,29,4
-27.00222,28.76528,154.2,2012,10,29,4
-26.45,28.085833,160.7,2012,10,29,4
-27.01011111,26.69808333,184.40001,2012,10,30,4
-26.648056,27.089444,171.8,2012,10,30,4
-26.970278,27.211111,173.8,2012,10,30,4
-26.880278,26.965,175.40001,2012,10,30,4
-26.98472222,26.63227778,183.7,2012,10,30,4
-29.160278,26.573333,204.2,2012,10,30,4
-25.45963889,28.26430556,167.0,2012,10,30,4
-28.338333,31.373611,136.3,2012,10,30,4
-25.57877778,29.12747222,161.40001,2012,10,30,4
-29.161667,23.696389,242.5,2012,10,31,4
-25.81048333,27.90955222,166.5,2012,10,31,4
-29.641944,30.6875,135.1,2012,10,31,4
-22.769722,30.886944,147.3,2012,10,31,4
-28.44555556,32.325,128.8,2013,2,21,1
-26.73806,27.59194,165.90001,2012,10,31,4
-23.658056,31.05,146.7,2012,1,11,1
-29.161667,23.696389,242.5,2012,2,11,1
-28.7115,24.07288889,236.0,2012,2,11,1
-29.1825,23.575556,242.40001,2012,2,11,1
-29.7775,29.470833,136.1,2012,5,11,2
-29.987778,29.851667,135.90001,2012,5,11,2
-29.744167,29.905833,140.6,2012,5,11,2
-26.970278,27.211111,173.8,2012,5,11,2
-26.45,28.085833,160.7,2012,5,11,2
-33.818056,19.694722,210.2,2012,5,11,2
-33.897778,20.012778,198.5,2012,5,11,2
-34.065833,20.404167,193.7,2012,6,11,2
-24.670833,28.560833,163.90001,2012,6,11,2
-25.127778,27.628889,178.2,2012,6,11,2
-25.20639,27.558,176.5,2012,6,11,2
-24.39619444,27.08983333,178.7,2012,6,11,2
-24.69514,27.40906,178.7,2012,6,11,2
-26.03611,30.99778,144.3,2012,6,11,2
-27.363611,31.783333,138.90001,2012,6,11,2
-30.733889,29.828333,133.8,2012,6,11,2
-27.38972222,26.46388889,195.5,2012,6,11,2
-27.398611,26.614722,192.90001,2012,6,11,2
-27.671111,27.236944,181.8,2012,6,11,2
-29.160278,26.573333,204.2,2012,6,11,2
-28.69485,28.23487,155.40001,2012,6,11,2
-28.883333,27.89,162.7,2012,6,11,2
-34.092222,21.295278,179.0,2012,6,11,2
-34.075556,20.145556,195.2,2012,6,11,2
-29.161667,23.696389,242.5,2012,7,11,3
-22.935,28.004167,166.0,2012,7,11,3
-26.905,32.324722,144.0,2012,7,11,3
-30.398056,30.601944,137.7,2012,7,11,3
-30.27402,30.69602,136.7,2012,7,11,3
-27.3,28.586944,156.7,2012,7,11,3
-29.615556,27.065278,190.7,2012,7,11,3
-34.405833,19.600556,168.7,2012,7,11,3
-27.01011111,26.69808333,184.40001,2012,8,11,3
-30.830556,26.921389,197.7,2012,8,11,3
-22.91028,29.61111,145.3,2012,8,11,3
-26.861111,28.884722,152.7,2012,8,11,3
-27.00222,28.76528,154.2,2012,8,11,3
-27.02314,28.59389,157.0,2012,8,11,3
-26.648056,27.089444,171.8,2012,8,11,3
-26.880278,26.965,175.40001,2012,8,11,3
-26.98472222,26.63227778,183.7,2012,8,11,3
-29.028629,24.638389,231.6,2012,8,11,3
-30.679722,26.7125,205.2,2012,8,11,3
-30.160091,27.40124,184.1,2012,8,11,3
-30.336111,27.359444,185.8,2012,8,11,3
-34.329722,18.990278,164.0,2012,8,11,3
-29.658056,25.973333,213.6,2012,9,11,3
-31.000833,26.353056,207.0,2012,9,11,3
-29.803611,30.516111,132.3,2012,9,11,3
-25.99136,27.84208,163.40001,2012,12,11,4
-26.861111,28.884722,152.7,2012,12,11,4
-26.45,28.085833,160.7,2012,12,11,4
-27.671111,27.236944,181.8,2012,12,11,4
-33.38056,19.30167,208.3,2012,12,11,4
-32.502778,19.535833,237.5,2012,12,11,4
-27.01011111,26.69808333,184.40001,2012,11,13,4
-31.860278,18.6875,235.40001,2012,11,13,4
-25.73411,27.21422,167.3,2012,11,13,4
-22.43772222,31.07805556,157.2,2012,11,13,4
-29.380556,30.2775,132.0,2012,11,13,4
-27.169444,29.233889,148.5,2012,11,13,4
-27.00222,28.76528,154.2,2012,11,13,4
-26.970278,27.211111,173.8,2012,11,13,4
-26.880278,26.965,175.40001,2012,11,13,4
-26.98472222,26.63227778,183.7,2012,11,13,4
-27.935,26.126667,198.6,2012,11,13,4
-32.595833,19.009444,237.40001,2012,11,13,4
-25.45963889,28.26430556,167.0,2012,11,13,4
-29.161667,23.696389,242.5,2012,11,14,4
-25.81048333,27.90955222,166.5,2012,11,14,4
-27.3,28.586944,156.7,2012,11,14,4
-33.31388889,19.07472222,220.3,2012,11,14,4
-33.13083,18.86278,216.0,2012,11,14,4
-27.5275,30.858056,136.1,2012,11,15,4
-33.7075,18.97444444,214.3,2012,11,15,4
-34.250556,20.9925,181.5,2012,11,16,4
-24.679167,30.8025,131.7,2012,11,19,4
-26.45,28.085833,160.7,2012,11,19,4
-28.116667,26.725278,191.7,2012,11,19,4
-29.160278,26.573333,204.2,2012,11,19,4
-27.01011111,26.69808333,184.40001,2012,11,20,4
-24.183889,30.823889,148.0,2012,11,20,4
-25.127778,27.628889,178.2,2012,11,20,4
-25.20639,27.558,176.5,2012,11,20,4
-26.861111,28.884722,152.7,2012,11,20,4
-27.00222,28.76528,154.2,2012,11,20,4
-26.648056,27.089444,171.8,2012,11,20,4
-26.970278,27.211111,173.8,2012,11,20,4
-26.880278,26.965,175.40001,2012,11,20,4
-26.98472222,26.63227778,183.7,2012,11,20,4
-31.396,29.2651,143.3,2012,11,20,4
-31.554722,29.245556,134.90001,2012,11,20,4
-34.031944,22.053333,162.2,2012,11,20,4
-34.039722,22.133333,160.1,2012,11,20,4
-29.161667,23.696389,242.5,2012,11,21,4
-28.7115,24.07288889,236.0,2012,11,21,4
-28.747778,31.745833,139.6,2012,11,21,4
-28.141944,26.417778,197.6,2012,11,21,4
-30.27402,30.69602,136.7,2012,10,10,4
-29.160278,26.573333,204.2,2012,11,21,4
-30.570833,29.150556,142.3,2012,11,21,4
-31.104278,29.399722,141.3,2012,11,21,4
-34.02861,22.22222,156.6,2012,11,21,4
-34.005833,22.351111,153.1,2012,11,21,4
-29.140556,31.391944,135.7,2012,11,22,4
-24.39619444,27.08983333,178.7,2012,11,22,4
-28.75,30.442778,151.6,2012,11,22,4
-27.38972222,26.46388889,195.5,2012,11,22,4
-27.671111,27.236944,181.8,2012,11,22,4
-30.568333,29.422778,139.40001,2012,11,22,4
-31.031389,28.883333,145.3,2012,11,22,4
-30.86013889,29.07125,147.2,2012,11,22,4
-30.77586667,29.03221667,148.0,2012,11,22,4
-25.99136,27.84208,163.40001,2012,11,26,4
-26.73806,27.59194,165.90001,2012,11,26,4
-26.45,28.085833,160.7,2012,11,26,4
-33.818056,19.694722,210.2,2012,11,26,4
-33.897778,20.012778,198.5,2012,11,26,4
-34.065833,20.404167,193.7,2012,11,27,4
-28.404444,30.013056,151.7,2012,11,27,4
-27.169444,29.233889,148.5,2012,11,27,4
-26.861111,28.884722,152.7,2012,11,27,4
-27.3,28.586944,156.7,2012,11,27,4
-29.042222,24.6,233.0,2012,11,27,4
-29.028629,24.638389,231.6,2012,11,27,4
-33.501667,21.624167,195.5,2012,11,27,4
-34.075556,20.145556,195.2,2012,11,27,4
-25.45963889,28.26430556,167.0,2012,11,27,4
-28.338333,31.373611,136.3,2012,11,27,4
-28.068333,31.55,144.90001,2012,11,27,4
-25.57877778,29.12747222,161.40001,2012,11,27,4
-29.161667,23.696389,242.5,2012,11,28,4
-27.01011111,26.69808333,184.40001,2012,11,28,4
-25.81048333,27.90955222,166.5,2012,11,28,4
-26.648056,27.089444,171.8,2012,11,28,4
-26.970278,27.211111,173.8,2012,11,28,4
-26.880278,26.965,175.40001,2012,11,28,4
-27.802778,28.768333,150.7,2012,11,28,4
-26.98472222,26.63227778,183.7,2012,11,28,4
-34.405833,19.600556,168.7,2012,11,28,4
-29.641944,30.6875,135.1,2012,11,29,4
-25.73411,27.21422,167.3,2012,11,29,4
-24.925278,29.324444,166.8,2012,11,29,4
-27.398611,26.614722,192.90001,2012,11,29,4
-34.329722,18.990278,164.0,2012,11,29,4
-29.7775,29.470833,136.1,2012,3,12,1
-29.987778,29.851667,135.90001,2012,3,12,1
-29.744167,29.905833,140.6,2012,3,12,1
-26.970278,27.211111,173.8,2012,3,12,1
-26.45,28.085833,160.7,2012,3,12,1
-33.31388889,19.07472222,220.3,2012,3,12,1
-25.127778,27.628889,178.2,2012,4,12,2
-25.20639,27.558,176.5,2012,4,12,2
-24.39619444,27.08983333,178.7,2012,4,12,2
-24.69514,27.40906,178.7,2012,4,12,2
-22.769722,30.886944,147.3,2012,4,12,2
-27.363611,31.783333,138.90001,2012,4,12,2
-30.733889,29.828333,133.8,2012,4,12,2
-26.861111,28.884722,152.7,2012,4,12,2
-27.02314,28.59389,157.0,2012,4,12,2
-27.671111,27.236944,181.8,2012,4,12,2
-28.69485,28.23487,155.40001,2012,4,12,2
-29.615556,27.065278,190.7,2012,4,12,2
-34.092222,21.295278,179.0,2012,4,12,2
-33.13083,18.86278,216.0,2012,4,12,2
-33.7075,18.97444444,214.3,2012,4,12,2
-29.161667,23.696389,242.5,2012,5,12,2
-27.01011111,26.69808333,184.40001,2012,5,12,2
-30.398056,30.601944,137.7,2012,5,12,2
-27.00222,28.76528,154.2,2012,5,12,2
-26.648056,27.089444,171.8,2012,5,12,2
-26.880278,26.965,175.40001,2012,5,12,2
-27.273889,28.49,157.5,2012,5,12,2
-27.3,28.586944,156.7,2012,5,12,2
-26.98472222,26.63227778,183.7,2012,5,12,2
-30.336111,27.359444,185.8,2012,5,12,2
-28.768056,20.720556,270.80002,2012,5,12,2
-34.039722,22.133333,160.1,2012,5,12,2
-32.595833,19.009444,237.40001,2012,5,12,2
-31.860278,18.6875,235.40001,2012,6,12,2
-30.830556,26.921389,197.7,2012,6,12,2
-23.658056,31.05,146.7,2012,6,12,2
-26.905,32.324722,144.0,2012,6,12,2
-26.98472222,26.63227778,183.7,2012,6,12,2
-31.000833,26.353056,207.0,2012,6,12,2
-30.679722,26.7125,205.2,2012,6,12,2
-33.501667,21.624167,195.5,2012,6,12,2
-33.38056,19.30167,208.3,2012,6,12,2
-29.803611,30.516111,132.3,2012,6,12,2
-29.658056,25.973333,213.6,2012,7,12,3
-28.96362,19.15486,266.6,2012,8,12,3
-25.99136,27.84208,163.40001,2012,10,12,4
-29.380556,30.2775,132.0,2012,10,12,4
-26.73806,27.59194,165.90001,2012,10,12,4
-26.45,28.085833,160.7,2012,10,12,4
-27.671111,27.236944,181.8,2012,10,12,4
-30.86013889,29.07125,147.2,2012,10,12,4
-31.104278,29.399722,141.3,2012,10,12,4
-31.396,29.2651,143.3,2012,10,12,4
-31.554722,29.245556,134.90001,2012,10,12,4
-34.005833,22.351111,153.1,2012,10,12,4
-27.01011111,26.69808333,184.40001,2012,11,12,4
-26.861111,28.884722,152.7,2012,11,12,4
-27.00222,28.76528,154.2,2012,11,12,4
-26.970278,27.211111,173.8,2012,11,12,4
-26.880278,26.965,175.40001,2012,11,12,4
-26.98472222,26.63227778,183.7,2012,11,12,4
-30.77586667,29.03221667,148.0,2012,11,12,4
-25.45963889,28.26430556,167.0,2012,11,12,4
-25.81048333,27.90955222,166.5,2012,12,12,4
-27.5275,30.858056,136.1,2012,12,12,4
-28.141944,26.417778,197.6,2012,12,12,4
-28.1175,26.719444,191.7,2012,12,12,4
-30.568333,29.422778,139.40001,2012,12,12,4
-31.031389,28.883333,145.3,2012,12,12,4
-30.570833,29.150556,142.3,2012,12,12,4
-34.250556,20.9925,181.5,2012,12,12,4
-24.670833,28.560833,163.90001,2012,12,13,4
-27.937778,31.209444,139.7,2012,12,13,4
-27.398611,26.614722,192.90001,2012,12,13,4
-27.671111,27.236944,181.8,2012,12,13,4
-22.43772222,31.07805556,157.2,2012,12,14,4
-28.96362,19.15486,266.6,2012,12,15,4
-28.735556,29.820556,151.2,2012,12,17,4
-28.7115,24.07288889,236.0,2012,12,18,4
-25.127778,27.628889,178.2,2012,12,18,4
-25.20639,27.558,176.5,2012,12,18,4
-24.69514,27.40906,178.7,2012,12,18,4
-26.45,28.085833,160.7,2012,12,18,4
-29.1825,23.575556,242.40001,2012,12,18,4
-33.501667,21.624167,195.5,2012,12,18,4
-29.161667,23.696389,242.5,2012,12,19,4
-27.01011111,26.69808333,184.40001,2012,12,19,4
-24.39619444,27.08983333,178.7,2012,12,19,4
-28.404444,30.013056,151.7,2012,12,19,4
-26.861111,28.884722,152.7,2012,12,19,4
-27.00222,28.76528,154.2,2012,12,19,4
-26.648056,27.089444,171.8,2012,12,19,4
-26.970278,27.211111,173.8,2012,12,19,4
-26.880278,26.965,175.40001,2012,12,19,4
-26.98472222,26.63227778,183.7,2012,12,19,4
-28.768056,20.720556,270.80002,2012,12,19,4
-28.75,30.442778,151.6,2012,12,20,4
-29.161667,30.629722,129.3,2012,12,20,4
-28.96362,19.15486,266.6,2012,12,22,4
-28.96362,19.15486,266.6,2012,12,29,4
-25.14944444,31.94055556,129.7,2013,1,1,1
-27.00222,28.76528,154.2,2013,1,1,1
-25.127778,27.628889,163.8,2013,2,1,1
-25.99136,27.84208,150.1,2013,2,1,1
-25.20639,27.558,163.2,2013,2,1,1
-30.160091,27.40124,160.90001,2013,2,1,1
-28.96362,19.15486,222.2,2013,2,1,1
-25.81048333,27.90955222,145.0,2013,3,1,1
-26.73806,27.59194,141.1,2013,3,1,1
-27.398611,26.614722,157.6,2013,3,1,1
-27.671111,27.236944,146.2,2013,3,1,1
-25.45963889,28.26430556,149.8,2013,3,1,1
-27.01011111,26.69808333,116.0,2013,4,1,2
-26.648056,27.089444,108.3,2013,4,1,2
-26.970278,27.211111,109.200005,2013,4,1,2
-26.880278,26.965,110.200005,2013,4,1,2
-26.98472222,26.63227778,115.700005,2013,4,1,2
-28.96362,19.15486,112.4,2013,5,1,2
-25.99136,27.84208,80.3,2013,7,1,3
-28.747778,31.745833,71.700005,2013,7,1,3
-29.7775,29.470833,61.5,2013,7,1,3
-29.744167,29.905833,66.5,2013,7,1,3
-26.45,28.085833,78.3,2013,7,1,3
-28.768056,20.720556,82.1,2013,7,1,3
-27.01011111,26.69808333,116.0,2013,8,1,3
-23.658056,31.05,102.5,2013,8,1,3
-27.169444,29.233889,99.700005,2013,8,1,3
-26.861111,28.884722,103.6,2013,8,1,3
-26.648056,27.089444,113.6,2013,8,1,3
-26.970278,27.211111,115.700005,2013,8,1,3
-26.880278,26.965,115.0,2013,8,1,3
-26.98472222,26.63227778,116.700005,2013,8,1,3
-29.160278,26.573333,104.8,2013,8,1,3
-28.883333,27.89,95.200005,2013,8,1,3
-25.45963889,28.26430556,119.9,2013,8,1,3
-25.81048333,27.90955222,149.90001,2013,9,1,3
-22.769722,30.886944,138.40001,2013,9,1,3
-29.744167,29.905833,115.9,2013,9,1,3
-30.398056,30.601944,105.200005,2013,9,1,3
-30.27402,30.69602,104.0,2013,9,1,3
-27.00222,28.76528,136.40001,2013,9,1,3
-27.02314,28.59389,138.8,2013,9,1,3
-27.273889,28.49,136.40001,2013,9,1,3
-27.4275,28.525833,134.90001,2013,9,1,3
-27.3,28.586944,135.3,2013,9,1,3
-30.830556,26.921389,160.5,2013,10,1,4
-30.733889,29.828333,125.200005,2013,10,1,4
-29.042222,24.6,196.0,2013,10,1,4
-29.028629,24.638389,195.3,2013,10,1,4
-30.679722,26.7125,164.7,2013,10,1,4
-30.160091,27.40124,162.1,2013,10,1,4
-30.336111,27.359444,162.7,2013,10,1,4
-24.39619444,27.08983333,201.7,2013,11,1,4
-29.658056,25.973333,205.1,2013,11,1,4
-31.000833,26.353056,185.6,2013,11,1,4
-30.534167,24.961944,213.6,2013,11,1,4
-34.250556,20.9925,147.6,2013,11,1,4
-29.803611,30.516111,129.3,2013,11,1,4
-29.140556,31.391944,129.90001,2013,1,13,1
-31.396,29.2651,126.3,2013,1,14,1
-31.554722,29.245556,117.5,2013,1,14,1
-33.818056,19.694722,203.90001,2013,1,14,1
-27.01011111,26.69808333,170.6,2013,1,15,1
-34.065833,20.404167,182.3,2013,1,15,1
-25.20639,27.558,165.2,2013,1,15,1
-28.747778,31.745833,137.90001,2013,1,15,1
-26.648056,27.089444,158.8,2013,1,15,1
-26.970278,27.211111,160.0,2013,1,15,1
-26.880278,26.965,162.6,2013,1,15,1
-26.98472222,26.63227778,169.1,2013,1,15,1
-30.568333,29.422778,126.8,2013,1,15,1
-30.570833,29.150556,128.2,2013,1,15,1
-31.104278,29.399722,124.5,2013,1,15,1
-34.075556,20.145556,185.90001,2013,1,15,1
-29.161667,23.696389,210.1,2013,1,16,1
-29.140556,31.391944,129.90001,2013,1,16,1
-24.39619444,27.08983333,172.8,2013,1,16,1
-26.45,28.085833,147.8,2013,1,16,1
-27.802778,28.768333,140.1,2013,1,16,1
-28.768056,20.720556,252.6,2013,1,16,1
-31.031389,28.883333,129.5,2013,1,16,1
-30.86013889,29.07125,130.2,2013,1,16,1
-30.77586667,29.03221667,130.8,2013,1,16,1
-33.501667,21.624167,186.2,2013,1,16,1
-34.405833,19.600556,162.8,2013,1,16,1
-28.801278,31.955389,135.3,2013,1,17,1
-28.75,30.442778,146.2,2013,1,17,1
-29.161667,30.629722,124.700005,2013,1,17,1
-26.861111,28.884722,143.2,2013,1,17,1
-27.00222,28.76528,143.40001,2013,1,17,1
-27.4275,28.525833,145.0,2013,1,17,1
-34.329722,18.990278,164.2,2013,1,17,1
-25.99136,27.84208,149.40001,2013,1,21,1
-26.73806,27.59194,153.90001,2013,1,21,1
-26.45,28.085833,147.8,2013,1,21,1
-27.01011111,26.69808333,170.6,2013,1,22,1
-28.747778,31.745833,137.90001,2013,1,22,1
-26.861111,28.884722,143.2,2013,1,22,1
-26.648056,27.089444,158.8,2013,1,22,1
-26.970278,27.211111,160.0,2013,1,22,1
-26.880278,26.965,162.6,2013,1,22,1
-26.98472222,26.63227778,169.1,2013,1,22,1
-27.935,26.126667,183.1,2013,1,22,1
-28.1175,26.719444,175.0,2013,1,22,1
-30.160091,27.40124,159.7,2013,1,22,1
-34.031944,22.053333,155.7,2013,1,22,1
-34.039722,22.133333,153.90001,2013,1,22,1
-25.45963889,28.26430556,155.0,2013,1,22,1
-28.338333,31.373611,133.1,2013,1,22,1
-28.068333,31.55,140.8,2013,1,22,1
-29.161667,23.696389,210.1,2013,1,23,1
-25.81048333,27.90955222,153.40001,2013,1,23,1
-29.744167,29.905833,129.0,2013,1,23,1
-27.00222,28.76528,143.40001,2013,1,23,1
-27.38972222,26.46388889,179.6,2013,1,23,1
-28.141944,26.417778,180.1,2013,1,23,1
-27.398611,26.614722,177.90001,2013,1,23,1
-30.336111,27.359444,161.5,2013,1,23,1
-24.058889,31.237222,137.6,2013,1,24,1
-28.44555556,32.325,128.8,2013,3,21,1
-28.1175,26.719444,175.0,2013,1,24,1
-27.671111,27.236944,167.2,2013,1,24,1
-29.641944,30.6875,127.200005,2013,1,28,1
-29.758889,30.935278,122.700005,2013,1,28,1
-30.398056,30.601944,124.1,2013,1,28,1
-30.27402,30.69602,123.6,2013,1,28,1
-26.45,28.085833,147.8,2013,1,28,1
-34.02861,22.22222,150.40001,2013,1,28,1
-33.31388889,19.07472222,212.8,2013,1,28,1
-27.01011111,26.69808333,170.6,2013,1,29,1
-25.127778,27.628889,164.7,2013,1,29,1
-25.20639,27.558,165.2,2013,1,29,1
-24.39619444,27.08983333,172.8,2013,1,29,1
-24.69514,27.40906,172.7,2013,1,29,1
-27.363611,31.783333,132.8,2013,1,29,1
-28.735556,29.820556,143.3,2013,1,29,1
-26.861111,28.884722,143.2,2013,1,29,1
-26.98472222,26.63227778,169.1,2013,1,29,1
-27.398611,26.614722,177.90001,2013,1,29,1
-33.7075,18.97444444,208.90001,2013,1,29,1
-34.005833,22.351111,147.1,2013,1,29,1
-29.641944,30.6875,127.200005,2013,1,30,1
-29.380556,30.2775,122.4,2013,1,30,1
-26.648056,27.089444,158.8,2013,1,30,1
-29.042222,24.6,205.8,2013,1,30,1
-29.028629,24.638389,204.90001,2013,1,30,1
-32.595833,19.009444,222.6,2013,1,30,1
-33.13083,18.86278,215.6,2013,1,30,1
-26.905,32.324722,133.0,2013,1,31,1
-27.935,26.126667,183.1,2013,1,31,1
-28.1175,26.719444,175.0,2013,1,31,1
-27.902778,24.615556,198.40001,2013,1,31,1
-30.160091,27.40124,159.7,2013,1,31,1
-33.38056,19.30167,199.0,2013,1,31,1
-32.502778,19.535833,234.1,2013,1,2,1
-25.99136,27.84208,149.40001,2013,4,2,2
-26.73806,27.59194,153.90001,2013,4,2,2
-26.45,28.085833,147.8,2013,4,2,2
-23.658056,31.05,141.8,2013,5,2,2
-23.281,30.54305556,142.7,2013,5,2,2
-25.14944444,31.94055556,122.0,2013,5,2,2
-27.169444,29.233889,138.3,2013,5,2,2
-26.861111,28.884722,143.2,2013,5,2,2
-27.398611,26.614722,177.90001,2013,5,2,2
-27.671111,27.236944,167.2,2013,5,2,2
-29.160278,26.573333,178.6,2013,5,2,2
-34.031944,22.053333,155.7,2013,5,2,2
-25.45963889,28.26430556,155.0,2013,5,2,2
-27.01011111,26.69808333,170.6,2013,6,2,2
-25.81048333,27.90955222,153.40001,2013,6,2,2
-22.769722,30.886944,148.1,2013,6,2,2
-29.744167,29.905833,129.0,2013,6,2,2
-27.02314,28.59389,145.3,2013,6,2,2
-26.648056,27.089444,158.8,2013,6,2,2
-26.970278,27.211111,160.0,2013,6,2,2
-27.273889,28.49,146.2,2013,6,2,2
-27.4275,28.525833,145.0,2013,6,2,2
-27.3,28.586944,144.8,2013,6,2,2
-26.98472222,26.63227778,169.1,2013,6,2,2
-28.69485,28.23487,144.8,2013,6,2,2
-29.615556,27.065278,166.5,2013,6,2,2
-28.883333,27.89,149.2,2013,6,2,2
-28.75,30.442778,146.2,2013,7,2,3
-29.161667,30.629722,124.700005,2013,7,2,3
-27.00222,28.76528,143.40001,2013,7,2,3
-30.679722,26.7125,173.7,2013,7,2,3
-30.160091,27.40124,159.7,2013,7,2,3
-30.336111,27.359444,161.5,2013,7,2,3
-27.935,26.126667,183.1,2013,8,2,3
-28.1175,26.719444,175.0,2013,8,2,3
-29.160278,26.573333,178.6,2013,8,2,3
-29.658056,25.973333,180.8,2013,8,2,3
-31.000833,26.353056,174.6,2013,8,2,3
-28.96362,19.15486,251.1,2013,9,2,3
-23.281,30.54305556,142.7,2013,10,2,4
-24.058889,31.237222,137.6,2013,11,2,4
-26.970278,27.211111,160.0,2013,11,2,4
-26.45,28.085833,147.8,2013,11,2,4
-31.031389,28.883333,129.5,2013,11,2,4
-30.86013889,29.07125,130.2,2013,11,2,4
-30.77586667,29.03221667,130.8,2013,11,2,4
-33.818056,19.694722,203.90001,2013,11,2,4
-27.01011111,26.69808333,170.6,2013,12,2,4
-34.065833,20.404167,182.3,2013,12,2,4
-24.670833,28.560833,152.8,2013,12,2,4
-25.127778,27.628889,164.7,2013,12,2,4
-25.20639,27.558,165.2,2013,12,2,4
-24.69514,27.40906,172.7,2013,12,2,4
-28.747778,31.745833,137.90001,2013,12,2,4
-29.380556,30.2775,122.4,2013,12,2,4
-26.861111,28.884722,143.2,2013,12,2,4
-26.648056,27.089444,158.8,2013,12,2,4
-26.880278,26.965,162.6,2013,12,2,4
-26.98472222,26.63227778,169.1,2013,12,2,4
-29.042222,24.6,205.8,2013,12,2,4
-34.075556,20.145556,185.90001,2013,12,2,4
-28.058889,30.373611,139.90001,2013,12,2,4
-29.161667,23.696389,210.1,2013,2,13,1
-24.282222,28.090278,153.6,2013,2,13,1
-24.39619444,27.08983333,172.8,2013,2,13,1
-24.925278,29.324444,154.1,2013,2,13,1
-28.747778,31.745833,137.90001,2013,2,13,1
-27.937778,31.209444,136.6,2013,2,13,1
-28.404444,30.013056,144.7,2013,2,13,1
-28.768056,20.720556,252.6,2013,2,13,1
-31.396,29.2651,126.3,2013,2,13,1
-31.554722,29.245556,117.5,2013,2,13,1
-33.897778,20.012778,197.3,2013,2,13,1
-28.801278,31.955389,135.3,2013,2,14,1
-27.5275,30.858056,130.6,2013,2,14,1
-27.671111,27.236944,167.2,2013,2,14,1
-27.573056,24.746389,200.40001,2013,2,14,1
-30.568333,29.422778,126.8,2013,2,14,1
-30.570833,29.150556,128.2,2013,2,14,1
-31.104278,29.399722,124.5,2013,2,14,1
-34.329722,18.990278,164.2,2013,2,14,1
-29.744167,29.905833,129.0,2013,2,16,1
-25.99136,27.84208,149.40001,2013,2,18,1
-29.7775,29.470833,125.5,2013,2,18,1
-26.880278,26.965,162.6,2013,2,18,1
-27.01011111,26.69808333,170.6,2013,2,19,1
-30.733889,29.828333,121.5,2013,2,19,1
-26.648056,27.089444,158.8,2013,2,19,1
-26.970278,27.211111,160.0,2013,2,19,1
-26.98472222,26.63227778,169.1,2013,2,19,1
-25.45963889,28.26430556,155.0,2013,2,19,1
-28.068333,31.55,140.8,2013,2,19,1
-29.161667,23.696389,210.1,2013,2,20,1
-25.81048333,27.90955222,153.40001,2013,2,20,1
-29.744167,29.905833,129.0,2013,2,20,1
-30.27402,30.69602,123.6,2013,2,20,1
-27.38972222,26.46388889,179.6,2013,2,20,1
-28.141944,26.417778,180.1,2013,2,20,1
-28.1175,26.719444,175.0,2013,2,20,1
-34.250556,20.9925,177.3,2013,2,20,1
-28.44555556,32.325,128.8,2013,4,18,2
-30.13573889,30.67422222,125.1,2013,2,21,1
-27.398611,26.614722,177.90001,2013,2,21,1
-27.671111,27.236944,167.2,2013,2,21,1
-28.96362,19.15486,251.1,2013,2,23,1
-28.735556,29.820556,143.3,2013,2,25,1
-26.45,28.085833,147.8,2013,2,25,1
-33.501667,21.624167,186.2,2013,2,25,1
-33.38056,19.30167,199.0,2013,2,25,1
-33.31388889,19.07472222,212.8,2013,2,25,1
-27.01011111,26.69808333,170.6,2013,2,26,1
-22.935,28.004167,167.90001,2013,2,26,1
-23.763056,27.908611,159.1,2013,2,26,1
-22.548889,28.898056,160.3,2013,2,26,1
-22.91028,29.61111,145.1,2013,2,26,1
-25.127778,27.628889,164.7,2013,2,26,1
-25.20639,27.558,165.2,2013,2,26,1
-24.39619444,27.08983333,172.8,2013,2,26,1
-24.69514,27.40906,172.7,2013,2,26,1
-25.73411,27.21422,156.2,2013,2,26,1
-27.363611,31.783333,132.8,2013,2,26,1
-26.861111,28.884722,143.2,2013,2,26,1
-26.648056,27.089444,158.8,2013,2,26,1
-26.970278,27.211111,160.0,2013,2,26,1
-26.880278,26.965,162.6,2013,2,26,1
-26.98472222,26.63227778,169.1,2013,2,26,1
-33.7075,18.97444444,208.90001,2013,2,26,1
-29.161667,23.696389,210.1,2013,2,27,1
-29.641944,30.6875,127.200005,2013,2,27,1
-24.282222,28.090278,153.6,2013,2,27,1
-24.670833,28.560833,152.8,2013,2,27,1
-27.602222,29.942778,146.2,2013,2,27,1
-27.00222,28.76528,143.40001,2013,2,27,1
-32.595833,19.009444,222.6,2013,2,27,1
-33.08883333,19.21878333,201.0,2013,2,27,1
-33.13083,18.86278,215.6,2013,2,27,1
-32.94583,18.33667,200.2,2013,2,27,1
-26.905,32.324722,133.0,2013,2,28,1
-34.092222,21.295278,172.2,2013,2,28,1
-27.902778,24.615556,198.40001,2013,1,3,1
-25.99136,27.84208,149.40001,2013,4,3,2
-26.73806,27.59194,153.90001,2013,4,3,2
-26.45,28.085833,147.8,2013,4,3,2
-23.658056,31.05,141.8,2013,5,3,2
-23.281,30.54305556,142.7,2013,5,3,2
-27.169444,29.233889,138.3,2013,5,3,2
-26.861111,28.884722,143.2,2013,5,3,2
-27.398611,26.614722,177.90001,2013,5,3,2
-28.69485,28.23487,144.8,2013,5,3,2
-28.883333,27.89,149.2,2013,5,3,2
-25.45963889,28.26430556,155.0,2013,5,3,2
-27.01011111,26.69808333,170.6,2013,6,3,2
-25.81048333,27.90955222,153.40001,2013,6,3,2
-29.744167,29.905833,129.0,2013,6,3,2
-26.648056,27.089444,158.8,2013,6,3,2
-26.970278,27.211111,160.0,2013,6,3,2
-26.880278,26.965,162.6,2013,6,3,2
-26.98472222,26.63227778,169.1,2013,6,3,2
-29.160278,26.573333,178.6,2013,6,3,2
-29.615556,27.065278,166.5,2013,6,3,2
-34.031944,22.053333,155.7,2013,6,3,2
-34.039722,22.133333,153.90001,2013,6,3,2
-30.830556,26.921389,168.7,2013,7,3,3
-28.75,30.442778,146.2,2013,7,3,3
-29.161667,30.629722,124.700005,2013,7,3,3
-30.160091,27.40124,159.7,2013,7,3,3
-30.336111,27.359444,161.5,2013,7,3,3
-29.042222,24.6,205.8,2013,8,3,3
-31.000833,26.353056,174.6,2013,8,3,3
-30.679722,26.7125,173.7,2013,8,3,3
-34.005833,22.351111,147.1,2013,8,3,3
-28.735556,29.820556,143.3,2013,11,3,4
-26.970278,27.211111,160.0,2013,11,3,4
-26.45,28.085833,147.8,2013,11,3,4
-29.1825,23.575556,215.5,2013,11,3,4
-33.818056,19.694722,203.90001,2013,11,3,4
-27.01011111,26.69808333,170.6,2013,12,3,4
-34.065833,20.404167,182.3,2013,12,3,4
-25.127778,27.628889,164.7,2013,12,3,4
-25.20639,27.558,165.2,2013,12,3,4
-24.69514,27.40906,172.7,2013,12,3,4
-28.747778,31.745833,137.90001,2013,12,3,4
-28.404444,30.013056,144.7,2013,12,3,4
-29.380556,30.2775,122.4,2013,12,3,4
-26.861111,28.884722,143.2,2013,12,3,4
-26.648056,27.089444,158.8,2013,12,3,4
-26.880278,26.965,162.6,2013,12,3,4
-26.98472222,26.63227778,169.1,2013,12,3,4
-28.376944,24.303056,200.90001,2013,12,3,4
-34.075556,20.145556,185.90001,2013,12,3,4
-29.140556,31.391944,129.90001,2013,3,13,1
-24.39619444,27.08983333,172.8,2013,3,13,1
-22.769722,30.886944,148.1,2013,3,13,1
-28.404444,30.013056,144.7,2013,3,13,1
-29.161667,30.629722,124.700005,2013,3,13,1
-27.00222,28.76528,143.40001,2013,3,13,1
-27.02314,28.59389,145.3,2013,3,13,1
-27.273889,28.49,146.2,2013,3,13,1
-27.4275,28.525833,145.0,2013,3,13,1
-27.3,28.586944,144.8,2013,3,13,1
-28.141944,26.417778,180.1,2013,3,13,1
-28.1175,26.719444,175.0,2013,3,13,1
-29.160278,26.573333,178.6,2013,3,13,1
-28.768056,20.720556,252.6,2013,3,13,1
-34.250556,20.9925,177.3,2013,3,13,1
-28.058889,30.373611,139.90001,2013,3,13,1
-25.57877778,29.12747222,150.0,2013,3,13,1
-28.801278,31.955389,135.3,2013,3,14,1
-27.937778,31.209444,136.6,2013,3,14,1
-27.5275,30.858056,130.6,2013,3,14,1
-27.935,26.126667,183.1,2013,3,14,1
-28.1175,26.719444,175.0,2013,3,14,1
-27.902778,24.615556,198.40001,2013,3,14,1
-29.042222,24.6,205.8,2013,3,14,1
-29.028629,24.638389,204.90001,2013,3,14,1
-34.329722,18.990278,164.2,2013,3,14,1
-24.925278,29.324444,154.1,2013,3,15,1
-27.671111,27.236944,167.2,2013,3,15,1
-27.573056,24.746389,200.40001,2013,3,15,1
-26.970278,27.211111,160.0,2013,3,16,1
-28.96362,19.15486,251.1,2013,3,16,1
-33.08883333,19.21878333,201.0,2013,3,16,1
-26.648056,27.089444,168.6,2014,4,23,2
-26.648056,27.089444,168.6,2014,1,5,1
-25.99136,27.84208,149.40001,2013,3,18,1
-29.7775,29.470833,125.5,2013,3,18,1
-29.744167,29.905833,129.0,2013,3,18,1
-26.970278,27.211111,160.0,2013,3,18,1
-26.73806,27.59194,153.90001,2013,3,18,1
-26.45,28.085833,147.8,2013,3,18,1
-30.570833,29.150556,128.2,2013,3,18,1
-31.396,29.2651,126.3,2013,3,18,1
-31.554722,29.245556,117.5,2013,3,18,1
-27.01011111,26.69808333,170.6,2013,3,19,1
-30.733889,29.828333,121.5,2013,3,19,1
-29.987778,29.851667,123.8,2013,3,19,1
-26.861111,28.884722,143.2,2013,3,19,1
-27.00222,28.76528,143.40001,2013,3,19,1
-26.648056,27.089444,158.8,2013,3,19,1
-26.880278,26.965,162.6,2013,3,19,1
-26.98472222,26.63227778,169.1,2013,3,19,1
-30.568333,29.422778,126.8,2013,3,19,1
-30.570833,29.150556,128.2,2013,3,19,1
-31.104278,29.399722,124.5,2013,3,19,1
-33.31388889,19.07472222,212.8,2013,3,19,1
-25.45963889,28.26430556,155.0,2013,3,19,1
-28.338333,31.373611,133.1,2013,3,19,1
-28.068333,31.55,140.8,2013,3,19,1
-29.161667,23.696389,210.1,2013,3,20,1
-25.81048333,27.90955222,153.40001,2013,3,20,1
-24.058889,31.237222,137.6,2013,3,20,1
-30.13573889,30.67422222,125.1,2013,3,20,1
-30.398056,30.601944,124.1,2013,3,20,1
-30.27402,30.69602,123.6,2013,3,20,1
-27.38972222,26.46388889,179.6,2013,3,20,1
-28.1175,26.719444,175.0,2013,3,20,1
-31.031389,28.883333,129.5,2013,3,20,1
-30.86013889,29.07125,130.2,2013,3,20,1
-30.77586667,29.03221667,130.8,2013,3,20,1
-33.7075,18.97444444,208.90001,2013,3,20,1
-24.183889,30.823889,137.6,2013,3,21,1
-28.44555556,32.325,128.8,2013,5,16,2
-27.935,26.126667,183.1,2013,3,21,1
-28.1175,26.719444,175.0,2013,3,21,1
-27.398611,26.614722,177.90001,2013,3,21,1
-24.679167,30.8025,127.5,2013,3,22,1
-29.744167,29.905833,129.0,2013,3,22,1
-28.116667,26.725278,175.0,2013,3,22,1
-29.803611,30.516111,122.4,2013,3,22,1
-26.45,28.085833,147.8,2013,3,25,1
-31.436944,20.474722,231.6,2013,3,25,1
-29.1825,23.575556,215.5,2013,3,25,1
-33.38056,19.30167,199.0,2013,3,25,1
-27.01011111,26.69808333,170.6,2013,3,26,1
-25.127778,27.628889,164.7,2013,3,26,1
-24.39619444,27.08983333,172.8,2013,3,26,1
-24.69514,27.40906,172.7,2013,3,26,1
-25.73411,27.21422,156.2,2013,3,26,1
-30.398056,30.601944,124.1,2013,3,26,1
-30.27402,30.69602,123.6,2013,3,26,1
-26.861111,28.884722,143.2,2013,3,26,1
-27.00222,28.76528,143.40001,2013,3,26,1
-26.648056,27.089444,158.8,2013,3,26,1
-26.970278,27.211111,160.0,2013,3,26,1
-26.880278,26.965,162.6,2013,3,26,1
-26.98472222,26.63227778,169.1,2013,3,26,1
-29.651389,22.746389,236.0,2013,3,26,1
-29.1825,23.575556,215.5,2013,3,26,1
-32.595833,19.009444,222.6,2013,3,26,1
-33.08883333,19.21878333,201.0,2013,3,26,1
-29.161667,23.696389,210.1,2013,3,27,1
-29.641944,30.6875,127.200005,2013,3,27,1
-25.20639,27.558,165.2,2013,3,27,1
-27.602222,29.942778,146.2,2013,3,27,1
-29.380556,30.2775,122.4,2013,3,27,1
-29.161667,30.629722,124.700005,2013,3,27,1
-29.651389,22.746389,236.0,2013,3,27,1
-33.13083,18.86278,215.6,2013,3,27,1
-32.94583,18.33667,200.2,2013,3,27,1
-29.641944,30.6875,127.200005,2013,3,28,1
-29.758889,30.935278,122.700005,2013,3,28,1
-32.502778,19.535833,234.1,2013,3,28,1
-28.96362,19.15486,251.1,2013,3,30,1
-25.99136,27.84208,149.40001,2013,2,4,1
-26.73806,27.59194,153.90001,2013,2,4,1
-26.45,28.085833,147.8,2013,2,4,1
-29.160278,26.573333,178.6,2013,2,4,1
-31.396,29.2651,126.3,2013,2,4,1
-31.554722,29.245556,117.5,2013,2,4,1
-27.01011111,26.69808333,170.6,2013,3,4,1
-29.744167,29.905833,129.0,2013,3,4,1
-26.861111,28.884722,143.2,2013,3,4,1
-26.98472222,26.63227778,169.1,2013,3,4,1
-27.398611,26.614722,177.90001,2013,3,4,1
-27.671111,27.236944,167.2,2013,3,4,1
-30.568333,29.422778,126.8,2013,3,4,1
-31.104278,29.399722,124.5,2013,3,4,1
-34.031944,22.053333,155.7,2013,3,4,1
-25.45963889,28.26430556,155.0,2013,3,4,1
-25.81048333,27.90955222,153.40001,2013,4,4,2
-28.75,30.442778,146.2,2013,4,4,2
-27.00222,28.76528,143.40001,2013,4,4,2
-27.02314,28.59389,145.3,2013,4,4,2
-26.648056,27.089444,158.8,2013,4,4,2
-26.970278,27.211111,160.0,2013,4,4,2
-26.880278,26.965,162.6,2013,4,4,2
-27.273889,28.49,146.2,2013,4,4,2
-27.4275,28.525833,145.0,2013,4,4,2
-27.3,28.586944,144.8,2013,4,4,2
-30.570833,29.150556,128.2,2013,4,4,2
-31.031389,28.883333,129.5,2013,5,4,2
-30.86013889,29.07125,130.2,2013,5,4,2
-30.77586667,29.03221667,130.8,2013,5,4,2
-34.02861,22.22222,150.40001,2013,5,4,2
-28.96362,19.15486,251.1,2013,6,4,2
-27.3,28.586944,144.8,2013,7,4,3
-28.768056,20.720556,252.6,2013,8,4,3
-33.818056,19.694722,203.90001,2013,8,4,3
-26.970278,27.211111,160.0,2013,1,28,1
-34.065833,20.404167,182.3,2013,9,4,3
-24.183889,30.823889,137.6,2013,9,4,3
-25.127778,27.628889,164.7,2013,9,4,3
-25.20639,27.558,165.2,2013,9,4,3
-24.69514,27.40906,172.7,2013,9,4,3
-28.747778,31.745833,137.90001,2013,9,4,3
-28.801278,31.955389,135.3,2013,9,4,3
-27.3,28.586944,144.8,2013,9,4,3
-29.160278,26.573333,178.6,2013,9,4,3
-28.69485,28.23487,144.8,2013,9,4,3
-34.075556,20.145556,185.90001,2013,9,4,3
-29.140556,31.391944,129.90001,2013,10,4,4
-24.282222,28.090278,153.6,2013,10,4,4
-24.670833,28.560833,152.8,2013,10,4,4
-24.39619444,27.08983333,172.8,2013,10,4,4
-23.658056,31.05,141.8,2013,10,4,4
-27.937778,31.209444,136.6,2013,10,4,4
-28.404444,30.013056,144.7,2013,10,4,4
-29.380556,30.2775,122.4,2013,10,4,4
-26.970278,27.211111,172.7,2013,7,16,3
-26.45,28.085833,147.8,2013,10,4,4
-27.671111,27.236944,167.2,2013,10,4,4
-29.615556,27.065278,166.5,2013,10,4,4
-28.883333,27.89,149.2,2013,10,4,4
-34.092222,21.295278,172.2,2013,10,4,4
-28.058889,30.373611,139.90001,2013,10,4,4
-27.01011111,26.69808333,170.6,2013,11,4,4
-30.830556,26.921389,168.7,2013,11,4,4
-23.23572222,27.717,169.5,2013,11,4,4
-22.769722,30.886944,148.1,2013,11,4,4
-28.801278,31.955389,135.3,2013,11,4,4
-26.861111,28.884722,143.2,2013,11,4,4
-27.00222,28.76528,143.40001,2013,11,4,4
-26.970278,27.211111,160.0,2013,11,4,4
-26.880278,26.965,162.6,2013,11,4,4
-26.98472222,26.63227778,169.1,2013,11,4,4
-27.902778,24.615556,198.40001,2013,11,4,4
-30.160091,27.40124,159.7,2013,11,4,4
-30.336111,27.359444,161.5,2013,11,4,4
-33.897778,20.012778,197.3,2013,11,4,4
-24.679167,30.8025,127.5,2013,12,4,4
-22.91028,29.61111,145.1,2013,12,4,4
-31.000833,26.353056,174.6,2013,12,4,4
-30.679722,26.7125,173.7,2013,12,4,4
-31.436944,20.474722,231.6,2013,12,4,4
-31.394444,20.947222,234.8,2013,12,4,4
-28.96362,19.15486,251.1,2013,4,13,2
-25.81048333,27.90955222,153.40001,2013,4,15,2
-25.99136,27.84208,149.40001,2013,4,15,2
-29.7775,29.470833,125.5,2013,4,15,2
-29.987778,29.851667,123.8,2013,4,15,2
-29.744167,29.905833,129.0,2013,4,15,2
-26.45,28.085833,147.8,2013,4,15,2
-27.01011111,26.69808333,170.6,2013,4,16,2
-26.861111,28.884722,143.2,2013,4,16,2
-27.00222,28.76528,143.40001,2013,4,16,2
-26.648056,27.089444,158.8,2013,4,16,2
-26.970278,27.211111,160.0,2013,4,16,2
-26.880278,26.965,162.6,2013,4,16,2
-26.98472222,26.63227778,169.1,2013,4,16,2
-28.883333,27.89,149.2,2013,4,16,2
-33.970833,22.548333,144.0,2013,4,16,2
-25.45963889,28.26430556,155.0,2013,4,16,2
-28.338333,31.373611,133.1,2013,4,16,2
-29.161667,23.696389,210.1,2013,4,17,2
-30.733889,29.828333,121.5,2013,4,17,2
-29.744167,29.905833,129.0,2013,4,17,2
-30.398056,30.601944,124.1,2013,4,17,2
-26.970278,27.211111,176.1,2014,7,28,3
-26.73806,27.59194,153.90001,2013,4,17,2
-28.69485,28.23487,144.8,2013,4,17,2
-34.250556,20.9925,177.3,2013,4,17,2
-25.49037,30.6986,128.40001,2013,4,18,2
-28.44555556,32.325,128.8,2013,6,13,2
-30.27402,30.69602,123.6,2013,4,18,2
-29.042222,24.6,205.8,2013,4,18,2
-29.028629,24.638389,204.90001,2013,4,18,2
-29.033333,23.983333,205.40001,2013,4,18,2
-25.447222,30.711667,129.90001,2013,4,18,2
-28.116667,26.725278,175.0,2013,4,19,2
-29.803611,30.516111,122.4,2013,4,19,2
-28.96362,19.15486,251.1,2013,4,20,2
-25.20639,27.558,165.2,2013,4,22,2
-23.838611,31.640833,144.8,2013,4,22,2
-26.648056,27.089444,158.8,2013,4,22,2
-26.45,28.085833,147.8,2013,4,22,2
-33.38056,19.30167,199.0,2013,4,22,2
-32.502778,19.535833,234.1,2013,4,22,2
-31.860278,18.6875,221.2,2013,4,23,2
-25.127778,27.628889,164.7,2013,4,23,2
-24.69514,27.40906,172.7,2013,4,23,2
-28.735556,29.820556,143.3,2013,4,23,2
-27.00222,28.76528,143.40001,2013,4,23,2
-26.970278,27.211111,160.0,2013,4,23,2
-26.880278,26.965,162.6,2013,4,23,2
-26.98472222,26.63227778,169.1,2013,4,23,2
-28.141944,26.417778,180.1,2013,4,23,2
-33.501667,21.624167,186.2,2013,4,23,2
-32.595833,19.009444,222.6,2013,4,23,2
-28.760833,17.730278,244.2,2013,4,24,2
-29.161667,23.696389,210.1,2013,4,24,2
-29.641944,30.6875,127.200005,2013,4,24,2
-27.363611,31.783333,132.8,2013,4,24,2
-28.141944,26.417778,180.1,2013,4,24,2
-33.08883333,19.21878333,201.0,2013,4,24,2
-33.31388889,19.07472222,212.8,2013,4,24,2
-33.13083,18.86278,215.6,2013,4,24,2
-32.94583,18.33667,200.2,2013,4,24,2
-26.905,32.324722,133.0,2013,4,25,2
-27.602222,29.942778,146.2,2013,4,25,2
-27.38972222,26.46388889,179.6,2013,4,25,2
-33.7075,18.97444444,208.90001,2013,4,25,2
-33.464444,18.740556,209.6,2013,4,25,2
-33.72266667,18.61691667,198.5,2013,4,25,2
-27.356667,27.286389,166.2,2013,4,25,2
-27.902778,24.615556,198.40001,2013,4,26,2
-28.068333,31.55,140.8,2013,4,26,2
-28.96362,19.15486,251.1,2013,4,27,2
-26.45,28.085833,147.8,2013,4,29,2
-27.01011111,26.69808333,170.6,2013,4,30,2
-27.169444,29.233889,138.3,2013,4,30,2
-26.861111,28.884722,143.2,2013,4,30,2
-27.00222,28.76528,143.40001,2013,4,30,2
-26.648056,27.089444,158.8,2013,4,30,2
-26.970278,27.211111,160.0,2013,4,30,2
-26.880278,26.965,162.6,2013,4,30,2
-26.98472222,26.63227778,169.1,2013,4,30,2
-25.45963889,28.26430556,155.0,2013,4,30,2
-29.161667,23.696389,210.1,2013,1,5,1
-25.81048333,27.90955222,153.40001,2013,1,5,1
-28.75,30.442778,146.2,2013,1,5,1
-29.161667,30.629722,124.700005,2013,1,5,1
-29.033333,23.983333,205.40001,2013,1,5,1
-29.744167,29.905833,129.0,2013,2,5,1
-32.94583,18.33667,200.2,2013,2,5,1
-27.671111,27.236944,167.2,2013,4,5,2
-28.96362,19.15486,251.1,2013,4,5,2
-26.45,28.085833,147.8,2013,6,5,2
-33.818056,19.694722,203.90001,2013,6,5,2
-34.065833,20.404167,182.3,2013,7,5,3
-25.127778,27.628889,164.7,2013,7,5,3
-25.20639,27.558,165.2,2013,7,5,3
-24.69514,27.40906,172.7,2013,7,5,3
-23.658056,31.05,141.8,2013,7,5,3
-28.747778,31.745833,137.90001,2013,7,5,3
-28.735556,29.820556,143.3,2013,7,5,3
-29.380556,30.2775,122.4,2013,7,5,3
-26.861111,28.884722,143.2,2013,7,5,3
-26.98472222,26.63227778,169.1,2013,7,5,3
-27.398611,26.614722,177.90001,2013,7,5,3
-27.671111,27.236944,167.2,2013,7,5,3
-29.160278,26.573333,178.6,2013,7,5,3
-28.768056,20.720556,252.6,2013,7,5,3
-34.02861,22.22222,150.40001,2013,7,5,3
-34.075556,20.145556,185.90001,2013,7,5,3
-29.161667,23.696389,210.1,2013,8,5,3
-24.39619444,27.08983333,172.8,2013,8,5,3
-28.404444,30.013056,144.7,2013,8,5,3
-27.00222,28.76528,143.40001,2013,8,5,3
-27.02314,28.59389,145.3,2013,8,5,3
-26.648056,27.089444,158.8,2013,8,5,3
-26.970278,27.211111,160.0,2013,8,5,3
-26.880278,26.965,162.6,2013,8,5,3
-27.273889,28.49,146.2,2013,8,5,3
-27.4275,28.525833,145.0,2013,8,5,3
-28.69485,28.23487,144.8,2013,8,5,3
-29.615556,27.065278,166.5,2013,8,5,3
-28.883333,27.89,149.2,2013,8,5,3
-30.77586667,29.03221667,130.8,2013,8,5,3
-31.396,29.2651,126.3,2013,8,5,3
-34.039722,22.133333,153.90001,2013,8,5,3
-28.058889,30.373611,139.90001,2013,8,5,3
-33.897778,20.012778,197.3,2013,8,5,3
-29.140556,31.391944,129.90001,2013,9,5,3
-27.671111,27.236944,167.2,2013,9,5,3
-30.160091,27.40124,159.7,2013,9,5,3
-30.336111,27.359444,161.5,2013,9,5,3
-34.005833,22.351111,147.1,2013,9,5,3
-30.830556,26.921389,168.7,2013,10,5,4
-28.116667,26.725278,175.0,2013,10,5,4
-27.573056,24.746389,200.40001,2013,10,5,4
-31.000833,26.353056,174.6,2013,10,5,4
-30.679722,26.7125,173.7,2013,10,5,4
-28.96362,19.15486,251.1,2013,11,5,4
-25.99136,27.84208,149.40001,2013,5,13,2
-29.7775,29.470833,125.5,2013,5,13,2
-29.744167,29.905833,129.0,2013,5,13,2
-26.45,28.085833,147.8,2013,5,13,2
-31.554722,29.245556,117.5,2013,5,13,2
-27.01011111,26.69808333,170.6,2013,5,14,2
-24.679167,30.8025,127.5,2013,5,14,2
-30.830556,26.921389,168.7,2013,5,14,2
-25.73411,27.21422,156.2,2013,5,14,2
-23.281,30.54305556,142.7,2013,5,14,2
-30.733889,29.828333,121.5,2013,5,14,2
-29.987778,29.851667,123.8,2013,5,14,2
-27.169444,29.233889,138.3,2013,5,14,2
-26.861111,28.884722,143.2,2013,5,14,2
-27.00222,28.76528,143.40001,2013,5,14,2
-26.648056,27.089444,158.8,2013,5,14,2
-26.970278,27.211111,160.0,2013,5,14,2
-26.880278,26.965,162.6,2013,5,14,2
-26.98472222,26.63227778,169.1,2013,5,14,2
-31.000833,26.353056,174.6,2013,5,14,2
-31.104278,29.399722,124.5,2013,5,14,2
-25.45963889,28.26430556,155.0,2013,5,14,2
-28.338333,31.373611,133.1,2013,5,14,2
-28.068333,31.55,140.8,2013,5,14,2
-29.161667,23.696389,210.1,2013,5,15,2
-25.81048333,27.90955222,153.40001,2013,5,15,2
-24.183889,30.823889,137.6,2013,5,15,2
-22.91028,29.61111,145.1,2013,5,15,2
-22.769722,30.886944,148.1,2013,5,15,2
-29.744167,29.905833,129.0,2013,5,15,2
-30.398056,30.601944,124.1,2013,5,15,2
-30.27402,30.69602,123.6,2013,5,15,2
-29.033333,23.983333,205.40001,2013,5,15,2
-30.160091,27.40124,159.7,2013,5,15,2
-30.336111,27.359444,161.5,2013,5,15,2
-30.568333,29.422778,126.8,2013,5,15,2
-30.86013889,29.07125,130.2,2013,5,15,2
-30.570833,29.150556,128.2,2013,5,15,2
-34.092222,21.295278,172.2,2013,5,15,2
-23.23572222,27.717,169.5,2013,5,16,2
-22.548889,28.898056,160.3,2013,5,16,2
-28.44555556,32.325,153.90001,2013,8,8,3
-30.13573889,30.67422222,125.1,2013,5,16,2
-29.160278,26.573333,178.6,2013,5,16,2
-31.031389,28.883333,129.5,2013,5,16,2
-22.225556,29.990556,156.90001,2013,5,17,2
-22.43772222,31.07805556,161.40001,2013,5,17,2
-26.98472222,26.63227778,169.1,2013,5,17,2
-29.803611,30.516111,122.4,2013,5,17,2
-33.38056,19.30167,199.0,2013,5,20,2
-32.502778,19.535833,234.1,2013,5,20,2
-27.01011111,26.69808333,170.6,2013,5,21,2
-31.860278,18.6875,221.2,2013,5,21,2
-24.69514,27.40906,172.7,2013,5,21,2
-25.398889,31.610556,123.4,2013,5,21,2
-26.648056,27.089444,158.8,2013,5,21,2
-26.970278,27.211111,160.0,2013,5,21,2
-26.880278,26.965,162.6,2013,5,21,2
-26.98472222,26.63227778,169.1,2013,5,21,2
-34.250556,20.9925,177.3,2013,5,21,2
-32.595833,19.009444,222.6,2013,5,21,2
-29.161667,23.696389,210.1,2013,5,22,2
-26.880278,26.965,172.40001,2014,5,13,2
-29.641944,30.6875,127.200005,2013,5,22,2
-25.20639,27.558,165.2,2013,5,22,2
-25.681111,31.783333,124.4,2013,5,22,2
-25.513889,31.224444,128.2,2013,5,22,2
-26.861111,28.884722,143.2,2013,5,22,2
-26.73806,27.59194,153.90001,2013,5,22,2
-26.45,28.085833,147.8,2013,5,22,2
-33.13083,18.86278,215.6,2013,5,22,2
-33.7075,18.97444444,208.90001,2013,5,22,2
-26.905,32.324722,133.0,2013,5,23,2
-27.602222,29.942778,146.2,2013,5,23,2
-27.169444,29.233889,138.3,2013,5,23,2
-27.00222,28.76528,143.40001,2013,5,23,2
-27.273889,28.49,146.2,2013,5,23,2
-33.31388889,19.07472222,212.8,2013,5,23,2
-28.141944,26.417778,180.1,2013,5,24,2
-28.1175,26.719444,175.0,2013,5,24,2
-28.116667,26.725278,175.0,2013,5,24,2
-28.96362,19.15486,251.1,2013,5,25,2
-25.99136,27.84208,149.40001,2013,5,27,2
-26.45,28.085833,147.8,2013,5,27,2
-29.042222,24.6,205.8,2013,5,27,2
-30.830556,26.921389,168.7,2013,5,28,2
-24.670833,28.560833,152.8,2013,5,28,2
-25.73411,27.21422,156.2,2013,5,28,2
-26.861111,28.884722,143.2,2013,5,28,2
-27.00222,28.76528,143.40001,2013,5,28,2
-30.679722,26.7125,173.7,2013,5,28,2
-33.501667,21.624167,186.2,2013,5,28,2
-25.45963889,28.26430556,155.0,2013,5,28,2
-29.161667,23.696389,210.1,2013,5,29,2
-27.01011111,26.69808333,170.6,2013,5,29,2
-25.81048333,27.90955222,153.40001,2013,5,29,2
-24.282222,28.090278,153.6,2013,5,29,2
-26.648056,27.089444,158.8,2013,5,29,2
-26.970278,27.211111,160.0,2013,5,29,2
-26.880278,26.965,162.6,2013,5,29,2
-27.3,28.586944,144.8,2013,5,29,2
-26.98472222,26.63227778,169.1,2013,5,29,2
-29.033333,23.983333,205.40001,2013,5,29,2
-22.935,28.004167,167.90001,2013,5,30,2
-27.273889,28.49,146.2,2013,5,30,2
-27.38972222,26.46388889,179.6,2013,5,30,2
-27.398611,26.614722,177.90001,2013,5,30,2
-27.671111,27.236944,167.2,2013,5,30,2
-29.042222,24.6,205.8,2013,5,30,2
-29.028629,24.638389,204.90001,2013,5,30,2
-29.033333,23.983333,205.40001,2013,5,30,2
-29.744167,29.905833,129.0,2013,5,31,2
-28.404444,30.013056,144.7,2013,3,6,1
-26.73806,27.59194,153.90001,2013,3,6,1
-26.45,28.085833,147.8,2013,3,6,1
-29.160278,26.573333,178.6,2013,3,6,1
-34.065833,20.404167,182.3,2013,4,6,2
-25.20639,27.558,165.2,2013,4,6,2
-24.69514,27.40906,172.7,2013,4,6,2
-28.747778,31.745833,137.90001,2013,4,6,2
-29.380556,30.2775,122.4,2013,4,6,2
-27.169444,29.233889,138.3,2013,4,6,2
-26.861111,28.884722,143.2,2013,4,6,2
-27.398611,26.614722,177.90001,2013,4,6,2
-34.031944,22.053333,155.7,2013,4,6,2
-34.039722,22.133333,153.90001,2013,4,6,2
-34.075556,20.145556,185.90001,2013,4,6,2
-29.161667,23.696389,210.1,2013,5,6,2
-27.01011111,26.69808333,170.6,2013,5,6,2
-29.140556,31.391944,129.90001,2013,5,6,2
-24.39619444,27.08983333,172.8,2013,5,6,2
-23.658056,31.05,141.8,2013,5,6,2
-23.281,30.54305556,142.7,2013,5,6,2
-27.00222,28.76528,143.40001,2013,5,6,2
-27.02314,28.59389,145.3,2013,5,6,2
-26.648056,27.089444,158.8,2013,5,6,2
-26.970278,27.211111,160.0,2013,5,6,2
-26.880278,26.965,162.6,2013,5,6,2
-27.273889,28.49,146.2,2013,5,6,2
-27.4275,28.525833,145.0,2013,5,6,2
-27.3,28.586944,144.8,2013,5,6,2
-26.98472222,26.63227778,169.1,2013,5,6,2
-34.405833,19.600556,162.8,2013,5,6,2
-28.058889,30.373611,139.90001,2013,5,6,2
-22.769722,30.886944,148.1,2013,6,6,2
-28.801278,31.955389,135.3,2013,6,6,2
-27.937778,31.209444,136.6,2013,6,6,2
-27.5275,30.858056,130.6,2013,6,6,2
-31.394444,20.947222,234.8,2013,6,6,2
-29.651389,22.746389,236.0,2013,6,6,2
-34.005833,22.351111,147.1,2013,6,6,2
-28.116667,26.725278,175.0,2013,7,6,3
-27.902778,24.615556,198.40001,2013,7,6,3
-25.99136,27.84208,149.40001,2013,10,6,4
-29.7775,29.470833,125.5,2013,10,6,4
-29.744167,29.905833,129.0,2013,10,6,4
-26.45,28.085833,147.8,2013,10,6,4
-27.671111,27.236944,167.2,2013,10,6,4
-29.042222,24.6,205.8,2013,10,6,4
-31.396,29.2651,126.3,2013,10,6,4
-31.554722,29.245556,117.5,2013,10,6,4
-27.01011111,26.69808333,170.6,2013,11,6,4
-24.183889,30.823889,137.6,2013,11,6,4
-30.733889,29.828333,121.5,2013,11,6,4
-26.861111,28.884722,143.2,2013,11,6,4
-27.00222,28.76528,143.40001,2013,11,6,4
-26.648056,27.089444,158.8,2013,11,6,4
-26.970278,27.211111,160.0,2013,11,6,4
-26.880278,26.965,162.6,2013,11,6,4
-26.98472222,26.63227778,169.1,2013,11,6,4
-28.69485,28.23487,144.8,2013,11,6,4
-30.568333,29.422778,126.8,2013,11,6,4
-30.570833,29.150556,128.2,2013,11,6,4
-31.104278,29.399722,124.5,2013,11,6,4
-25.45963889,28.26430556,155.0,2013,11,6,4
-28.338333,31.373611,133.1,2013,11,6,4
-28.068333,31.55,140.8,2013,11,6,4
-25.81048333,27.90955222,153.40001,2013,12,6,4
-24.39619444,27.08983333,172.8,2013,12,6,4
-24.058889,31.237222,137.6,2013,12,6,4
-30.398056,30.601944,124.1,2013,12,6,4
-27.802778,28.768333,140.1,2013,12,6,4
-29.033333,23.983333,205.40001,2013,12,6,4
-29.615556,27.065278,166.5,2013,12,6,4
-28.883333,27.89,149.2,2013,12,6,4
-31.031389,28.883333,129.5,2013,12,6,4
-30.86013889,29.07125,130.2,2013,12,6,4
-30.77586667,29.03221667,130.8,2013,12,6,4
-34.092222,21.295278,172.2,2013,12,6,4
-28.44555556,32.325,153.90001,2013,5,9,2
-24.679167,30.8025,127.5,2013,6,14,2
-29.744167,29.905833,129.0,2013,6,14,2
-26.98472222,26.63227778,169.1,2013,6,14,2
-29.803611,30.516111,122.4,2013,6,14,2
-28.96362,19.15486,251.1,2013,6,15,2
-28.735556,29.820556,143.3,2013,6,17,2
-32.502778,19.535833,234.1,2013,6,17,2
-31.860278,18.6875,221.2,2013,6,18,2
-25.20639,27.558,165.2,2013,6,18,2
-24.39619444,27.08983333,172.8,2013,6,18,2
-24.69514,27.40906,172.7,2013,6,18,2
-26.73806,27.59194,153.90001,2013,6,18,2
-26.45,28.085833,147.8,2013,6,18,2
-33.38056,19.30167,199.0,2013,6,18,2
-32.595833,19.009444,222.6,2013,6,18,2
-29.161667,23.696389,210.1,2013,6,19,2
-29.641944,30.6875,127.200005,2013,6,19,2
-25.127778,27.628889,164.7,2013,6,19,2
-23.838611,31.640833,144.8,2013,6,19,2
-27.363611,31.783333,132.8,2013,6,19,2
-26.861111,28.884722,143.2,2013,6,19,2
-31.5653,18.3306,211.6,2013,6,19,2
-32.601389,18.750556,222.8,2013,6,19,2
-33.7075,18.97444444,208.90001,2013,6,19,2
-29.161667,23.696389,210.1,2013,6,20,2
-28.7115,24.07288889,204.0,2013,6,20,2
-27.602222,29.942778,146.2,2013,6,20,2
-29.1825,23.575556,215.5,2013,6,20,2
-34.250556,20.9925,177.3,2013,6,20,2
-33.31388889,19.07472222,212.8,2013,6,20,2
-33.13083,18.86278,215.6,2013,6,20,2
-32.94583,18.33667,200.2,2013,6,20,2
-27.573056,24.746389,200.40001,2013,6,21,2
-28.96362,19.15486,251.1,2013,6,22,2
-29.803611,30.516111,122.4,2013,6,22,2
-25.99136,27.84208,149.40001,2013,6,24,2
-26.45,28.085833,147.8,2013,6,24,2
-33.501667,21.624167,186.2,2013,6,24,2
-27.01011111,26.69808333,170.6,2013,6,25,2
-26.861111,28.884722,143.2,2013,6,25,2
-27.00222,28.76528,143.40001,2013,6,25,2
-26.648056,27.089444,158.8,2013,6,25,2
-26.970278,27.211111,160.0,2013,6,25,2
-26.880278,26.965,162.6,2013,6,25,2
-26.98472222,26.63227778,169.1,2013,6,25,2
-29.042222,24.6,205.8,2013,6,25,2
-29.028629,24.638389,204.90001,2013,6,25,2
-29.033333,23.983333,205.40001,2013,6,25,2
-29.161667,23.696389,210.1,2013,6,26,2
-25.81048333,27.90955222,153.40001,2013,6,26,2
-28.75,30.442778,146.2,2013,6,26,2
-29.161667,30.629722,124.700005,2013,6,26,2
-28.141944,26.417778,180.1,2013,6,26,2
-28.1175,26.719444,175.0,2013,6,26,2
-28.116667,26.725278,175.0,2013,6,26,2
-29.160278,26.573333,178.6,2013,6,26,2
-29.033333,23.983333,205.40001,2013,6,26,2
-27.38972222,26.46388889,179.6,2013,6,27,2
-27.398611,26.614722,177.90001,2013,6,27,2
-27.671111,27.236944,167.2,2013,6,27,2
-28.760833,17.730278,244.2,2013,6,28,2
-29.744167,29.905833,129.0,2013,6,28,2
-28.96362,19.15486,251.1,2013,6,29,2
-26.73806,27.59194,153.90001,2013,1,7,1
-26.45,28.085833,147.8,2013,1,7,1
-34.065833,20.404167,182.3,2013,2,7,1
-25.20639,27.558,165.2,2013,2,7,1
-24.69514,27.40906,172.7,2013,2,7,1
-28.747778,31.745833,137.90001,2013,2,7,1
-27.937778,31.209444,136.6,2013,2,7,1
-29.380556,30.2775,122.4,2013,2,7,1
-27.169444,29.233889,138.3,2013,2,7,1
-26.861111,28.884722,143.2,2013,2,7,1
-27.398611,26.614722,177.90001,2013,2,7,1
-28.69485,28.23487,144.8,2013,2,7,1
-34.031944,22.053333,155.7,2013,2,7,1
-34.075556,20.145556,185.90001,2013,2,7,1
-29.161667,23.696389,210.1,2013,3,7,1
-27.01011111,26.69808333,170.6,2013,3,7,1
-25.127778,27.628889,164.7,2013,3,7,1
-24.39619444,27.08983333,172.8,2013,3,7,1
-27.00222,28.76528,143.40001,2013,3,7,1
-27.02314,28.59389,145.3,2013,3,7,1
-26.648056,27.089444,158.8,2013,3,7,1
-26.970278,27.211111,160.0,2013,3,7,1
-26.880278,26.965,162.6,2013,3,7,1
-27.273889,28.49,146.2,2013,3,7,1
-27.4275,28.525833,145.0,2013,3,7,1
-27.3,28.586944,144.8,2013,3,7,1
-26.98472222,26.63227778,169.1,2013,3,7,1
-34.039722,22.133333,153.90001,2013,3,7,1
-34.405833,19.600556,162.8,2013,3,7,1
-33.870833,20.003333,195.0,2013,3,7,1
-25.57877778,29.12747222,150.0,2013,3,7,1
-22.769722,30.886944,148.1,2013,4,7,2
-28.801278,31.955389,135.3,2013,4,7,2
-27.5275,30.858056,130.6,2013,4,7,2
-26.98472222,26.63227778,169.1,2013,4,7,2
-31.394444,20.947222,234.8,2013,4,7,2
-34.329722,18.990278,164.2,2013,4,7,2
-23.281,30.54305556,142.7,2013,5,7,2
-27.937778,31.209444,136.6,2013,5,7,2
-29.161667,30.629722,124.700005,2013,5,7,2
-27.902778,24.615556,198.40001,2013,5,7,2
-25.99136,27.84208,149.40001,2013,8,7,3
-29.7775,29.470833,125.5,2013,8,7,3
-29.987778,29.851667,123.8,2013,8,7,3
-29.744167,29.905833,129.0,2013,8,7,3
-27.00222,28.76528,143.40001,2013,8,7,3
-26.45,28.085833,147.8,2013,8,7,3
-27.01011111,26.69808333,181.0,2013,9,7,3
-24.670833,28.560833,166.8,2013,9,7,3
-30.733889,29.828333,150.2,2013,9,7,3
-26.648056,27.089444,171.1,2013,9,7,3
-26.970278,27.211111,172.7,2013,9,7,3
-26.880278,26.965,173.7,2013,9,7,3
-26.98472222,26.63227778,180.40001,2013,9,7,3
-29.160278,26.573333,192.6,2013,9,7,3
-28.883333,27.89,160.1,2013,9,7,3
-31.396,29.2651,155.6,2013,9,7,3
-31.554722,29.245556,147.0,2013,9,7,3
-25.45963889,28.26430556,170.7,2013,9,7,3
-28.338333,31.373611,156.6,2013,9,7,3
-28.068333,31.55,162.5,2013,9,7,3
-25.81048333,27.90955222,168.90001,2013,10,7,4
-22.225556,29.990556,154.7,2013,10,7,4
-30.398056,30.601944,156.6,2013,10,7,4
-30.27402,30.69602,155.8,2013,10,7,4
-28.69485,28.23487,155.3,2013,10,7,4
-29.615556,27.065278,179.6,2013,10,7,4
-30.568333,29.422778,150.8,2013,10,7,4
-30.570833,29.150556,150.2,2013,10,7,4
-31.104278,29.399722,154.0,2013,10,7,4
-34.092222,21.295278,163.8,2013,10,7,4
-24.282222,28.090278,162.40001,2013,11,7,4
-30.13573889,30.67422222,156.5,2013,11,7,4
-30.160091,27.40124,172.7,2013,11,7,4
-30.336111,27.359444,175.0,2013,11,7,4
-31.031389,28.883333,151.5,2013,11,7,4
-30.86013889,29.07125,155.0,2013,11,7,4
-30.77586667,29.03221667,155.1,2013,11,7,4
-30.830556,26.921389,186.7,2013,12,7,4
-31.000833,26.353056,194.7,2013,12,7,4
-30.160091,27.40124,172.7,2013,12,7,4
-28.75,30.442778,167.2,2013,7,13,3
-28.735556,29.820556,162.5,2013,7,15,3
-26.73806,27.59194,166.2,2013,7,15,3
-26.45,28.085833,163.6,2013,7,15,3
-33.38056,19.30167,190.6,2013,7,15,3
-27.01011111,26.69808333,181.0,2013,7,16,3
-24.679167,30.8025,140.1,2013,7,16,3
-25.127778,27.628889,180.2,2013,7,16,3
-24.39619444,27.08983333,180.5,2013,7,16,3
-24.69514,27.40906,180.3,2013,7,16,3
-23.658056,31.05,152.2,2013,7,16,3
-27.169444,29.233889,155.5,2013,7,16,3
-26.861111,28.884722,158.2,2013,7,16,3
-27.00222,28.76528,158.8,2013,7,16,3
-26.648056,27.089444,171.1,2013,7,16,3
-26.880278,26.965,173.7,2013,7,16,3
-26.98472222,26.63227778,180.40001,2013,7,16,3
-28.141944,26.417778,189.0,2013,7,16,3
-28.1175,26.719444,184.7,2013,7,16,3
-29.641944,30.6875,153.8,2013,7,17,3
-22.91028,29.61111,145.7,2013,7,17,3
-25.20639,27.558,178.40001,2013,7,17,3
-24.058889,31.237222,152.3,2013,7,17,3
-27.363611,31.783333,154.3,2013,7,17,3
-27.38972222,26.46388889,189.40001,2013,7,17,3
-28.768056,20.720556,253.7,2013,7,17,3
-33.13083,18.86278,193.6,2013,7,17,3
-32.94583,18.33667,191.7,2013,7,17,3
-22.935,28.004167,165.5,2013,7,18,3
-24.183889,30.823889,154.90001,2013,7,18,3
-23.23572222,27.717,170.2,2013,7,18,3
-26.905,32.324722,156.40001,2013,7,18,3
-27.602222,29.942778,161.7,2013,7,18,3
-29.744167,29.905833,155.1,2013,7,18,3
-27.935,26.126667,189.6,2013,7,18,3
-28.141944,26.417778,189.0,2013,7,18,3
-27.902778,24.615556,211.90001,2013,7,19,3
-28.96362,19.15486,251.5,2013,7,20,3
-25.99136,27.84208,165.8,2013,7,22,3
-32.502778,19.535833,214.8,2013,7,22,3
-31.860278,18.6875,217.5,2013,7,23,3
-26.45,28.085833,163.6,2013,7,23,3
-28.141944,26.417778,189.0,2013,7,23,3
-28.1175,26.719444,184.7,2013,7,23,3
-32.595833,19.009444,215.3,2013,7,23,3
-25.45963889,28.26430556,170.7,2013,7,23,3
-29.161667,23.696389,225.5,2013,7,24,3
-25.81048333,27.90955222,168.90001,2013,7,24,3
-26.861111,28.884722,158.2,2013,7,24,3
-27.00222,28.76528,158.8,2013,7,24,3
-26.970278,27.211111,172.7,2013,7,24,3
-27.671111,27.236944,178.40001,2013,7,24,3
-33.501667,21.624167,179.1,2013,7,24,3
-33.7075,18.97444444,195.7,2013,7,24,3
-27.01011111,26.69808333,181.0,2013,7,25,3
-23.838611,31.640833,155.1,2013,7,25,3
-29.744167,29.905833,155.1,2013,7,25,3
-26.648056,27.089444,171.1,2013,7,25,3
-26.880278,26.965,173.7,2013,7,25,3
-27.38972222,26.46388889,189.40001,2013,7,25,3
-26.98472222,26.63227778,180.40001,2013,7,25,3
-27.398611,26.614722,187.40001,2013,7,25,3
-33.31388889,19.07472222,200.1,2013,7,25,3
-29.140556,31.391944,157.1,2013,7,29,3
-34.065833,20.404167,175.5,2013,7,30,3
-25.127778,27.628889,180.2,2013,7,30,3
-25.20639,27.558,178.40001,2013,7,30,3
-24.69514,27.40906,180.3,2013,7,30,3
-28.404444,30.013056,163.7,2013,7,30,3
-29.380556,30.2775,147.8,2013,7,30,3
-26.648056,27.089444,171.1,2013,7,30,3
-26.970278,27.211111,172.7,2013,7,30,3
-26.880278,26.965,173.7,2013,7,30,3
-26.98472222,26.63227778,180.40001,2013,7,30,3
-29.160278,26.573333,192.6,2013,7,30,3
-28.69485,28.23487,155.3,2013,7,30,3
-28.883333,27.89,160.1,2013,7,30,3
-34.075556,20.145556,178.0,2013,7,30,3
-28.058889,30.373611,157.90001,2013,7,30,3
-29.161667,23.696389,225.5,2013,7,31,3
-24.39619444,27.08983333,180.5,2013,7,31,3
-28.747778,31.745833,160.1,2013,7,31,3
-28.801278,31.955389,159.1,2013,7,31,3
-29.615556,27.065278,179.6,2013,7,31,3
-34.405833,19.600556,156.6,2013,7,31,3
-27.5275,30.858056,151.7,2013,1,8,1
-27.902778,24.615556,211.90001,2013,1,8,1
-30.160091,27.40124,172.7,2013,1,8,1
-30.336111,27.359444,175.0,2013,1,8,1
-29.651389,22.746389,228.90001,2013,1,8,1
-29.1825,23.575556,224.90001,2013,1,8,1
-33.897778,20.012778,180.6,2013,1,8,1
-29.744167,29.905833,155.1,2013,2,8,1
-28.068333,31.55,162.5,2013,3,8,1
-25.99136,27.84208,165.8,2013,5,8,2
-29.7775,29.470833,146.0,2013,5,8,2
-29.987778,29.851667,150.6,2013,5,8,2
-29.744167,29.905833,155.1,2013,5,8,2
-26.45,28.085833,163.6,2013,5,8,2
-31.396,29.2651,155.6,2013,5,8,2
-31.554722,29.245556,147.0,2013,5,8,2
-27.169444,29.233889,155.5,2013,6,8,2
-30.570833,29.150556,150.2,2013,6,8,2
-31.104278,29.399722,154.0,2013,6,8,2
-25.45963889,28.26430556,170.7,2013,6,8,2
-28.338333,31.373611,156.6,2013,6,8,2
-28.068333,31.55,162.5,2013,6,8,2
-29.161667,23.696389,225.5,2013,7,8,3
-25.81048333,27.90955222,168.90001,2013,7,8,3
-30.830556,26.921389,186.7,2013,7,8,3
-30.398056,30.601944,156.6,2013,7,8,3
-27.02314,28.59389,160.8,2013,7,8,3
-27.273889,28.49,160.1,2013,7,8,3
-27.4275,28.525833,159.0,2013,7,8,3
-27.3,28.586944,159.8,2013,7,8,3
-27.398611,26.614722,187.40001,2013,7,8,3
-29.033333,23.983333,219.8,2013,7,8,3
-31.031389,28.883333,151.5,2013,7,8,3
-30.86013889,29.07125,155.0,2013,7,8,3
-30.77586667,29.03221667,155.1,2013,7,8,3
-27.01011111,26.69808333,181.0,2013,8,8,3
-28.44555556,32.325,153.90001,2013,1,10,1
-26.648056,27.089444,171.1,2013,8,8,3
-26.970278,27.211111,172.7,2013,8,8,3
-26.98472222,26.63227778,180.40001,2013,8,8,3
-27.573056,24.746389,203.0,2013,8,8,3
-31.000833,26.353056,194.7,2013,8,8,3
-30.679722,26.7125,192.1,2013,8,8,3
-30.570833,29.150556,150.2,2013,8,8,3
-25.57877778,29.12747222,167.40001,2013,8,8,3
-29.803611,30.516111,150.2,2013,9,8,3
-28.735556,29.820556,162.5,2013,12,8,4
-26.73806,27.59194,166.2,2013,12,8,4
-26.45,28.085833,163.6,2013,12,8,4
-26.98472222,26.63227778,180.40001,2013,12,8,4
-33.38056,19.30167,190.6,2013,12,8,4
-28.760833,17.730278,240.3,2013,8,13,3
-22.225556,29.990556,154.7,2013,8,13,3
-25.127778,27.628889,180.2,2013,8,13,3
-24.39619444,27.08983333,180.5,2013,8,13,3
-24.69514,27.40906,180.3,2013,8,13,3
-23.658056,31.05,152.2,2013,8,13,3
-23.281,30.54305556,147.40001,2013,8,13,3
-27.169444,29.233889,155.5,2013,8,13,3
-27.00222,28.76528,158.8,2013,8,13,3
-26.970278,27.211111,172.7,2013,8,13,3
-29.1825,23.575556,224.90001,2013,8,13,3
-34.039722,22.133333,150.2,2013,8,13,3
-34.02861,22.22222,147.90001,2013,8,13,3
-31.5653,18.3306,211.90001,2013,8,13,3
-29.161667,23.696389,225.5,2013,8,14,3
-27.01011111,26.69808333,181.0,2013,8,14,3
-29.641944,30.6875,153.8,2013,8,14,3
-24.183889,30.823889,154.90001,2013,8,14,3
-25.20639,27.558,178.40001,2013,8,14,3
-22.769722,30.886944,148.0,2013,8,14,3
-23.838611,31.640833,155.1,2013,8,14,3
-24.058889,31.237222,152.3,2013,8,14,3
-27.363611,31.783333,154.3,2013,8,14,3
-26.648056,27.089444,171.1,2013,8,14,3
-26.880278,26.965,173.7,2013,8,14,3
-27.38972222,26.46388889,189.40001,2013,8,14,3
-26.98472222,26.63227778,180.40001,2013,8,14,3
-28.141944,26.417778,189.0,2013,8,14,3
-28.1175,26.719444,184.7,2013,8,14,3
-29.033333,23.983333,219.8,2013,8,14,3
-28.768056,20.720556,253.7,2013,8,14,3
-34.092222,21.295278,163.8,2013,8,14,3
-33.13083,18.86278,193.6,2013,8,14,3
-26.905,32.324722,156.40001,2013,8,15,3
-27.602222,29.942778,161.7,2013,8,15,3
-27.398611,26.614722,187.40001,2013,8,15,3
-27.671111,27.236944,178.40001,2013,8,15,3
-27.902778,24.615556,211.90001,2013,8,15,3
-24.679167,30.8025,140.1,2013,8,16,3
-29.744167,29.905833,155.1,2013,8,16,3
-25.447222,30.711667,151.2,2013,8,18,3
-25.99136,27.84208,165.8,2013,8,19,3
-29.160278,26.573333,192.6,2013,8,19,3
-32.502778,19.535833,214.8,2013,8,19,3
-31.860278,18.6875,217.5,2013,8,20,3
-22.91028,29.61111,145.7,2013,8,20,3
-25.45963889,28.26430556,170.7,2013,8,20,3
-25.81048333,27.90955222,168.90001,2013,8,21,3
-22.935,28.004167,165.5,2013,8,21,3
-26.03611,30.99778,155.5,2013,8,21,3
-28.75,30.442778,167.2,2013,8,21,3
-29.161667,30.629722,146.8,2013,8,21,3
-26.45,28.085833,163.6,2013,8,21,3
-27.671111,27.236944,178.40001,2013,8,21,3
-33.7075,18.97444444,195.7,2013,8,21,3
-27.01011111,26.69808333,181.0,2013,8,22,3
-24.282222,28.090278,162.40001,2013,8,22,3
-27.00222,28.76528,158.8,2013,8,22,3
-26.98472222,26.63227778,180.40001,2013,8,22,3
-28.116667,26.725278,184.7,2013,8,22,3
-33.31388889,19.07472222,200.1,2013,8,22,3
-26.648056,27.089444,171.1,2013,8,23,3
-26.970278,27.211111,172.7,2013,8,23,3
-26.880278,26.965,173.7,2013,8,23,3
-30.398056,30.601944,156.6,2013,8,24,3
-24.99328,30.81444,131.2,2013,8,26,3
-29.380556,30.2775,147.8,2013,8,26,3
-26.73806,27.59194,166.2,2013,8,26,3
-26.45,28.085833,163.6,2013,8,26,3
-33.818056,19.694722,193.40001,2013,8,26,3
-34.065833,20.404167,175.5,2013,8,27,3
-25.127778,27.628889,180.2,2013,8,27,3
-24.69514,27.40906,180.3,2013,8,27,3
-22.43772222,31.07805556,156.1,2013,8,27,3
-25.681111,31.783333,146.7,2013,8,27,3
-25.67386,31.57527,147.8,2013,8,27,3
-28.747778,31.745833,160.1,2013,8,27,3
-27.169444,29.233889,155.5,2013,8,27,3
-27.00222,28.76528,158.8,2013,8,27,3
-27.273889,28.49,160.1,2013,8,27,3
-29.042222,24.6,216.6,2013,8,27,3
-29.028629,24.638389,215.2,2013,8,27,3
-29.033333,23.983333,219.8,2013,8,27,3
-28.760833,17.730278,240.3,2013,8,28,3
-29.161667,23.696389,225.5,2013,8,28,3
-25.436111,31.982222,140.8,2013,8,28,3
-23.838611,31.640833,155.1,2013,8,28,3
-25.398889,31.610556,144.0,2013,8,28,3
-25.14944444,31.94055556,141.2,2013,8,28,3
-28.801278,31.955389,159.1,2013,8,28,3
-27.937778,31.209444,158.3,2013,8,28,3
-28.69485,28.23487,155.3,2013,8,28,3
-28.883333,27.89,160.1,2013,8,28,3
-34.405833,19.600556,156.6,2013,8,28,3
-28.058889,30.373611,157.90001,2013,8,28,3
-27.5275,30.858056,151.7,2013,8,29,3
-26.970278,27.211111,172.7,2013,8,29,3
-33.501667,21.624167,179.1,2013,8,29,3
-34.075556,20.145556,178.0,2013,8,29,3
-33.897778,20.012778,180.6,2013,8,29,3
-27.01011111,26.69808333,181.0,2013,8,30,3
-29.744167,29.905833,155.1,2013,8,30,3
-26.648056,27.089444,171.1,2013,8,30,3
-26.880278,26.965,173.7,2013,8,30,3
-26.98472222,26.63227778,180.40001,2013,8,30,3
-25.99136,27.84208,165.8,2013,2,9,1
-30.733889,29.828333,150.2,2013,2,9,1
-29.7775,29.470833,146.0,2013,2,9,1
-29.987778,29.851667,150.6,2013,2,9,1
-29.744167,29.905833,155.1,2013,2,9,1
-26.45,28.085833,163.6,2013,2,9,1
-27.671111,27.236944,178.40001,2013,2,9,1
-31.396,29.2651,155.6,2013,2,9,1
-31.554722,29.245556,147.0,2013,2,9,1
-25.73411,27.21422,168.6,2013,3,9,1
-27.398611,26.614722,187.40001,2013,3,9,1
-29.160278,26.573333,192.6,2013,3,9,1
-30.568333,29.422778,150.8,2013,3,9,1
-30.570833,29.150556,150.2,2013,3,9,1
-31.104278,29.399722,154.0,2013,3,9,1
-25.45963889,28.26430556,170.7,2013,3,9,1
-28.338333,31.373611,156.6,2013,3,9,1
-27.495556,26.074722,192.40001,2013,3,9,1
-29.161667,23.696389,225.5,2013,4,9,2
-27.01011111,26.69808333,181.0,2013,4,9,2
-25.81048333,27.90955222,168.90001,2013,4,9,2
-23.658056,31.05,152.2,2013,4,9,2
-25.49037,30.6986,148.40001,2013,4,9,2
-27.00222,28.76528,158.8,2013,4,9,2
-26.648056,27.089444,171.1,2013,4,9,2
-26.970278,27.211111,172.7,2013,4,9,2
-26.880278,26.965,173.7,2013,4,9,2
-27.273889,28.49,160.1,2013,4,9,2
-27.3,28.586944,159.8,2013,4,9,2
-26.98472222,26.63227778,180.40001,2013,4,9,2
-29.033333,23.983333,219.8,2013,4,9,2
-30.336111,27.359444,175.0,2013,4,9,2
-29.615556,27.065278,179.6,2013,4,9,2
-31.031389,28.883333,151.5,2013,4,9,2
-30.86013889,29.07125,155.0,2013,4,9,2
-30.77586667,29.03221667,155.1,2013,4,9,2
-34.031944,22.053333,151.6,2013,4,9,2
-34.039722,22.133333,150.2,2013,4,9,2
-33.08883333,19.21878333,189.8,2013,4,9,2
-30.830556,26.921389,186.7,2013,5,9,2
-28.44555556,32.325,153.90001,2013,3,10,1
-29.744167,29.905833,155.1,2013,5,9,2
-30.13573889,30.67422222,156.5,2013,5,9,2
-29.160278,26.573333,192.6,2013,5,9,2
-30.679722,26.7125,192.1,2013,5,9,2
-30.160091,27.40124,172.7,2013,5,9,2
-34.02861,22.22222,147.90001,2013,5,9,2
-24.058889,31.237222,152.3,2013,6,9,2
-27.573056,24.746389,203.0,2013,6,9,2
-31.000833,26.353056,194.7,2013,6,9,2
-29.803611,30.516111,150.2,2013,6,9,2
-28.735556,29.820556,162.5,2013,9,9,3
-26.73806,27.59194,166.2,2013,9,9,3
-26.45,28.085833,163.6,2013,9,9,3
-33.38056,19.30167,190.6,2013,9,9,3
-32.502778,19.535833,214.8,2013,9,9,3
-34.005833,22.351111,144.8,2013,9,9,3
-31.860278,18.6875,217.5,2013,10,9,4
-25.127778,27.628889,180.2,2013,10,9,4
-24.69514,27.40906,180.3,2013,10,9,4
-22.769722,30.886944,148.0,2013,10,9,4
-23.281,30.54305556,147.40001,2013,10,9,4
-27.802778,28.768333,154.3,2013,10,9,4
-32.595833,19.009444,215.3,2013,10,9,4
-29.161667,23.696389,225.5,2013,11,9,4
-27.01011111,26.69808333,181.0,2013,11,9,4
-29.641944,30.6875,153.8,2013,11,9,4
-25.20639,27.558,178.40001,2013,11,9,4
-27.363611,31.783333,154.3,2013,11,9,4
-26.970278,27.211111,172.7,2013,11,9,4
-26.880278,26.965,173.7,2013,11,9,4
-26.98472222,26.63227778,180.40001,2013,11,9,4
-28.768056,20.720556,253.7,2013,11,9,4
-34.092222,21.295278,163.8,2013,11,9,4
-33.13083,18.86278,193.6,2013,11,9,4
-33.7075,18.97444444,195.7,2013,11,9,4
-32.94583,18.33667,191.7,2013,11,9,4
-26.905,32.324722,156.40001,2013,12,9,4
-27.602222,29.942778,161.7,2013,12,9,4
-33.31388889,19.07472222,200.1,2013,12,9,4
-26.98472222,26.63227778,180.40001,2013,9,13,3
-27.902778,24.615556,211.90001,2013,9,13,3
-25.99136,27.84208,165.8,2013,9,16,3
-26.03611,30.99778,155.5,2013,9,16,3
-26.45,28.085833,163.6,2013,9,16,3
-25.447222,30.711667,151.2,2013,9,16,3
-28.760833,17.730278,240.3,2013,9,17,3
-27.01011111,26.69808333,181.0,2013,9,17,3
-25.73411,27.21422,168.6,2013,9,17,3
-27.00222,28.76528,158.8,2013,9,17,3
-26.648056,27.089444,171.1,2013,9,17,3
-26.970278,27.211111,172.7,2013,9,17,3
-26.880278,26.965,173.7,2013,9,17,3
-26.98472222,26.63227778,180.40001,2013,9,17,3
-29.042222,24.6,216.6,2013,9,17,3
-29.028629,24.638389,215.2,2013,9,17,3
-29.033333,23.983333,219.8,2013,9,17,3
-25.45963889,28.26430556,170.7,2013,9,17,3
-25.57877778,29.12747222,167.40001,2013,9,17,3
-28.760833,17.730278,240.3,2013,9,18,3
-29.161667,23.696389,225.5,2013,9,18,3
-25.81048333,27.90955222,168.90001,2013,9,18,3
-25.398889,31.610556,144.0,2013,9,18,3
-27.935,26.126667,189.6,2013,9,18,3
-27.671111,27.236944,178.40001,2013,9,18,3
-29.033333,23.983333,219.8,2013,9,18,3
-28.75,30.442778,167.2,2013,9,19,3
-27.38972222,26.46388889,189.40001,2013,9,19,3
-34.250556,20.9925,168.1,2013,9,19,3
-29.744167,29.905833,155.1,2013,9,20,3
-27.671111,27.236944,178.40001,2013,9,20,3
-27.573056,24.746389,203.0,2013,9,20,3
-28.760833,17.730278,240.3,2013,9,23,3
-29.380556,30.2775,147.8,2013,9,23,3
-33.818056,19.694722,193.40001,2013,9,23,3
-34.065833,20.404167,175.5,2013,9,24,3
-24.670833,28.560833,166.8,2013,9,24,3
-25.681111,31.783333,146.7,2013,9,24,3
-25.67386,31.57527,147.8,2013,9,24,3
-28.747778,31.745833,160.1,2013,9,24,3
-29.140556,31.391944,157.1,2013,9,25,3
-25.127778,27.628889,180.2,2013,9,25,3
-24.69514,27.40906,180.3,2013,9,25,3
-27.937778,31.209444,158.3,2013,9,25,3
-28.404444,30.013056,163.7,2013,9,25,3
-26.73806,27.59194,166.2,2013,9,25,3
-26.45,28.085833,163.6,2013,9,25,3
-33.501667,21.624167,179.1,2013,9,25,3
-27.01011111,26.69808333,181.0,2013,9,26,3
-22.225556,29.990556,154.7,2013,9,26,3
-25.436111,31.982222,140.8,2013,9,26,3
-25.20639,27.558,178.40001,2013,9,26,3
-28.801278,31.955389,159.1,2013,9,26,3
-27.169444,29.233889,155.5,2013,9,26,3
-27.00222,28.76528,158.8,2013,9,26,3
-26.648056,27.089444,171.1,2013,9,26,3
-26.970278,27.211111,172.7,2013,9,26,3
-26.880278,26.965,173.7,2013,9,26,3
-28.141944,26.417778,189.0,2013,9,26,3
-28.058889,30.373611,157.90001,2013,9,26,3
-26.861111,28.884722,158.2,2013,9,27,3
-27.902778,24.615556,211.90001,2013,9,27,3
-25.99136,27.84208,165.8,2013,9,30,3
-29.7775,29.470833,146.0,2013,9,30,3
-29.987778,29.851667,150.6,2013,9,30,3
-29.744167,29.905833,155.1,2013,9,30,3
-26.45,28.085833,163.6,2013,9,30,3
-31.396,29.2651,155.6,2013,9,30,3
-31.554722,29.245556,147.0,2013,9,30,3
-24.183889,30.823889,154.90001,2013,1,10,1
-25.73411,27.21422,168.6,2013,1,10,1
-28.44555556,32.325,153.90001,2013,10,31,4
-27.671111,27.236944,178.40001,2013,1,10,1
-30.568333,29.422778,150.8,2013,1,10,1
-30.570833,29.150556,150.2,2013,1,10,1
-31.104278,29.399722,154.0,2013,1,10,1
-34.031944,22.053333,151.6,2013,1,10,1
-34.005833,22.351111,144.8,2013,1,10,1
-25.45963889,28.26430556,170.7,2013,1,10,1
-28.068333,31.55,162.5,2013,1,10,1
-29.161667,23.696389,225.5,2013,2,10,1
-27.01011111,26.69808333,181.0,2013,2,10,1
-25.81048333,27.90955222,168.90001,2013,2,10,1
-24.058889,31.237222,152.3,2013,2,10,1
-30.733889,29.828333,150.2,2013,2,10,1
-30.398056,30.601944,156.6,2013,2,10,1
-27.00222,28.76528,158.8,2013,2,10,1
-27.02314,28.59389,160.8,2013,2,10,1
-27.273889,28.49,160.1,2013,2,10,1
-27.3,28.586944,159.8,2013,2,10,1
-27.802778,28.768333,154.3,2013,2,10,1
-26.98472222,26.63227778,180.40001,2013,2,10,1
-27.398611,26.614722,187.40001,2013,2,10,1
-27.671111,27.236944,178.40001,2013,2,10,1
-29.160278,26.573333,192.6,2013,2,10,1
-29.615556,27.065278,179.6,2013,2,10,1
-28.883333,27.89,160.1,2013,2,10,1
-31.031389,28.883333,151.5,2013,2,10,1
-30.86013889,29.07125,155.0,2013,2,10,1
-30.77586667,29.03221667,155.1,2013,2,10,1
-34.039722,22.133333,150.2,2013,2,10,1
-34.02861,22.22222,147.90001,2013,2,10,1
-27.495556,26.074722,192.40001,2013,2,10,1
-28.44555556,32.325,140.7,2014,1,16,1
-29.744167,29.905833,155.1,2013,3,10,1
-26.648056,27.089444,171.1,2013,3,10,1
-26.970278,27.211111,172.7,2013,3,10,1
-26.880278,26.965,173.7,2013,3,10,1
-27.3,28.586944,159.8,2013,3,10,1
-30.160091,27.40124,172.7,2013,3,10,1
-30.336111,27.359444,175.0,2013,3,10,1
-29.615556,27.065278,179.6,2013,3,10,1
-30.830556,26.921389,186.7,2013,4,10,2
-30.679722,26.7125,192.1,2013,4,10,2
-29.803611,30.516111,150.2,2013,4,10,2
-26.73806,27.59194,166.2,2013,7,10,3
-26.45,28.085833,163.6,2013,7,10,3
-31.436944,20.474722,217.3,2013,7,10,3
-29.1825,23.575556,224.90001,2013,7,10,3
-33.38056,19.30167,190.6,2013,7,10,3
-32.502778,19.535833,214.8,2013,7,10,3
-31.860278,18.6875,217.5,2013,8,10,3
-25.127778,27.628889,180.2,2013,8,10,3
-24.69514,27.40906,180.3,2013,8,10,3
-22.769722,30.886944,148.0,2013,8,10,3
-28.735556,29.820556,162.5,2013,8,10,3
-27.169444,29.233889,155.5,2013,8,10,3
-26.861111,28.884722,158.2,2013,8,10,3
-27.00222,28.76528,158.8,2013,8,10,3
-34.092222,21.295278,163.8,2013,8,10,3
-33.13083,18.86278,193.6,2013,8,10,3
-32.94583,18.33667,191.7,2013,8,10,3
-29.161667,23.696389,225.5,2013,9,10,3
-29.641944,30.6875,153.8,2013,9,10,3
-25.20639,27.558,178.40001,2013,9,10,3
-26.905,32.324722,156.40001,2013,9,10,3
-27.602222,29.942778,161.7,2013,9,10,3
-33.7075,18.97444444,195.7,2013,9,10,3
-23.658056,31.05,152.2,2013,10,10,4
-27.363611,31.783333,154.3,2013,10,10,4
-26.970278,27.211111,172.7,2013,10,10,4
-33.31388889,19.07472222,200.1,2013,10,10,4
-27.01011111,26.69808333,181.0,2013,11,10,4
-26.648056,27.089444,171.1,2013,11,10,4
-26.880278,26.965,173.7,2013,11,10,4
-26.98472222,26.63227778,180.40001,2013,11,10,4
-27.902778,24.615556,211.90001,2013,11,10,4
-26.861111,28.884722,158.2,2013,10,13,4
-25.99136,27.84208,165.8,2013,10,14,4
-26.45,28.085833,163.6,2013,10,14,4
-27.01011111,26.69808333,181.0,2013,10,15,4
-25.73411,27.21422,168.6,2013,10,15,4
-24.99328,30.81444,131.2,2013,10,15,4
-27.5275,30.858056,151.7,2013,10,15,4
-26.861111,28.884722,158.2,2013,10,15,4
-27.00222,28.76528,158.8,2013,10,15,4
-26.648056,27.089444,171.1,2013,10,15,4
-26.970278,27.211111,172.7,2013,10,15,4
-26.880278,26.965,173.7,2013,10,15,4
-26.98472222,26.63227778,180.40001,2013,10,15,4
-25.45963889,28.26430556,170.7,2013,10,15,4
-29.161667,23.696389,225.5,2013,10,16,4
-25.81048333,27.90955222,168.90001,2013,10,16,4
-24.670833,28.560833,166.8,2013,10,16,4
-28.75,30.442778,167.2,2013,10,16,4
-29.161667,30.629722,146.8,2013,10,16,4
-29.160278,26.573333,192.6,2013,10,16,4
-29.033333,23.983333,219.8,2013,10,16,4
-28.768056,20.720556,253.7,2013,10,16,4
-29.161667,23.696389,225.5,2013,10,17,4
-29.744167,29.905833,155.1,2013,10,17,4
-27.671111,27.236944,178.40001,2013,10,17,4
-34.250556,20.9925,168.1,2013,10,17,4
-29.380556,30.2775,147.8,2013,10,21,4
-33.818056,19.694722,193.40001,2013,10,21,4
-27.01011111,26.69808333,181.0,2013,10,22,4
-34.065833,20.404167,175.5,2013,10,22,4
-25.127778,27.628889,180.2,2013,10,22,4
-25.20639,27.558,178.40001,2013,10,22,4
-24.69514,27.40906,180.3,2013,10,22,4
-26.648056,27.089444,171.1,2013,10,22,4
-26.970278,27.211111,172.7,2013,10,22,4
-26.880278,26.965,173.7,2013,10,22,4
-26.73806,27.59194,166.2,2013,10,22,4
-26.45,28.085833,163.6,2013,10,22,4
-26.98472222,26.63227778,180.40001,2013,10,22,4
-28.141944,26.417778,189.0,2013,10,22,4
-29.042222,24.6,216.6,2013,10,22,4
-29.028629,24.638389,215.2,2013,10,22,4
-33.501667,21.624167,179.1,2013,10,22,4
-34.075556,20.145556,178.0,2013,10,22,4
-28.760833,17.730278,240.3,2013,10,23,4
-29.161667,23.696389,225.5,2013,10,23,4
-29.140556,31.391944,157.1,2013,10,23,4
-28.801278,31.955389,159.1,2013,10,23,4
-27.169444,29.233889,155.5,2013,10,23,4
-26.861111,28.884722,158.2,2013,10,23,4
-27.00222,28.76528,158.8,2013,10,23,4
-26.970278,27.211111,172.7,2013,10,23,4
-27.38972222,26.46388889,189.40001,2013,10,23,4
-26.98472222,26.63227778,180.40001,2013,10,23,4
-27.398611,26.614722,187.40001,2013,10,23,4
-27.671111,27.236944,178.40001,2013,10,23,4
-34.405833,19.600556,156.6,2013,10,23,4
-28.058889,30.373611,157.90001,2013,10,23,4
-33.897778,20.012778,180.6,2013,10,23,4
-28.747778,31.745833,160.1,2013,10,24,4
-27.5275,30.858056,151.7,2013,10,24,4
-28.116667,26.725278,184.7,2013,10,24,4
-34.329722,18.990278,154.90001,2013,10,24,4
-27.573056,24.746389,203.0,2013,10,25,4
-25.99136,27.84208,165.8,2013,10,28,4
-29.7775,29.470833,146.0,2013,10,28,4
-29.987778,29.851667,150.6,2013,10,28,4
-29.744167,29.905833,155.1,2013,10,28,4
-26.45,28.085833,163.6,2013,10,28,4
-27.01011111,26.69808333,181.0,2013,10,29,4
-25.73411,27.21422,168.6,2013,10,29,4
-30.733889,29.828333,150.2,2013,10,29,4
-27.00222,28.76528,158.8,2013,10,29,4
-26.648056,27.089444,171.1,2013,10,29,4
-26.970278,27.211111,172.7,2013,10,29,4
-26.880278,26.965,173.7,2013,10,29,4
-27.802778,28.768333,154.3,2013,10,29,4
-26.98472222,26.63227778,180.40001,2013,10,29,4
-25.45963889,28.26430556,170.7,2013,10,29,4
-28.338333,31.373611,156.6,2013,10,29,4
-28.068333,31.55,162.5,2013,10,29,4
-25.81048333,27.90955222,168.90001,2013,10,30,4
-30.830556,26.921389,186.7,2013,10,30,4
-30.398056,30.601944,156.6,2013,10,30,4
-30.160091,27.40124,172.7,2013,10,30,4
-30.336111,27.359444,175.0,2013,10,30,4
-28.883333,27.89,160.1,2013,10,30,4
-28.768056,20.720556,253.7,2013,10,30,4
-31.104278,29.399722,154.0,2013,10,30,4
-31.396,29.2651,155.6,2013,10,30,4
-31.554722,29.245556,147.0,2013,10,30,4
-28.44555556,32.325,140.7,2014,2,13,1
-30.13573889,30.67422222,156.5,2013,10,31,4
-28.69485,28.23487,155.3,2013,10,31,4
-28.883333,27.89,160.1,2013,10,31,4
-31.436944,20.474722,217.3,2013,10,31,4
-30.570833,29.150556,150.2,2013,10,31,4
-29.744167,29.905833,155.1,2013,1,11,1
-30.568333,29.422778,150.8,2013,1,11,1
-31.031389,28.883333,151.5,2013,1,11,1
-30.77586667,29.03221667,155.1,2013,1,11,1
-29.803611,30.516111,150.2,2013,1,11,1
-26.73806,27.59194,166.2,2013,4,11,2
-26.45,28.085833,163.6,2013,4,11,2
-27.3,28.586944,159.8,2013,4,11,2
-26.98472222,26.63227778,180.40001,2013,4,11,2
-33.38056,19.30167,190.6,2013,4,11,2
-32.502778,19.535833,214.8,2013,4,11,2
-27.01011111,26.69808333,181.0,2013,5,11,2
-31.860278,18.6875,217.5,2013,5,11,2
-24.679167,30.8025,140.1,2013,5,11,2
-33.980556,21.653333,162.6,2013,5,11,2
-25.127778,27.628889,180.2,2013,5,11,2
-24.39619444,27.08983333,180.5,2013,5,11,2
-24.69514,27.40906,180.3,2013,5,11,2
-27.169444,29.233889,155.5,2013,5,11,2
-26.861111,28.884722,158.2,2013,5,11,2
-26.98472222,26.63227778,180.40001,2013,5,11,2
-27.398611,26.614722,187.40001,2013,5,11,2
-27.671111,27.236944,178.40001,2013,5,11,2
-32.595833,19.009444,215.3,2013,5,11,2
-29.641944,30.6875,153.8,2013,6,11,2
-25.20639,27.558,178.40001,2013,6,11,2
-27.00222,28.76528,158.8,2013,6,11,2
-27.02314,28.59389,160.8,2013,6,11,2
-26.970278,27.211111,172.7,2013,6,11,2
-26.880278,26.965,173.7,2013,6,11,2
-27.273889,28.49,160.1,2013,6,11,2
-27.4275,28.525833,159.0,2013,6,11,2
-33.13083,18.86278,193.6,2013,6,11,2
-33.7075,18.97444444,195.7,2013,6,11,2
-32.94583,18.33667,191.7,2013,6,11,2
-24.058889,31.237222,152.3,2013,7,11,3
-27.602222,29.942778,161.7,2013,7,11,3
-27.3,28.586944,159.8,2013,7,11,3
-27.902778,24.615556,211.90001,2013,7,11,3
-28.69485,28.23487,155.3,2013,7,11,3
-33.31388889,19.07472222,200.1,2013,7,11,3
-27.573056,24.746389,203.0,2013,8,11,3
-27.573056,24.746389,203.0,2013,10,11,4
-28.760833,17.730278,240.3,2013,11,11,4
-29.161667,23.696389,225.5,2013,11,11,4
-25.99136,27.84208,165.8,2013,11,11,4
-26.861111,28.884722,158.2,2013,11,11,4
-30.86013889,29.07125,155.0,2013,11,11,4
-27.01011111,26.69808333,181.0,2013,12,11,4
-25.73411,27.21422,168.6,2013,12,11,4
-22.769722,30.886944,148.0,2013,12,11,4
-27.00222,28.76528,158.8,2013,12,11,4
-26.648056,27.089444,171.1,2013,12,11,4
-26.970278,27.211111,172.7,2013,12,11,4
-26.880278,26.965,173.7,2013,12,11,4
-26.98472222,26.63227778,180.40001,2013,12,11,4
-33.08883333,19.21878333,189.8,2013,12,11,4
-25.45963889,28.26430556,170.7,2013,12,11,4
-29.161667,23.696389,225.5,2013,11,13,4
-25.81048333,27.90955222,168.90001,2013,11,13,4
-22.43772222,31.07805556,156.1,2013,11,13,4
-28.75,30.442778,167.2,2013,11,13,4
-29.161667,30.629722,146.8,2013,11,13,4
-28.141944,26.417778,189.0,2013,11,13,4
-28.1175,26.719444,184.7,2013,11,13,4
-29.160278,26.573333,192.6,2013,11,13,4
-29.033333,23.983333,219.8,2013,11,13,4
-34.02861,22.22222,147.90001,2013,11,13,4
-34.005833,22.351111,144.8,2013,11,13,4
-23.658056,31.05,152.2,2013,11,14,4
-29.744167,29.905833,155.1,2013,11,14,4
-27.273889,28.49,160.1,2013,11,14,4
-27.4275,28.525833,159.0,2013,11,14,4
-27.3,28.586944,159.8,2013,11,14,4
-27.398611,26.614722,187.40001,2013,11,14,4
-27.671111,27.236944,178.40001,2013,11,14,4
-34.031944,22.053333,151.6,2013,11,15,4
-34.039722,22.133333,150.2,2013,11,15,4
-24.925278,29.324444,172.3,2013,11,18,4
-29.380556,30.2775,147.8,2013,11,18,4
-26.73806,27.59194,166.2,2013,11,18,4
-26.45,28.085833,163.6,2013,11,18,4
-33.870833,20.003333,180.40001,2013,11,18,4
-33.818056,19.694722,193.40001,2013,11,18,4
-27.01011111,26.69808333,181.0,2013,11,19,4
-34.065833,20.404167,175.5,2013,11,19,4
-25.20639,27.558,178.40001,2013,11,19,4
-24.69514,27.40906,180.3,2013,11,19,4
-28.747778,31.745833,160.1,2013,11,19,4
-27.169444,29.233889,155.5,2013,11,19,4
-26.861111,28.884722,158.2,2013,11,19,4
-27.00222,28.76528,158.8,2013,11,19,4
-26.648056,27.089444,171.1,2013,11,19,4
-26.970278,27.211111,172.7,2013,11,19,4
-26.880278,26.965,173.7,2013,11,19,4
-27.3,28.586944,159.8,2013,11,19,4
-26.98472222,26.63227778,180.40001,2013,11,19,4
-27.671111,27.236944,178.40001,2013,11,19,4
-31.396,29.2651,155.6,2013,11,19,4
-31.554722,29.245556,147.0,2013,11,19,4
-34.075556,20.145556,178.0,2013,11,19,4
-29.161667,23.696389,225.5,2013,11,20,4
-25.127778,27.628889,180.2,2013,11,20,4
-28.801278,31.955389,159.1,2013,11,20,4
-27.937778,31.209444,158.3,2013,11,20,4
-28.404444,30.013056,163.7,2013,11,20,4
-27.273889,28.49,160.1,2013,11,20,4
-28.883333,27.89,160.1,2013,11,20,4
-30.568333,29.422778,150.8,2013,11,20,4
-31.104278,29.399722,154.0,2013,11,20,4
-34.250556,20.9925,168.1,2013,11,20,4
-34.329722,18.990278,154.90001,2013,11,20,4
-25.57877778,29.12747222,167.40001,2013,11,20,4
-27.5275,30.858056,151.7,2013,11,21,4
-28.116667,26.725278,184.7,2013,11,21,4
-28.69485,28.23487,155.3,2013,11,21,4
-30.86013889,29.07125,155.0,2013,11,21,4
-30.570833,29.150556,150.2,2013,11,21,4
-30.77586667,29.03221667,155.1,2013,11,21,4
-34.405833,19.600556,156.6,2013,11,21,4
-33.897778,20.012778,180.6,2013,11,21,4
-27.902778,24.615556,211.90001,2013,11,22,4
-31.031389,28.883333,151.5,2013,11,22,4
-28.058889,30.373611,157.90001,2013,11,22,4
-25.99136,27.84208,165.8,2013,11,25,4
-29.7775,29.470833,146.0,2013,11,25,4
-29.744167,29.905833,155.1,2013,11,25,4
-26.45,28.085833,163.6,2013,11,25,4
-29.042222,24.6,216.6,2013,11,25,4
-33.38056,19.30167,190.6,2013,11,25,4
-32.502778,19.535833,214.8,2013,11,25,4
-28.338333,31.373611,156.6,2013,11,25,4
-28.068333,31.55,162.5,2013,11,25,4
-28.1175,26.719444,193.3,2011,7,26,3
-28.1175,26.719444,193.3,2011,8,23,3
-28.1175,26.719444,193.3,2011,8,30,3
-28.1175,26.719444,193.3,2011,9,21,3
-28.1175,26.719444,193.3,2011,9,29,3
-28.1175,26.719444,193.3,2011,11,17,4
-27.01011111,26.69808333,181.0,2013,11,26,4
-31.860278,18.6875,217.5,2013,11,26,4
-25.73411,27.21422,168.6,2013,11,26,4
-30.733889,29.828333,150.2,2013,11,26,4
-29.987778,29.851667,150.6,2013,11,26,4
-27.00222,28.76528,158.8,2013,11,26,4
-28.1175,26.719444,179.40001,2012,7,6,3
-26.970278,27.211111,172.7,2013,11,26,4
-26.880278,26.965,173.7,2013,11,26,4
-26.98472222,26.63227778,180.40001,2013,11,26,4
-29.160278,26.573333,192.6,2013,11,26,4
-29.028629,24.638389,215.2,2013,11,26,4
-28.69485,28.23487,155.3,2013,11,26,4
-28.1175,26.719444,191.7,2012,7,17,3
-33.501667,21.624167,179.1,2013,11,26,4
-32.595833,19.009444,215.3,2013,11,26,4
-28.1175,26.719444,191.7,2012,9,17,3
-25.45963889,28.26430556,170.7,2013,11,26,4
-29.161667,23.696389,225.5,2013,11,27,4
-25.81048333,27.90955222,168.90001,2013,11,27,4
-24.670833,28.560833,166.8,2013,11,27,4
-30.398056,30.601944,156.6,2013,11,27,4
-26.861111,28.884722,158.2,2013,11,27,4
-29.033333,23.983333,219.8,2013,11,27,4
-28.69485,28.23487,155.3,2013,11,27,4
-29.615556,27.065278,179.6,2013,11,27,4
-28.883333,27.89,160.1,2013,11,27,4
-33.7075,18.97444444,195.7,2013,11,27,4
-32.94583,18.33667,191.7,2013,11,27,4
-24.282222,28.090278,162.40001,2013,11,28,4
-30.13573889,30.67422222,156.5,2013,11,28,4
-28.1175,26.719444,184.7,2013,7,18,3
-33.31388889,19.07472222,200.1,2013,11,28,4
-33.13083,18.86278,193.6,2013,11,28,4
-29.744167,29.905833,155.1,2013,11,29,4
-29.803611,30.516111,150.2,2013,11,29,4
-26.73806,27.59194,166.2,2013,1,12,1
-28.735556,29.820556,162.5,2013,2,12,1
-26.45,28.085833,163.6,2013,2,12,1
-25.127778,27.628889,180.2,2013,3,12,1
-24.69514,27.40906,180.3,2013,3,12,1
-27.273889,28.49,160.1,2013,3,12,1
-27.4275,28.525833,159.0,2013,3,12,1
-27.3,28.586944,159.8,2013,3,12,1
-27.398611,26.614722,187.40001,2013,3,12,1
-30.160091,27.40124,172.7,2013,3,12,1
-30.336111,27.359444,175.0,2013,3,12,1
-33.08883333,19.21878333,189.8,2013,3,12,1
-27.4,26.624722,187.40001,2013,3,12,1
-29.161667,23.696389,225.5,2013,4,12,2
-27.01011111,26.69808333,181.0,2013,4,12,2
-29.641944,30.6875,153.8,2013,4,12,2
-28.1175,26.719444,186.2,2014,5,19,2
-28.1175,26.719444,186.2,2014,3,6,1
-25.20639,27.558,178.40001,2013,4,12,2
-27.363611,31.783333,154.3,2013,4,12,2
-26.648056,27.089444,171.1,2013,4,12,2
-26.970278,27.211111,172.7,2013,4,12,2
-26.880278,26.965,173.7,2013,4,12,2
-26.98472222,26.63227778,180.40001,2013,4,12,2
-31.000833,26.353056,194.7,2013,4,12,2
-30.679722,26.7125,192.1,2013,4,12,2
-28.1175,26.719444,191.5,2014,6,8,2
-34.039722,22.133333,150.2,2013,4,12,2
-28.760833,17.730278,240.3,2013,5,12,2
-26.905,32.324722,156.40001,2013,5,12,2
-28.116667,26.725278,184.7,2013,5,12,2
-34.250556,20.9925,168.1,2013,5,12,2
-34.092222,21.295278,163.8,2013,5,12,2
-23.658056,31.05,152.2,2013,6,12,2
-23.281,30.54305556,147.40001,2013,6,12,2
-27.02314,28.59389,160.8,2013,7,12,3
-25.99136,27.84208,165.8,2013,9,12,3
-27.935,26.126667,189.6,2013,9,12,3
-28.141944,26.417778,189.0,2013,9,12,3
-28.1175,26.719444,184.7,2013,9,12,3
-28.116667,26.725278,184.7,2013,9,12,3
-25.73411,27.21422,168.6,2013,10,12,4
-25.45963889,28.26430556,170.7,2013,10,12,4
-27.01011111,26.69808333,181.0,2013,11,12,4
-25.81048333,27.90955222,168.90001,2013,11,12,4
-28.116667,26.725278,188.7,2011,2,22,1
-24.183889,30.823889,154.90001,2013,11,12,4
-24.058889,31.237222,152.3,2013,11,12,4
-28.116667,26.725278,193.3,2011,7,26,3
-28.116667,26.725278,193.3,2011,8,23,3
-28.116667,26.725278,193.3,2011,9,21,3
-28.116667,26.725278,193.3,2011,10,18,4
-28.116667,26.725278,193.3,2011,12,14,4
-28.116667,26.725278,179.40001,2012,1,18,1
-28.116667,26.725278,179.40001,2012,2,15,1
-28.116667,26.725278,179.40001,2012,3,14,1
-26.03611,30.99778,155.5,2013,11,12,4
-27.5275,30.858056,151.7,2013,11,12,4
-28.75,30.442778,167.2,2013,11,12,4
-28.116667,26.725278,179.40001,2012,9,5,3
-28.116667,26.725278,179.40001,2012,5,29,2
-28.116667,26.725278,179.40001,2012,6,6,2
-28.116667,26.725278,179.40001,2012,6,14,2
-28.116667,26.725278,179.40001,2012,6,21,2
-28.116667,26.725278,179.40001,2012,4,7,2
-28.116667,26.725278,191.7,2012,1,8,1
-28.116667,26.725278,191.7,2012,8,29,3
-28.116667,26.725278,191.7,2012,9,17,3
-28.116667,26.725278,191.7,2012,10,24,4
-28.116667,26.725278,191.7,2012,11,15,4
-28.404444,30.013056,163.7,2013,11,12,4
-28.116667,26.725278,191.7,2012,11,21,4
-28.116667,26.725278,175.0,2013,1,31,1
-28.116667,26.725278,175.0,2013,8,2,3
-28.116667,26.725278,175.0,2013,2,20,1
-28.116667,26.725278,175.0,2013,3,14,1
-28.116667,26.725278,175.0,2013,3,21,1
-29.161667,30.629722,146.8,2013,11,12,4
-26.648056,27.089444,171.1,2013,11,12,4
-28.116667,26.725278,175.0,2013,4,24,2
-26.970278,27.211111,172.7,2013,11,12,4
-26.880278,26.965,173.7,2013,11,12,4
-27.38972222,26.46388889,189.40001,2013,11,12,4
-26.98472222,26.63227778,180.40001,2013,11,12,4
-28.116667,26.725278,184.7,2013,7,16,3
-28.116667,26.725278,184.7,2013,8,14,3
-28.141944,26.417778,189.0,2013,11,12,4
-28.116667,26.725278,184.7,2013,9,26,3
-28.116667,26.725278,184.7,2013,10,22,4
-28.1175,26.719444,184.7,2013,11,12,4
-27.671111,27.236944,178.40001,2013,11,12,4
-28.768056,20.720556,253.7,2013,11,12,4
-27.356667,27.286389,176.6,2013,11,12,4
-24.679167,30.8025,140.1,2013,12,12,4
-27.937778,31.209444,158.3,2013,12,12,4
-29.744167,29.905833,155.1,2013,12,12,4
-26.98472222,26.63227778,180.40001,2013,12,12,4
-27.398611,26.614722,187.40001,2013,12,12,4
-34.031944,22.053333,151.6,2013,12,13,4
-28.735556,29.820556,162.5,2013,12,17,4
-27.935,26.126667,189.6,2013,12,17,4
-28.141944,26.417778,189.0,2013,12,17,4
-28.1175,26.719444,184.7,2013,12,17,4
-28.116667,26.725278,184.7,2013,12,17,4
-28.116667,26.725278,186.2,2014,2,4,1
-29.160278,26.573333,192.6,2013,12,17,4
-29.042222,24.6,216.6,2013,12,17,4
-29.028629,24.638389,215.2,2013,12,17,4
-29.033333,23.983333,219.8,2013,12,17,4
-33.501667,21.624167,179.1,2013,12,17,4
-27.01011111,26.69808333,181.0,2013,12,18,4
-22.225556,29.990556,154.7,2013,12,18,4
-25.127778,27.628889,180.2,2013,12,18,4
-28.116667,26.725278,186.2,2014,5,20,2
-25.20639,27.558,178.40001,2013,12,18,4
-24.39619444,27.08983333,180.5,2013,12,18,4
-28.116667,26.725278,186.2,2014,2,7,1
-24.69514,27.40906,180.3,2013,12,18,4
-28.116667,26.725278,191.5,2014,7,15,3
-27.602222,29.942778,161.7,2013,12,18,4
-29.380556,30.2775,147.8,2013,12,18,4
-28.116667,26.725278,191.5,2014,7,29,3
-28.116667,26.725278,191.5,2014,8,18,3
-28.116667,26.725278,191.5,2014,8,20,3
-26.648056,27.089444,171.1,2013,12,18,4
-28.116667,26.725278,191.5,2014,8,26,3
-26.970278,27.211111,172.7,2013,12,18,4
-28.116667,26.725278,191.5,2014,9,9,3
-26.880278,26.965,173.7,2013,12,18,4
-27.671111,27.236944,178.40001,2013,12,18,4
-28.116667,26.725278,191.5,2014,10,15,4
-24.058889,31.237222,152.3,2013,12,19,4
-28.116667,26.725278,191.5,2014,10,11,4
-28.116667,26.725278,191.5,2014,11,24,4
-28.116667,26.725278,191.5,2014,11,25,4
-22.43772222,31.07805556,156.1,2013,12,22,4
-28.116667,26.725278,89.5,2015,5,1,2
-25.99136,27.84208,165.8,2013,12,23,4
-26.970278,27.211111,172.7,2013,12,23,4
-26.880278,26.965,173.7,2013,12,23,4
-25.45963889,28.26430556,170.7,2013,12,23,4
-27.01011111,26.69808333,181.0,2013,12,24,4
-25.81048333,27.90955222,168.90001,2013,12,24,4
-28.116667,26.725278,216.3,2015,10,3,4
-25.73411,27.21422,168.6,2013,12,24,4
-26.648056,27.089444,171.1,2013,12,24,4
-26.98472222,26.63227778,180.40001,2013,12,24,4
-28.116667,26.725278,216.3,2015,4,14,2
-28.116667,26.725278,216.3,2015,4,15,2
-28.116667,26.725278,216.3,2015,9,6,3
-28.116667,26.725278,216.3,2015,6,24,2
-28.116667,26.725278,216.3,2015,7,22,3
-28.116667,26.725278,216.3,2015,12,8,4
-28.116667,26.725278,216.3,2015,8,20,3
-28.116667,26.725278,216.3,2015,8,9,3
-28.116667,26.725278,216.3,2015,10,15,4
-28.116667,26.725278,216.3,2015,3,11,1
-28.116667,26.725278,216.3,2015,10,11,4
-29.161667,23.696389,225.5,2013,12,25,4
-28.96362,19.15486,251.5,2013,12,28,4
-28.1175,26.719444,184.7,2013,12,30,4
-29.161667,23.696389,225.5,2014,1,1,1
-29.140556,31.391944,157.1,2014,1,1,1
-28.747778,31.745833,160.1,2014,1,1,1
-25.99136,27.84208,76.5,2014,6,1,2
-26.45,28.085833,76.8,2014,6,1,2
-27.935,26.126667,72.8,2014,6,1,2
-28.141944,26.417778,71.5,2014,6,1,2
-28.1175,26.719444,73.0,2014,6,1,2
-28.116667,26.725278,73.0,2014,6,1,2
-27.169444,29.233889,68.700005,2014,7,1,3
-26.861111,28.884722,74.200005,2014,7,1,3
-27.273889,28.49,72.4,2014,7,1,3
-25.45963889,28.26430556,84.5,2014,7,1,3
-29.161667,23.696389,111.700005,2014,8,1,3
-27.01011111,26.69808333,110.3,2014,8,1,3
-25.81048333,27.90955222,110.9,2014,8,1,3
-29.140556,31.391944,92.700005,2014,8,1,3
-28.801278,31.955389,93.3,2014,8,1,3
-28.75,30.442778,99.0,2014,8,1,3
-28.404444,30.013056,100.200005,2014,8,1,3
-29.744167,29.905833,94.700005,2014,8,1,3
-29.161667,30.629722,89.700005,2014,8,1,3
-27.00222,28.76528,95.0,2014,8,1,3
-27.02314,28.59389,98.3,2014,8,1,3
-26.648056,27.089444,108.5,2014,8,1,3
-26.970278,27.211111,109.9,2014,8,1,3
-26.880278,26.965,109.4,2014,8,1,3
-27.273889,28.49,94.1,2014,8,1,3
-27.4275,28.525833,92.700005,2014,8,1,3
-27.3,28.586944,94.200005,2014,8,1,3
-26.98472222,26.63227778,111.1,2014,8,1,3
-27.044444,27.005,108.6,2014,8,1,3
-28.69485,28.23487,87.3,2014,8,1,3
-29.615556,27.065278,94.700005,2014,8,1,3
-28.768056,20.720556,123.8,2014,8,1,3
-28.058889,30.373611,97.8,2014,8,1,3
-27.937778,31.209444,127.3,2014,9,1,3
-27.5275,30.858056,122.0,2014,9,1,3
-30.679722,26.7125,124.8,2014,9,1,3
-30.160091,27.40124,124.9,2014,9,1,3
-30.336111,27.359444,124.6,2014,9,1,3
-27.671111,27.236944,188.40001,2014,10,1,4
-30.534167,24.961944,189.7,2014,10,1,4
-29.380556,30.2775,135.40001,2014,1,13,1
-26.73806,27.59194,164.40001,2014,1,13,1
-26.45,28.085833,159.7,2014,1,13,1
-26.98472222,26.63227778,178.2,2014,1,13,1
-27.01011111,26.69808333,180.0,2014,1,14,1
-29.641944,30.6875,140.5,2014,1,14,1
-25.127778,27.628889,173.40001,2014,1,14,1
-25.20639,27.558,174.0,2014,1,14,1
-24.69514,27.40906,178.1,2014,1,14,1
-25.73411,27.21422,165.7,2014,1,14,1
-24.058889,31.237222,137.5,2014,1,14,1
-26.861111,28.884722,156.1,2014,1,14,1
-26.648056,27.089444,168.6,2014,1,14,1
-26.970278,27.211111,170.40001,2014,1,14,1
-26.880278,26.965,172.40001,2014,1,14,1
-26.98472222,26.63227778,178.2,2014,1,14,1
-28.1175,26.719444,186.2,2014,1,14,1
-27.044444,27.005,174.8,2014,1,14,1
-31.396,29.2651,133.3,2014,1,14,1
-31.554722,29.245556,123.6,2014,1,14,1
-34.075556,20.145556,181.7,2014,1,14,1
-28.338333,31.373611,146.90001,2014,1,14,1
-28.068333,31.55,154.90001,2014,1,14,1
-29.161667,23.696389,221.2,2014,1,15,1
-24.39619444,27.08983333,175.2,2014,1,15,1
-30.568333,29.422778,136.5,2014,1,15,1
-30.570833,29.150556,138.0,2014,1,15,1
-31.104278,29.399722,132.6,2014,1,15,1
-22.769722,30.886944,143.1,2014,1,16,1
-28.44555556,32.325,140.7,2014,12,3,4
-27.935,26.126667,194.8,2014,1,16,1
-28.141944,26.417778,191.90001,2014,1,16,1
-30.86013889,29.07125,139.3,2014,1,16,1
-30.77586667,29.03221667,140.3,2014,1,16,1
-23.838611,31.640833,141.5,2014,1,17,1
-27.902778,24.615556,210.3,2014,1,17,1
-31.031389,28.883333,137.90001,2014,1,17,1
-29.042222,24.6,219.1,2014,1,20,1
-29.033333,23.983333,217.3,2014,1,20,1
-28.760833,17.730278,252.2,2014,1,21,1
-24.670833,28.560833,159.5,2014,1,21,1
-28.141944,26.417778,191.90001,2014,1,21,1
-28.1175,26.719444,186.2,2014,1,21,1
-29.028629,24.638389,218.2,2014,1,21,1
-29.1825,23.575556,226.40001,2014,1,21,1
-34.031944,22.053333,153.90001,2014,1,21,1
-34.039722,22.133333,152.40001,2014,1,21,1
-25.57877778,29.12747222,160.6,2014,1,21,1
-29.161667,23.696389,221.2,2014,1,22,1
-24.282222,28.090278,157.3,2014,1,22,1
-25.99136,27.84208,160.1,2014,1,22,1
-24.925278,29.324444,161.90001,2014,1,22,1
-27.363611,31.783333,147.1,2014,1,22,1
-27.602222,29.942778,162.40001,2014,1,22,1
-29.744167,29.905833,141.6,2014,1,22,1
-26.45,28.085833,159.7,2014,1,22,1
-27.671111,27.236944,177.90001,2014,1,22,1
-34.02861,22.22222,149.2,2014,1,22,1
-34.405833,19.600556,158.3,2014,1,22,1
-27.01011111,26.69808333,180.0,2014,1,23,1
-26.905,32.324722,147.40001,2014,1,23,1
-27.169444,29.233889,152.1,2014,1,23,1
-27.00222,28.76528,156.7,2014,1,23,1
-26.648056,27.089444,168.6,2014,1,23,1
-26.970278,27.211111,170.40001,2014,1,23,1
-26.880278,26.965,172.40001,2014,1,23,1
-27.38972222,26.46388889,189.40001,2014,1,23,1
-26.98472222,26.63227778,178.2,2014,1,23,1
-27.398611,26.614722,187.7,2014,1,23,1
-25.45963889,28.26430556,164.7,2014,1,23,1
-33.897778,20.012778,193.5,2014,1,23,1
-25.81048333,27.90955222,163.7,2014,1,24,1
-29.803611,30.516111,134.8,2014,1,26,1
-30.733889,29.828333,130.7,2014,1,27,1
-26.45,28.085833,159.7,2014,1,27,1
-29.160278,26.573333,192.5,2014,1,27,1
-33.38056,19.30167,195.7,2014,1,27,1
-32.502778,19.535833,233.8,2014,1,27,1
-27.01011111,26.69808333,180.0,2014,1,28,1
-25.127778,27.628889,173.40001,2014,1,28,1
-24.69514,27.40906,178.1,2014,1,28,1
-25.73411,27.21422,165.7,2014,1,28,1
-28.735556,29.820556,159.40001,2014,1,28,1
-27.00222,28.76528,156.7,2014,1,28,1
-26.648056,27.089444,168.6,2014,1,28,1
-26.970278,27.211111,170.40001,2014,1,28,1
-26.880278,26.965,172.40001,2014,1,28,1
-26.98472222,26.63227778,178.2,2014,1,28,1
-27.398611,26.614722,187.7,2014,1,28,1
-33.501667,21.624167,184.0,2014,1,28,1
-32.595833,19.009444,223.1,2014,1,28,1
-25.20639,27.558,174.0,2014,1,29,1
-28.768056,20.720556,260.2,2014,1,29,1
-33.13083,18.86278,212.90001,2014,1,29,1
-33.7075,18.97444444,203.90001,2014,1,29,1
-32.94583,18.33667,197.8,2014,1,29,1
-30.13573889,30.67422222,137.8,2014,1,30,1
-27.38972222,26.46388889,189.40001,2014,1,30,1
-33.31388889,19.07472222,209.40001,2014,1,30,1
-29.380556,30.2775,135.40001,2014,1,31,1
-22.769722,30.886944,143.1,2014,3,2,1
-26.73806,27.59194,164.40001,2014,3,2,1
-26.45,28.085833,159.7,2014,3,2,1
-33.08883333,19.21878333,198.90001,2014,3,2,1
-28.747778,31.745833,150.8,2014,4,2,2
-27.398611,26.614722,187.7,2014,4,2,2
-25.45963889,28.26430556,164.7,2014,4,2,2
-27.495556,26.074722,192.0,2014,4,2,2
-27.4,26.624722,187.7,2014,4,2,2
-28.760833,17.730278,252.2,2014,5,2,2
-29.161667,23.696389,221.2,2014,5,2,2
-27.01011111,26.69808333,180.0,2014,5,2,2
-25.81048333,27.90955222,163.7,2014,5,2,2
-29.140556,31.391944,143.3,2014,5,2,2
-28.801278,31.955389,147.6,2014,5,2,2
-28.404444,30.013056,160.8,2014,5,2,2
-29.744167,29.905833,141.6,2014,5,2,2
-26.970278,27.211111,170.40001,2014,5,2,2
-26.880278,26.965,172.40001,2014,5,2,2
-26.98472222,26.63227778,178.2,2014,5,2,2
-28.116667,26.725278,186.2,2014,5,2,2
-27.044444,27.005,174.8,2014,5,2,2
-29.033333,23.983333,217.3,2014,5,2,2
-28.69485,28.23487,157.3,2014,5,2,2
-27.937778,31.209444,151.1,2014,6,2,2
-30.160091,27.40124,173.5,2014,6,2,2
-30.336111,27.359444,173.6,2014,6,2,2
-30.830556,26.921389,177.6,2014,7,2,3
-27.671111,27.236944,177.90001,2014,7,2,3
-29.658056,25.973333,194.1,2014,7,2,3
-30.679722,26.7125,183.40001,2014,7,2,3
-29.641944,30.6875,140.5,2014,8,2,3
-26.648056,27.089444,168.6,2014,10,2,4
-26.98472222,26.63227778,178.2,2014,10,2,4
-31.396,29.2651,133.3,2014,10,2,4
-31.554722,29.245556,123.6,2014,10,2,4
-27.01011111,26.69808333,180.0,2014,11,2,4
-25.127778,27.628889,173.40001,2014,11,2,4
-25.20639,27.558,174.0,2014,11,2,4
-24.69514,27.40906,178.1,2014,11,2,4
-26.970278,27.211111,170.40001,2014,11,2,4
-26.880278,26.965,172.40001,2014,11,2,4
-27.802778,28.768333,153.90001,2014,11,2,4
-26.98472222,26.63227778,178.2,2014,11,2,4
-27.935,26.126667,194.8,2014,11,2,4
-28.116667,26.725278,186.2,2014,11,2,4
-27.044444,27.005,174.8,2014,11,2,4
-29.160278,26.573333,192.5,2014,11,2,4
-28.883333,27.89,161.3,2014,11,2,4
-30.568333,29.422778,136.5,2014,11,2,4
-30.570833,29.150556,138.0,2014,11,2,4
-31.104278,29.399722,132.6,2014,11,2,4
-28.338333,31.373611,146.90001,2014,11,2,4
-28.068333,31.55,154.90001,2014,11,2,4
-29.161667,23.696389,221.2,2014,12,2,4
-24.39619444,27.08983333,175.2,2014,12,2,4
-23.658056,31.05,139.0,2014,12,2,4
-23.281,30.54305556,140.40001,2014,12,2,4
-24.058889,31.237222,137.5,2014,12,2,4
-28.75,30.442778,162.0,2014,12,2,4
-29.161667,30.629722,138.1,2014,12,2,4
-26.45,28.085833,159.7,2014,12,2,4
-27.044444,27.005,174.8,2014,12,2,4
-29.615556,27.065278,180.8,2014,12,2,4
-31.031389,28.883333,137.90001,2014,12,2,4
-30.86013889,29.07125,139.3,2014,12,2,4
-30.570833,29.150556,138.0,2014,12,2,4
-30.77586667,29.03221667,140.3,2014,12,2,4
-32.94583,18.33667,197.8,2014,12,2,4
-28.44555556,32.325,140.7,2014,9,4,3
-27.4275,28.525833,157.90001,2014,2,13,1
-34.031944,22.053333,153.90001,2014,2,13,1
-34.329722,18.990278,157.6,2014,2,13,1
-33.13083,18.86278,212.90001,2014,2,13,1
-33.897778,20.012778,193.5,2014,2,13,1
-24.679167,30.8025,133.7,2014,2,14,1
-27.935,26.126667,194.8,2014,2,14,1
-34.039722,22.133333,152.40001,2014,2,14,1
-34.02861,22.22222,149.2,2014,2,14,1
-25.99136,27.84208,160.1,2014,2,17,1
-28.735556,29.820556,159.40001,2014,2,17,1
-26.648056,27.089444,168.6,2014,2,17,1
-27.935,26.126667,194.8,2014,2,17,1
-28.1175,26.719444,186.2,2014,2,17,1
-28.116667,26.725278,186.2,2014,2,17,1
-29.042222,24.6,219.1,2014,2,17,1
-29.033333,23.983333,217.3,2014,2,17,1
-33.818056,19.694722,200.1,2014,2,17,1
-33.08883333,19.21878333,198.90001,2014,2,17,1
-27.01011111,26.69808333,180.0,2014,2,18,1
-27.602222,29.942778,162.40001,2014,2,18,1
-26.970278,27.211111,170.40001,2014,2,18,1
-26.880278,26.965,172.40001,2014,2,18,1
-26.98472222,26.63227778,178.2,2014,2,18,1
-29.160278,26.573333,192.5,2014,2,18,1
-29.028629,24.638389,218.2,2014,2,18,1
-34.075556,20.145556,181.7,2014,2,18,1
-32.595833,19.009444,223.1,2014,2,18,1
-25.45963889,28.26430556,164.7,2014,2,18,1
-27.495556,26.074722,192.0,2014,2,18,1
-29.161667,23.696389,221.2,2014,2,19,1
-25.81048333,27.90955222,163.7,2014,2,19,1
-26.905,32.324722,147.40001,2014,2,19,1
-29.744167,29.905833,141.6,2014,2,19,1
-27.169444,29.233889,152.1,2014,2,19,1
-27.00222,28.76528,156.7,2014,2,19,1
-26.73806,27.59194,164.40001,2014,2,19,1
-26.45,28.085833,159.7,2014,2,19,1
-29.033333,23.983333,217.3,2014,2,19,1
-28.69485,28.23487,157.3,2014,2,19,1
-28.883333,27.89,161.3,2014,2,19,1
-33.7075,18.97444444,203.90001,2014,2,19,1
-25.57877778,29.12747222,160.6,2014,2,19,1
-30.830556,26.921389,177.6,2014,2,20,1
-28.1175,26.719444,186.2,2014,2,20,1
-29.658056,25.973333,194.1,2014,2,20,1
-30.679722,26.7125,183.40001,2014,2,20,1
-30.160091,27.40124,173.5,2014,2,20,1
-30.336111,27.359444,173.6,2014,2,20,1
-33.31388889,19.07472222,209.40001,2014,2,20,1
-24.925278,29.324444,161.90001,2014,2,21,1
-30.534167,24.961944,210.7,2014,2,21,1
-29.7775,29.470833,137.8,2014,2,24,1
-29.744167,29.905833,141.6,2014,2,24,1
-26.45,28.085833,159.7,2014,2,24,1
-27.935,26.126667,194.8,2014,2,24,1
-28.1175,26.719444,186.2,2014,2,24,1
-28.116667,26.725278,186.2,2014,2,24,1
-29.160278,26.573333,192.5,2014,2,24,1
-27.01011111,26.69808333,180.0,2014,2,25,1
-25.127778,27.628889,173.40001,2014,2,25,1
-24.39619444,27.08983333,175.2,2014,2,25,1
-24.69514,27.40906,178.1,2014,2,25,1
-27.5275,30.858056,145.8,2014,2,25,1
-30.733889,29.828333,130.7,2014,2,25,1
-29.987778,29.851667,135.40001,2014,2,25,1
-29.380556,30.2775,135.40001,2014,2,25,1
-26.861111,28.884722,156.1,2014,2,25,1
-26.970278,27.211111,170.40001,2014,2,25,1
-26.880278,26.965,172.40001,2014,2,25,1
-26.98472222,26.63227778,178.2,2014,2,25,1
-27.044444,27.005,174.8,2014,2,25,1
-33.501667,21.624167,184.0,2014,2,25,1
-28.058889,30.373611,155.7,2014,2,25,1
-29.161667,23.696389,221.2,2014,2,26,1
-25.20639,27.558,174.0,2014,2,26,1
-25.73411,27.21422,165.7,2014,2,26,1
-26.648056,27.089444,168.6,2014,2,26,1
-28.116667,26.725278,186.2,2014,2,26,1
-27.671111,27.236944,177.90001,2014,2,26,1
-28.768056,20.720556,260.2,2014,2,26,1
-27.356667,27.286389,177.3,2014,2,26,1
-30.13573889,30.67422222,137.8,2014,2,27,1
-30.398056,30.601944,135.7,2014,2,27,1
-27.902778,24.615556,210.3,2014,2,28,1
-29.803611,30.516111,134.8,2014,2,28,1
-26.73806,27.59194,164.40001,2014,3,3,1
-26.45,28.085833,159.7,2014,3,3,1
-27.935,26.126667,194.8,2014,3,3,1
-28.116667,26.725278,186.2,2014,3,3,1
-32.502778,19.535833,233.8,2014,3,3,1
-27.356667,27.286389,177.3,2014,3,3,1
-25.81048333,27.90955222,163.7,2014,4,3,2
-26.861111,28.884722,156.1,2014,4,3,2
-27.02314,28.59389,158.2,2014,4,3,2
-27.398611,26.614722,187.7,2014,4,3,2
-27.671111,27.236944,177.90001,2014,4,3,2
-34.039722,22.133333,152.40001,2014,4,3,2
-27.495556,26.074722,192.0,2014,4,3,2
-27.4,26.624722,187.7,2014,4,3,2
-29.161667,23.696389,221.2,2014,5,3,2
-27.01011111,26.69808333,180.0,2014,5,3,2
-29.140556,31.391944,143.3,2014,5,3,2
-29.744167,29.905833,141.6,2014,5,3,2
-26.880278,26.965,172.40001,2014,5,3,2
-26.98472222,26.63227778,178.2,2014,5,3,2
-27.671111,27.236944,177.90001,2014,5,3,2
-29.033333,23.983333,217.3,2014,5,3,2
-34.02861,22.22222,149.2,2014,5,3,2
-33.13083,18.86278,212.90001,2014,5,3,2
-25.45963889,28.26430556,164.7,2014,5,3,2
-22.769722,30.886944,143.1,2014,6,3,2
-27.937778,31.209444,151.1,2014,6,3,2
-26.648056,27.089444,168.6,2014,6,3,2
-26.970278,27.211111,170.40001,2014,6,3,2
-27.398611,26.614722,187.7,2014,6,3,2
-27.044444,27.005,174.8,2014,6,3,2
-29.651389,22.746389,248.2,2014,6,3,2
-29.1825,23.575556,226.40001,2014,6,3,2
-34.031944,22.053333,153.90001,2014,6,3,2
-33.7075,18.97444444,203.90001,2014,6,3,2
-32.94583,18.33667,197.8,2014,6,3,2
-28.058889,30.373611,155.7,2014,6,3,2
-28.404444,30.013056,160.8,2014,7,3,3
-28.116667,26.725278,186.2,2014,7,3,3
-29.651389,22.746389,248.2,2014,7,3,3
-34.005833,22.351111,146.0,2014,7,3,3
-29.380556,30.2775,135.40001,2014,8,3,3
-26.45,28.085833,159.7,2014,10,3,4
-26.98472222,26.63227778,178.2,2014,10,3,4
-28.1175,26.719444,186.2,2014,10,3,4
-31.396,29.2651,133.3,2014,10,3,4
-31.554722,29.245556,123.6,2014,10,3,4
-27.01011111,26.69808333,180.0,2014,11,3,4
-24.183889,30.823889,139.7,2014,11,3,4
-26.861111,28.884722,156.1,2014,11,3,4
-26.648056,27.089444,168.6,2014,11,3,4
-26.970278,27.211111,170.40001,2014,11,3,4
-26.880278,26.965,172.40001,2014,11,3,4
-26.98472222,26.63227778,178.2,2014,11,3,4
-27.902778,24.615556,229.7,2012,2,8,1
-27.044444,27.005,174.8,2014,11,3,4
-30.568333,29.422778,136.5,2014,11,3,4
-30.570833,29.150556,138.0,2014,11,3,4
-31.104278,29.399722,132.6,2014,11,3,4
-34.092222,21.295278,168.8,2014,11,3,4
-29.161667,23.696389,221.2,2014,12,3,4
-28.7115,24.07288889,216.3,2014,12,3,4
-29.641944,30.6875,140.5,2014,12,3,4
-27.902778,24.615556,198.40001,2013,6,20,2
-24.034167,31.123611,137.8,2014,12,3,4
-28.44555556,32.325,140.7,2014,7,5,3
-28.75,30.442778,162.0,2014,12,3,4
-29.161667,30.629722,138.1,2014,12,3,4
-27.02314,28.59389,158.2,2014,12,3,4
-27.273889,28.49,158.8,2014,12,3,4
-27.4275,28.525833,157.90001,2014,12,3,4
-27.3,28.586944,158.0,2014,12,3,4
-27.902778,24.615556,152.40001,2014,2,1,1
-27.935,26.126667,194.8,2014,12,3,4
-28.141944,26.417778,191.90001,2014,12,3,4
-29.651389,22.746389,248.2,2014,12,3,4
-31.031389,28.883333,137.90001,2014,12,3,4
-30.86013889,29.07125,139.3,2014,12,3,4
-30.77586667,29.03221667,140.3,2014,12,3,4
-27.902778,24.615556,210.3,2014,5,23,2
-28.338333,31.373611,146.90001,2014,12,3,4
-28.068333,31.55,154.90001,2014,12,3,4
-24.679167,30.8025,133.7,2014,3,13,1
-25.20639,27.558,174.0,2014,3,13,1
-27.573056,24.746389,211.90001,2014,3,13,1
-31.394444,20.947222,240.3,2014,3,13,1
-33.08883333,19.21878333,198.90001,2014,3,13,1
-33.897778,20.012778,193.5,2014,3,13,1
-27.902778,24.615556,210.3,2014,3,14,1
-27.573056,24.746389,211.90001,2014,3,15,1
-28.96362,19.15486,262.0,2014,3,15,1
-27.902778,24.615556,223.7,2014,11,21,4
-25.99136,27.84208,160.1,2014,3,17,1
-28.735556,29.820556,159.40001,2014,3,17,1
-26.73806,27.59194,164.40001,2014,3,17,1
-27.935,26.126667,194.8,2014,3,17,1
-28.1175,26.719444,186.2,2014,3,17,1
-28.116667,26.725278,186.2,2014,3,17,1
-29.042222,24.6,219.1,2014,3,17,1
-29.033333,23.983333,217.3,2014,3,17,1
-23.658056,31.05,139.0,2014,3,18,1
-23.281,30.54305556,140.40001,2014,3,18,1
-27.169444,29.233889,152.1,2014,3,18,1
-26.861111,28.884722,156.1,2014,3,18,1
-26.98472222,26.63227778,178.2,2014,3,18,1
-29.028629,24.638389,218.2,2014,3,18,1
-33.38056,19.30167,195.7,2014,3,18,1
-33.31388889,19.07472222,209.40001,2014,3,18,1
-25.45963889,28.26430556,164.7,2014,3,18,1
-27.495556,26.074722,192.0,2014,3,18,1
-25.447222,30.711667,140.3,2014,3,18,1
-29.161667,23.696389,221.2,2014,3,19,1
-27.01011111,26.69808333,180.0,2014,3,19,1
-25.81048333,27.90955222,163.7,2014,3,19,1
-27.363611,31.783333,147.1,2014,3,19,1
-26.648056,27.089444,168.6,2014,3,19,1
-26.970278,27.211111,170.40001,2014,3,19,1
-26.880278,26.965,172.40001,2014,3,19,1
-27.044444,27.005,174.8,2014,3,19,1
-27.573056,24.746389,211.90001,2014,3,19,1
-29.033333,23.983333,217.3,2014,3,19,1
-28.376944,24.303056,220.8,2011,9,29,3
-28.376944,24.303056,220.8,2011,11,20,4
-28.376944,24.303056,220.8,2011,8,12,3
-32.595833,19.009444,223.1,2014,3,19,1
-28.376944,24.303056,204.3,2012,1,19,1
-26.03611,30.99778,148.1,2014,3,20,1
-27.602222,29.942778,162.40001,2014,3,20,1
-29.744167,29.905833,141.6,2014,3,20,1
-28.376944,24.303056,204.3,2012,5,7,2
-28.376944,24.303056,231.8,2012,11,7,4
-29.7775,29.470833,137.8,2014,3,24,1
-28.376944,24.303056,231.8,2012,8,16,3
-28.376944,24.303056,231.8,2012,8,30,3
-28.376944,24.303056,231.8,2012,9,27,3
-28.376944,24.303056,200.90001,2013,1,17,1
-28.376944,24.303056,200.90001,2013,2,28,1
-29.987778,29.851667,135.40001,2014,3,24,1
-28.376944,24.303056,200.90001,2013,3,14,1
-28.376944,24.303056,200.90001,2013,11,4,4
-28.376944,24.303056,200.90001,2013,4,25,2
-28.376944,24.303056,200.90001,2013,9,5,3
-28.376944,24.303056,200.90001,2013,6,20,2
-28.376944,24.303056,200.90001,2013,4,7,2
-28.376944,24.303056,214.8,2013,7,18,3
-28.376944,24.303056,214.8,2013,1,8,1
-28.376944,24.303056,214.8,2013,8,15,3
-28.376944,24.303056,214.8,2013,8,29,3
-28.376944,24.303056,214.8,2013,12,9,4
-28.376944,24.303056,214.8,2013,9,26,3
-28.376944,24.303056,214.8,2013,10,10,4
-28.376944,24.303056,214.8,2013,10,24,4
-28.376944,24.303056,214.8,2013,7,11,3
-28.376944,24.303056,214.8,2013,11,21,4
-28.376944,24.303056,154.6,2014,2,1,1
-28.376944,24.303056,212.7,2014,1,16,1
-28.376944,24.303056,212.7,2014,1,30,1
-28.376944,24.303056,212.7,2014,2,27,1
-29.744167,29.905833,141.6,2014,3,24,1
-26.45,28.085833,159.7,2014,3,24,1
-27.935,26.126667,194.8,2014,3,24,1
-28.141944,26.417778,191.90001,2014,3,24,1
-28.376944,24.303056,212.7,2014,5,6,2
-28.1175,26.719444,186.2,2014,3,24,1
-22.225556,29.990556,151.40001,2014,3,25,1
-25.127778,27.628889,173.40001,2014,3,25,1
-24.39619444,27.08983333,175.2,2014,3,25,1
-24.69514,27.40906,178.1,2014,3,25,1
-28.376944,24.303056,225.6,2014,10,23,4
-30.733889,29.828333,130.7,2014,3,25,1
-26.861111,28.884722,156.1,2014,3,25,1
-28.116667,26.725278,186.2,2014,3,25,1
-29.160278,26.573333,192.5,2014,3,25,1
-28.69485,28.23487,157.3,2014,3,25,1
-29.615556,27.065278,180.8,2014,3,25,1
-28.883333,27.89,161.3,2014,3,25,1
-33.501667,21.624167,184.0,2014,3,25,1
-29.161667,23.696389,221.2,2014,3,26,1
-27.01011111,26.69808333,180.0,2014,3,26,1
-22.935,28.004167,161.5,2014,3,26,1
-25.20639,27.558,174.0,2014,3,26,1
-28.376944,24.303056,230.7,2015,7,16,3
-28.376944,24.303056,230.7,2015,7,30,3
-28.376944,24.303056,230.7,2015,8,13,3
-28.376944,24.303056,230.7,2015,9,24,3
-28.376944,24.303056,230.7,2015,8,10,3
-28.376944,24.303056,230.7,2015,10,22,4
-28.376944,24.303056,230.7,2015,5,11,2
-28.376944,24.303056,230.7,2015,11,19,4
-28.376944,24.303056,230.7,2015,3,12,1
-28.376944,24.303056,230.7,2015,12,31,4
-30.398056,30.601944,135.7,2014,3,26,1
-26.648056,27.089444,168.6,2014,3,26,1
-26.970278,27.211111,170.40001,2014,3,26,1
-26.880278,26.965,172.40001,2014,3,26,1
-26.98472222,26.63227778,178.2,2014,3,26,1
-27.671111,27.236944,177.90001,2014,3,26,1
-27.044444,27.005,174.8,2014,3,26,1
-30.160091,27.40124,173.5,2014,3,26,1
-30.336111,27.359444,173.6,2014,3,26,1
-22.935,28.004167,161.5,2014,3,27,1
-30.830556,26.921389,177.6,2014,3,27,1
-22.548889,28.898056,154.7,2014,3,27,1
-22.91028,29.61111,142.5,2014,3,27,1
-30.13573889,30.67422222,137.8,2014,3,27,1
-27.38972222,26.46388889,189.40001,2014,3,27,1
-27.398611,26.614722,187.7,2014,3,27,1
-27.902778,24.615556,210.3,2014,3,27,1
-29.658056,25.973333,194.1,2014,3,27,1
-31.000833,26.353056,180.0,2014,3,27,1
-30.679722,26.7125,183.40001,2014,3,27,1
-30.534167,24.961944,210.7,2014,3,27,1
-27.356667,27.286389,177.3,2014,3,27,1
-22.548889,28.898056,154.7,2014,3,28,1
-29.160278,26.573333,192.5,2014,3,28,1
-29.803611,30.516111,134.8,2014,3,28,1
-25.99136,27.84208,160.1,2014,3,31,1
-25.513889,31.224444,139.0,2014,3,31,1
-33.818056,19.694722,200.1,2014,3,31,1
-32.502778,19.535833,233.8,2014,3,31,1
-25.681111,31.783333,135.7,2014,1,4,1
-27.935,26.126667,194.8,2014,1,4,1
-28.1175,26.719444,186.2,2014,1,4,1
-28.116667,26.725278,186.2,2014,1,4,1
-27.671111,27.236944,177.90001,2014,1,4,1
-34.075556,20.145556,181.7,2014,1,4,1
-29.161667,23.696389,221.2,2014,2,4,1
-25.81048333,27.90955222,163.7,2014,2,4,1
-22.935,28.004167,161.5,2014,2,4,1
-24.768889,31.39,134.1,2014,2,4,1
-24.9675,31.516667,136.40001,2014,2,4,1
-28.801278,31.955389,147.6,2014,2,4,1
-29.744167,29.905833,141.6,2014,2,4,1
-27.4275,28.525833,157.90001,2014,2,4,1
-27.398611,26.614722,187.7,2014,2,4,1
-27.671111,27.236944,177.90001,2014,2,4,1
-29.033333,23.983333,217.3,2014,2,4,1
-28.768056,20.720556,260.2,2014,2,4,1
-34.031944,22.053333,153.90001,2014,2,4,1
-34.039722,22.133333,152.40001,2014,2,4,1
-33.7075,18.97444444,203.90001,2014,2,4,1
-28.058889,30.373611,155.7,2014,2,4,1
-27.495556,26.074722,192.0,2014,2,4,1
-27.4,26.624722,187.7,2014,2,4,1
-27.01011111,26.69808333,180.0,2014,3,4,1
-22.91028,29.61111,142.5,2014,3,4,1
-23.658056,31.05,139.0,2014,3,4,1
-23.281,30.54305556,140.40001,2014,3,4,1
-24.99328,30.81444,123.5,2014,3,4,1
-27.937778,31.209444,151.1,2014,3,4,1
-27.5275,30.858056,145.8,2014,3,4,1
-26.648056,27.089444,168.6,2014,3,4,1
-26.970278,27.211111,170.40001,2014,3,4,1
-26.880278,26.965,172.40001,2014,3,4,1
-26.98472222,26.63227778,178.2,2014,3,4,1
-27.044444,27.005,174.8,2014,3,4,1
-33.13083,18.86278,212.90001,2014,3,4,1
-28.404444,30.013056,160.8,2014,4,4,2
-28.116667,26.725278,186.2,2014,4,4,2
-28.735556,29.820556,159.40001,2014,7,4,3
-26.73806,27.59194,164.40001,2014,7,4,3
-26.45,28.085833,159.7,2014,7,4,3
-26.98472222,26.63227778,178.2,2014,7,4,3
-27.935,26.126667,194.8,2014,7,4,3
-28.141944,26.417778,191.90001,2014,7,4,3
-28.1175,26.719444,186.2,2014,7,4,3
-28.116667,26.725278,186.2,2014,7,4,3
-29.042222,24.6,219.1,2014,7,4,3
-29.028629,24.638389,218.2,2014,7,4,3
-29.033333,23.983333,217.3,2014,7,4,3
-31.554722,29.245556,123.6,2014,7,4,3
-27.01011111,26.69808333,180.0,2014,8,4,3
-34.065833,20.404167,178.0,2014,8,4,3
-25.127778,27.628889,173.40001,2014,8,4,3
-25.20639,27.558,174.0,2014,8,4,3
-24.69514,27.40906,178.1,2014,8,4,3
-22.769722,30.886944,143.1,2014,8,4,3
-27.169444,29.233889,152.1,2014,8,4,3
-26.861111,28.884722,156.1,2014,8,4,3
-26.648056,27.089444,168.6,2014,8,4,3
-26.970278,27.211111,170.40001,2014,8,4,3
-26.880278,26.965,172.40001,2014,8,4,3
-26.98472222,26.63227778,178.2,2014,8,4,3
-30.570833,29.150556,138.0,2014,8,4,3
-33.31388889,19.07472222,209.40001,2014,8,4,3
-28.338333,31.373611,146.90001,2014,8,4,3
-29.658056,25.973333,201.6,2011,9,27,3
-28.068333,31.55,154.90001,2014,8,4,3
-28.308889,31.9025,150.3,2014,8,4,3
-25.57877778,29.12747222,160.6,2014,8,4,3
-29.641944,30.6875,140.5,2014,9,4,3
-25.73411,27.21422,165.7,2014,9,4,3
-28.44555556,32.325,140.7,2014,4,6,2
-28.75,30.442778,162.0,2014,9,4,3
-29.161667,30.629722,138.1,2014,9,4,3
-27.00222,28.76528,156.7,2014,9,4,3
-27.02314,28.59389,158.2,2014,9,4,3
-27.273889,28.49,158.8,2014,9,4,3
-27.4275,28.525833,157.90001,2014,9,4,3
-27.3,28.586944,158.0,2014,9,4,3
-30.568333,29.422778,136.5,2014,9,4,3
-31.031389,28.883333,137.90001,2014,9,4,3
-30.86013889,29.07125,139.3,2014,9,4,3
-30.77586667,29.03221667,140.3,2014,9,4,3
-32.595833,19.009444,223.1,2014,9,4,3
-28.376944,24.303056,212.7,2014,10,4,4
-34.092222,21.295278,168.8,2014,10,4,4
-34.329722,18.990278,157.6,2014,10,4,4
-33.897778,20.012778,193.5,2014,10,4,4
-27.902778,24.615556,210.3,2014,11,4,4
-24.679167,30.8025,133.7,2014,4,14,2
-25.99136,27.84208,160.1,2014,4,14,2
-26.73806,27.59194,164.40001,2014,4,14,2
-28.1175,26.719444,186.2,2014,4,14,2
-28.116667,26.725278,186.2,2014,4,14,2
-33.08883333,19.21878333,198.90001,2014,4,14,2
-24.183889,30.823889,139.7,2014,4,15,2
-27.169444,29.233889,152.1,2014,4,15,2
-26.861111,28.884722,156.1,2014,4,15,2
-27.00222,28.76528,156.7,2014,4,15,2
-27.4275,28.525833,157.90001,2014,4,15,2
-26.98472222,26.63227778,178.2,2014,4,15,2
-27.935,26.126667,194.8,2014,4,15,2
-29.160278,26.573333,192.5,2014,4,15,2
-29.033333,23.983333,217.3,2014,4,15,2
-25.45963889,28.26430556,164.7,2014,4,15,2
-29.161667,23.696389,221.2,2014,4,16,2
-28.7115,24.07288889,216.3,2014,4,16,2
-27.01011111,26.69808333,180.0,2014,4,16,2
-25.81048333,27.90955222,163.7,2014,4,16,2
-26.905,32.324722,147.40001,2014,4,16,2
-27.602222,29.942778,162.40001,2014,4,16,2
-29.744167,29.905833,141.6,2014,4,16,2
-26.648056,27.089444,168.6,2014,4,16,2
-26.970278,27.211111,170.40001,2014,4,16,2
-26.880278,26.965,172.40001,2014,4,16,2
-29.033333,23.983333,217.3,2014,4,16,2
-29.1825,23.575556,226.40001,2014,4,16,2
-28.768056,20.720556,260.2,2014,4,16,2
-27.363611,31.783333,147.1,2014,4,17,2
-29.042222,24.6,219.1,2014,4,17,2
-29.028629,24.638389,218.2,2014,4,17,2
-29.987778,29.851667,135.40001,2014,4,21,2
-29.744167,29.905833,141.6,2014,4,21,2
-30.733889,29.828333,130.7,2014,4,22,2
-29.380556,30.2775,135.40001,2014,4,22,2
-27.935,26.126667,194.8,2014,4,22,2
-28.141944,26.417778,191.90001,2014,4,22,2
-28.1175,26.719444,186.2,2014,4,22,2
-28.116667,26.725278,186.2,2014,4,22,2
-29.160278,26.573333,192.5,2014,4,22,2
-33.501667,21.624167,184.0,2014,4,22,2
-27.01011111,26.69808333,180.0,2014,4,23,2
-25.127778,27.628889,173.40001,2014,4,23,2
-25.20639,27.558,174.0,2014,4,23,2
-24.39619444,27.08983333,175.2,2014,4,23,2
-24.69514,27.40906,178.1,2014,4,23,2
-26.970278,27.211111,170.40001,2014,4,23,2
-26.880278,26.965,172.40001,2014,4,23,2
-26.98472222,26.63227778,178.2,2014,4,23,2
-28.1175,26.719444,186.2,2014,4,23,2
-28.116667,26.725278,186.2,2014,4,23,2
-27.671111,27.236944,177.90001,2014,4,23,2
-28.69485,28.23487,157.3,2014,4,23,2
-29.615556,27.065278,180.8,2014,4,23,2
-28.883333,27.89,161.3,2014,4,23,2
-28.760833,17.730278,252.2,2014,4,24,2
-30.13573889,30.67422222,137.8,2014,4,24,2
-27.38972222,26.46388889,189.40001,2014,4,24,2
-28.141944,26.417778,191.90001,2014,4,24,2
-28.1175,26.719444,186.2,2014,4,24,2
-28.116667,26.725278,186.2,2014,4,24,2
-27.398611,26.614722,187.7,2014,4,24,2
-28.376944,24.303056,212.7,2014,4,24,2
-30.160091,27.40124,173.5,2014,4,24,2
-30.336111,27.359444,173.6,2014,4,24,2
-27.356667,27.286389,177.3,2014,4,24,2
-30.830556,26.921389,177.6,2014,4,25,2
-27.902778,24.615556,210.3,2014,4,25,2
-31.000833,26.353056,180.0,2014,4,25,2
-30.679722,26.7125,183.40001,2014,4,25,2
-30.534167,24.961944,210.7,2014,4,25,2
-29.140556,31.391944,143.3,2014,4,29,2
-25.99136,27.84208,160.1,2014,4,29,2
-28.747778,31.745833,150.8,2014,4,29,2
-28.801278,31.955389,147.6,2014,4,29,2
-26.73806,27.59194,164.40001,2014,4,29,2
-26.45,28.085833,159.7,2014,4,29,2
-27.935,26.126667,194.8,2014,4,29,2
-28.1175,26.719444,186.2,2014,4,29,2
-27.671111,27.236944,177.90001,2014,4,29,2
-28.404444,30.013056,160.8,2014,4,30,2
-27.169444,29.233889,152.1,2014,4,30,2
-26.861111,28.884722,156.1,2014,4,30,2
-26.98472222,26.63227778,178.2,2014,4,30,2
-25.45963889,28.26430556,164.7,2014,4,30,2
-28.058889,30.373611,155.7,2014,4,30,2
-27.495556,26.074722,192.0,2014,4,30,2
-29.033333,23.983333,221.90001,2011,5,10,2
-29.033333,23.983333,221.90001,2011,10,25,4
-29.033333,23.983333,221.90001,2011,2,11,1
-29.033333,23.983333,221.90001,2011,11,16,4
-29.033333,23.983333,221.90001,2011,12,14,4
-29.033333,23.983333,227.90001,2012,11,1,4
-29.033333,23.983333,202.3,2012,1,25,1
-29.033333,23.983333,202.3,2012,2,22,1
-25.81048333,27.90955222,163.7,2014,1,5,1
-27.937778,31.209444,151.1,2014,1,5,1
-27.5275,30.858056,145.8,2014,1,5,1
-29.033333,23.983333,202.3,2012,6,6,2
-29.033333,23.983333,202.3,2012,6,13,2
-29.033333,23.983333,202.3,2012,6,26,2
-29.033333,23.983333,202.3,2012,6,27,2
-29.033333,23.983333,236.2,2012,11,7,4
-29.033333,23.983333,236.2,2012,7,18,3
-29.033333,23.983333,236.2,2012,7,25,3
-27.02314,28.59389,158.2,2014,1,5,1
-29.033333,23.983333,236.2,2012,8,22,3
-29.033333,23.983333,236.2,2012,5,9,2
-29.033333,23.983333,236.2,2012,9,19,3
-29.033333,23.983333,236.2,2012,10,17,4
-29.033333,23.983333,236.2,2012,10,31,4
-29.033333,23.983333,236.2,2012,11,14,4
-29.033333,23.983333,236.2,2012,11,28,4
-29.033333,23.983333,205.40001,2013,2,27,1
-26.970278,27.211111,170.40001,2014,1,5,1
-26.880278,26.965,172.40001,2014,1,5,1
-29.744167,29.905833,141.6,2014,2,5,1
-34.031944,22.053333,153.90001,2014,3,5,1
-34.039722,22.133333,152.40001,2014,3,5,1
-26.970278,27.211111,170.40001,2014,5,5,2
-26.45,28.085833,159.7,2014,5,5,2
-27.935,26.126667,194.8,2014,5,5,2
-29.033333,23.983333,219.8,2013,7,24,3
-28.141944,26.417778,191.90001,2014,5,5,2
-28.116667,26.725278,186.2,2014,5,5,2
-27.671111,27.236944,177.90001,2014,5,5,2
-32.502778,19.535833,233.8,2014,5,5,2
-27.01011111,26.69808333,180.0,2014,6,5,2
-29.641944,30.6875,140.5,2014,6,5,2
-25.127778,27.628889,173.40001,2014,6,5,2
-25.20639,27.558,174.0,2014,6,5,2
-24.69514,27.40906,178.1,2014,6,5,2
-26.006389,29.253889,149.3,2014,6,5,2
-28.1175,26.719444,186.2,2014,6,5,2
-27.398611,26.614722,187.7,2014,6,5,2
-28.338333,31.373611,146.90001,2014,6,5,2
-28.068333,31.55,154.90001,2014,6,5,2
-27.495556,26.074722,192.0,2014,6,5,2
-27.4,26.624722,187.7,2014,6,5,2
-28.44555556,32.325,140.7,2014,3,7,1
-26.648056,27.089444,168.6,2014,7,5,3
-29.651389,22.746389,248.2,2014,7,5,3
-24.39619444,27.08983333,175.2,2014,8,5,3
-29.161667,30.629722,138.1,2014,8,5,3
-29.033333,23.983333,229.8,2014,6,8,2
-29.033333,23.983333,229.8,2014,8,20,3
-29.033333,23.983333,229.8,2014,3,9,1
-28.376944,24.303056,212.7,2014,8,5,3
-34.031944,22.053333,153.90001,2014,8,5,3
-34.039722,22.133333,152.40001,2014,8,5,3
-34.005833,22.351111,146.0,2014,8,5,3
-23.838611,31.640833,141.5,2014,9,5,3
-27.902778,24.615556,210.3,2014,9,5,3
-25.99136,27.84208,160.1,2014,12,5,4
-28.735556,29.820556,159.40001,2014,12,5,4
-31.396,29.2651,133.3,2014,12,5,4
-31.554722,29.245556,123.6,2014,12,5,4
-29.033333,23.983333,230.7,2015,9,23,3
-33.818056,19.694722,200.1,2014,12,5,4
-33.13083,18.86278,212.90001,2014,12,5,4
-27.01011111,26.69808333,180.0,2014,5,13,2
-25.681111,31.783333,135.7,2014,5,13,2
-25.67386,31.57527,142.40001,2014,5,13,2
-26.648056,27.089444,168.6,2014,5,13,2
-26.970278,27.211111,170.40001,2014,5,13,2
-27.273889,28.49,158.8,2014,5,13,2
-26.98472222,26.63227778,178.2,2014,5,13,2
-29.160278,26.573333,192.5,2014,5,13,2
-30.568333,29.422778,136.5,2014,5,13,2
-31.104278,29.399722,132.6,2014,5,13,2
-34.092222,21.295278,168.8,2014,5,13,2
-34.075556,20.145556,181.7,2014,5,13,2
-25.45963889,28.26430556,164.7,2014,5,13,2
-25.81048333,27.90955222,163.7,2014,5,14,2
-24.183889,30.823889,139.7,2014,5,14,2
-24.058889,31.237222,137.5,2014,5,14,2
-25.67386,31.57527,142.40001,2014,5,14,2
-26.905,32.324722,147.40001,2014,5,14,2
-29.744167,29.905833,141.6,2014,5,14,2
-27.169444,29.233889,152.1,2014,5,14,2
-26.861111,28.884722,156.1,2014,5,14,2
-26.73806,27.59194,164.40001,2014,5,14,2
-26.45,28.085833,159.7,2014,5,14,2
-27.3,28.586944,158.0,2014,5,14,2
-26.98472222,26.63227778,178.2,2014,5,14,2
-27.573056,24.746389,211.90001,2014,5,14,2
-30.570833,29.150556,138.0,2014,5,14,2
-33.7075,18.97444444,203.90001,2014,5,14,2
-32.94583,18.33667,197.8,2014,5,14,2
-27.363611,31.783333,147.1,2014,5,15,2
-31.031389,28.883333,137.90001,2014,5,15,2
-30.86013889,29.07125,139.3,2014,5,15,2
-30.77586667,29.03221667,140.3,2014,5,15,2
-33.38056,19.30167,195.7,2014,5,15,2
-33.08883333,19.21878333,198.90001,2014,5,15,2
-24.679167,30.8025,133.7,2014,5,16,2
-27.602222,29.942778,162.40001,2014,5,16,2
-28.116667,26.725278,186.2,2014,5,16,2
-29.7775,29.470833,137.8,2014,5,19,2
-29.987778,29.851667,135.40001,2014,5,19,2
-29.744167,29.905833,141.6,2014,5,19,2
-26.73806,27.59194,164.40001,2014,5,19,2
-26.45,28.085833,159.7,2014,5,19,2
-27.935,26.126667,194.8,2014,5,19,2
-27.671111,27.236944,177.90001,2014,5,19,2
-29.160278,26.573333,192.5,2014,5,19,2
-33.31388889,19.07472222,209.40001,2014,5,19,2
-27.01011111,26.69808333,180.0,2014,5,20,2
-34.065833,20.404167,178.0,2014,5,20,2
-25.127778,27.628889,173.40001,2014,5,20,2
-24.39619444,27.08983333,175.2,2014,5,20,2
-24.69514,27.40906,178.1,2014,5,20,2
-26.03611,30.99778,148.1,2014,5,20,2
-30.733889,29.828333,130.7,2014,5,20,2
-29.380556,30.2775,135.40001,2014,5,20,2
-27.169444,29.233889,152.1,2014,5,20,2
-26.861111,28.884722,156.1,2014,5,20,2
-27.00222,28.76528,156.7,2014,5,20,2
-27.273889,28.49,158.8,2014,5,20,2
-27.3,28.586944,158.0,2014,5,20,2
-26.98472222,26.63227778,178.2,2014,5,20,2
-28.141944,26.417778,191.90001,2014,5,20,2
-28.1175,26.719444,186.2,2014,5,20,2
-29.042222,24.6,219.1,2014,5,20,2
-29.033333,23.983333,217.3,2014,5,20,2
-28.69485,28.23487,157.3,2014,5,20,2
-28.883333,27.89,161.3,2014,5,20,2
-27.495556,26.074722,192.0,2014,5,20,2
-25.20639,27.558,174.0,2014,5,21,2
-23.658056,31.05,139.0,2014,5,21,2
-23.281,30.54305556,140.40001,2014,5,21,2
-30.398056,30.601944,135.7,2014,5,21,2
-26.648056,27.089444,168.6,2014,5,21,2
-26.970278,27.211111,170.40001,2014,5,21,2
-26.880278,26.965,172.40001,2014,5,21,2
-27.671111,27.236944,177.90001,2014,5,21,2
-29.028629,24.638389,218.2,2014,5,21,2
-30.160091,27.40124,173.5,2014,5,21,2
-30.336111,27.359444,173.6,2014,5,21,2
-34.405833,19.600556,158.3,2014,5,21,2
-27.356667,27.286389,177.3,2014,5,21,2
-30.830556,26.921389,177.6,2014,5,22,2
-22.769722,30.886944,143.1,2014,5,22,2
-30.13573889,30.67422222,137.8,2014,5,22,2
-27.398611,26.614722,187.7,2014,5,22,2
-28.376944,24.303056,212.7,2014,5,22,2
-29.658056,25.973333,194.1,2014,5,22,2
-31.000833,26.353056,180.0,2014,5,22,2
-30.679722,26.7125,183.40001,2014,5,22,2
-34.329722,18.990278,157.6,2014,5,22,2
-33.897778,20.012778,193.5,2014,5,22,2
-29.615556,27.065278,180.8,2014,5,23,2
-29.803611,30.516111,134.8,2014,5,23,2
-25.99136,27.84208,160.1,2014,5,26,2
-23.838611,31.640833,141.5,2014,5,26,2
-27.01011111,26.69808333,180.0,2014,5,27,2
-29.140556,31.391944,143.3,2014,5,27,2
-28.801278,31.955389,147.6,2014,5,27,2
-26.970278,27.211111,170.40001,2014,5,27,2
-26.98472222,26.63227778,178.2,2014,5,27,2
-33.501667,21.624167,184.0,2014,5,27,2
-25.45963889,28.26430556,164.7,2014,5,27,2
-25.81048333,27.90955222,163.7,2014,5,28,2
-22.935,28.004167,161.5,2014,5,28,2
-24.282222,28.090278,157.3,2014,5,28,2
-23.763056,27.908611,157.7,2014,5,28,2
-28.747778,31.745833,150.8,2014,5,28,2
-27.937778,31.209444,151.1,2014,5,28,2
-28.404444,30.013056,160.8,2014,5,28,2
-29.744167,29.905833,141.6,2014,5,28,2
-27.00222,28.76528,156.7,2014,5,28,2
-31.436944,20.474722,236.8,2014,5,28,2
-29.1825,23.575556,226.40001,2014,5,28,2
-28.768056,20.720556,260.2,2014,5,28,2
-28.058889,30.373611,155.7,2014,5,28,2
-22.225556,29.990556,151.40001,2014,5,29,2
-22.91028,29.61111,142.5,2014,5,29,2
-27.5275,30.858056,145.8,2014,5,29,2
-27.398611,26.614722,187.7,2014,5,29,2
-27.573056,24.746389,211.90001,2014,5,29,2
-25.57877778,29.12747222,160.6,2014,5,29,2
-27.398611,26.614722,187.7,2014,5,30,2
-29.160278,26.573333,192.5,2014,2,6,1
-24.670833,28.560833,159.5,2014,3,6,1
-25.127778,27.628889,173.40001,2014,3,6,1
-25.20639,27.558,174.0,2014,3,6,1
-24.69514,27.40906,178.1,2014,3,6,1
-27.935,26.126667,194.8,2014,3,6,1
-28.141944,26.417778,191.90001,2014,3,6,1
-28.338333,31.373611,146.90001,2014,3,6,1
-28.068333,31.55,154.90001,2014,3,6,1
-29.641944,30.6875,140.5,2014,4,6,2
-24.39619444,27.08983333,175.2,2014,4,6,2
-28.44555556,32.325,157.2,2014,7,30,3
-28.75,30.442778,162.0,2014,4,6,2
-29.161667,30.629722,138.1,2014,4,6,2
-34.005833,22.351111,146.0,2014,4,6,2
-26.98472222,26.63227778,178.2,2014,5,6,2
-27.902778,24.615556,210.3,2014,5,6,2
-33.970833,22.548333,143.0,2014,5,6,2
-28.308889,31.9025,150.3,2014,5,6,2
-25.99136,27.84208,160.1,2014,9,6,3
-26.73806,27.59194,164.40001,2014,9,6,3
-26.45,28.085833,159.7,2014,9,6,3
-27.671111,27.236944,177.90001,2014,9,6,3
-31.396,29.2651,133.3,2014,9,6,3
-31.554722,29.245556,123.6,2014,9,6,3
-33.818056,19.694722,200.1,2014,9,6,3
-23.658056,31.05,139.0,2014,10,6,4
-23.281,30.54305556,140.40001,2014,10,6,4
-25.681111,31.783333,135.7,2014,10,6,4
-25.362222,31.956667,130.7,2014,10,6,4
-28.735556,29.820556,159.40001,2014,10,6,4
-29.615556,27.065278,180.8,2014,10,6,4
-30.570833,29.150556,138.0,2014,10,6,4
-34.092222,21.295278,168.8,2014,10,6,4
-34.075556,20.145556,181.7,2014,10,6,4
-31.5653,18.3306,213.1,2014,10,6,4
-32.94583,18.33667,197.8,2014,10,6,4
-25.45963889,28.26430556,164.7,2014,10,6,4
-25.81048333,27.90955222,163.7,2014,11,6,4
-24.768889,31.39,134.1,2014,11,6,4
-26.905,32.324722,147.40001,2014,11,6,4
-27.602222,29.942778,162.40001,2014,11,6,4
-27.00222,28.76528,156.7,2014,11,6,4
-27.02314,28.59389,158.2,2014,11,6,4
-27.273889,28.49,158.8,2014,11,6,4
-27.3,28.586944,158.0,2014,11,6,4
-27.935,26.126667,194.8,2014,11,6,4
-28.69485,28.23487,157.3,2014,11,6,4
-28.883333,27.89,161.3,2014,11,6,4
-28.768056,20.720556,260.2,2014,11,6,4
-30.568333,29.422778,136.5,2014,11,6,4
-30.86013889,29.07125,139.3,2014,11,6,4
-30.77586667,29.03221667,140.3,2014,11,6,4
-33.13083,18.86278,212.90001,2014,11,6,4
-33.7075,18.97444444,203.90001,2014,11,6,4
-25.57877778,29.12747222,160.6,2014,11,6,4
-22.769722,30.886944,143.1,2014,12,6,4
-26.006389,29.253889,149.3,2014,12,6,4
-25.513889,31.224444,139.0,2014,12,6,4
-27.363611,31.783333,147.1,2014,12,6,4
-28.141944,26.417778,191.90001,2014,12,6,4
-28.1175,26.719444,186.2,2014,12,6,4
-31.436944,20.474722,236.8,2014,12,6,4
-30.568333,29.422778,136.5,2014,12,6,4
-24.99328,30.81444,123.5,2014,6,13,2
-29.744167,29.905833,141.6,2014,6,13,2
-27.573056,24.746389,211.90001,2014,6,13,2
-31.436944,20.474722,236.8,2014,6,13,2
-29.987778,29.851667,135.40001,2014,6,16,2
-29.744167,29.905833,141.6,2014,6,16,2
-25.127778,27.628889,173.40001,2014,6,17,2
-24.39619444,27.08983333,175.2,2014,6,17,2
-24.69514,27.40906,178.1,2014,6,17,2
-30.733889,29.828333,130.7,2014,6,17,2
-29.380556,30.2775,135.40001,2014,6,17,2
-28.1175,26.719444,186.2,2014,6,17,2
-28.116667,26.725278,186.2,2014,6,17,2
-33.38056,19.30167,195.7,2014,6,17,2
-27.01011111,26.69808333,180.0,2014,6,18,2
-24.183889,30.823889,139.7,2014,6,18,2
-25.20639,27.558,174.0,2014,6,18,2
-24.058889,31.237222,137.5,2014,6,18,2
-24.034167,31.123611,137.8,2014,6,18,2
-30.398056,30.601944,135.7,2014,6,18,2
-26.98472222,26.63227778,178.2,2014,6,18,2
-27.935,26.126667,194.8,2014,6,18,2
-33.31388889,19.07472222,209.40001,2014,6,18,2
-30.13573889,30.67422222,137.8,2014,6,19,2
-26.970278,27.211111,170.40001,2014,6,19,2
-27.398611,26.614722,187.7,2014,6,19,2
-27.671111,27.236944,177.90001,2014,6,19,2
-28.376944,24.303056,212.7,2014,6,19,2
-27.4,26.624722,187.7,2014,6,19,2
-24.679167,30.8025,133.7,2014,6,20,2
-26.880278,26.965,172.40001,2014,6,20,2
-29.803611,30.516111,134.8,2014,6,20,2
-23.838611,31.640833,141.5,2014,6,21,2
-25.99136,27.84208,160.1,2014,6,23,2
-26.73806,27.59194,164.40001,2014,6,23,2
-26.45,28.085833,159.7,2014,6,23,2
-29.160278,26.573333,192.5,2014,6,23,2
-29.042222,24.6,219.1,2014,6,23,2
-29.033333,23.983333,217.3,2014,6,23,2
-27.01011111,26.69808333,180.0,2014,6,24,2
-29.140556,31.391944,143.3,2014,6,24,2
-34.065833,20.404167,178.0,2014,6,24,2
-31.860278,18.6875,222.90001,2014,6,24,2
-24.282222,28.090278,157.3,2014,6,24,2
-26.03611,30.99778,148.1,2014,6,24,2
-25.362222,31.956667,130.7,2014,6,24,2
-25.14944444,31.94055556,130.1,2014,6,24,2
-27.169444,29.233889,152.1,2014,6,24,2
-26.648056,27.089444,168.6,2014,6,24,2
-26.970278,27.211111,170.40001,2014,6,24,2
-26.880278,26.965,172.40001,2014,6,24,2
-26.98472222,26.63227778,178.2,2014,6,24,2
-28.141944,26.417778,191.90001,2014,6,24,2
-28.1175,26.719444,186.2,2014,6,24,2
-28.116667,26.725278,186.2,2014,6,24,2
-29.028629,24.638389,218.2,2014,6,24,2
-28.69485,28.23487,157.3,2014,6,24,2
-29.615556,27.065278,180.8,2014,6,24,2
-33.501667,21.624167,184.0,2014,6,24,2
-25.45963889,28.26430556,164.7,2014,6,24,2
-25.81048333,27.90955222,163.7,2014,6,25,2
-23.763056,27.908611,157.7,2014,6,25,2
-23.23572222,27.717,164.3,2014,6,25,2
-28.404444,30.013056,160.8,2014,6,25,2
-29.744167,29.905833,141.6,2014,6,25,2
-27.3,28.586944,158.0,2014,6,25,2
-27.802778,28.768333,153.90001,2014,6,25,2
-27.671111,27.236944,177.90001,2014,6,25,2
-30.160091,27.40124,173.5,2014,6,25,2
-30.336111,27.359444,173.6,2014,6,25,2
-34.405833,19.600556,158.3,2014,6,25,2
-28.058889,30.373611,155.7,2014,6,25,2
-29.161667,23.696389,221.2,2014,6,26,2
-30.830556,26.921389,177.6,2014,6,26,2
-22.91028,29.61111,142.5,2014,6,26,2
-26.006389,29.253889,149.3,2014,6,26,2
-25.49037,30.6986,138.8,2014,6,26,2
-27.5275,30.858056,145.8,2014,6,26,2
-27.4275,28.525833,157.90001,2014,6,26,2
-27.38972222,26.46388889,189.40001,2014,6,26,2
-27.398611,26.614722,187.7,2014,6,26,2
-27.573056,24.746389,211.90001,2014,6,26,2
-31.000833,26.353056,180.0,2014,6,26,2
-30.679722,26.7125,183.40001,2014,6,26,2
-33.897778,20.012778,193.5,2014,6,26,2
-28.7115,24.07288889,216.3,2014,6,27,2
-23.23572222,27.717,164.3,2014,6,27,2
-24.058889,31.237222,137.5,2014,6,27,2
-27.902778,24.615556,210.3,2014,6,27,2
-29.658056,25.973333,194.1,2014,6,27,2
-30.534167,24.961944,210.7,2014,6,27,2
-26.45,28.085833,159.7,2014,6,30,2
-27.671111,27.236944,177.90001,2014,6,30,2
-25.57877778,29.12747222,160.6,2014,6,30,2
-25.127778,27.628889,173.40001,2014,1,7,1
-25.20639,27.558,174.0,2014,1,7,1
-24.69514,27.40906,178.1,2014,1,7,1
-26.861111,28.884722,156.1,2014,1,7,1
-26.98472222,26.63227778,178.2,2014,1,7,1
-28.1175,26.719444,186.2,2014,1,7,1
-27.671111,27.236944,177.90001,2014,1,7,1
-34.031944,22.053333,153.90001,2014,1,7,1
-34.039722,22.133333,152.40001,2014,1,7,1
-28.068333,31.55,154.90001,2014,1,7,1
-27.495556,26.074722,192.0,2014,1,7,1
-29.161667,23.696389,221.2,2014,2,7,1
-27.01011111,26.69808333,180.0,2014,2,7,1
-29.641944,30.6875,140.5,2014,2,7,1
-24.39619444,27.08983333,175.2,2014,2,7,1
-27.00222,28.76528,156.7,2014,2,7,1
-27.02314,28.59389,158.2,2014,2,7,1
-26.648056,27.089444,168.6,2014,2,7,1
-26.880278,26.965,172.40001,2014,2,7,1
-27.273889,28.49,158.8,2014,2,7,1
-27.4275,28.525833,157.90001,2014,2,7,1
-27.3,28.586944,158.0,2014,2,7,1
-28.44555556,32.325,157.2,2014,8,27,3
-27.671111,27.236944,177.90001,2014,3,7,1
-34.005833,22.351111,146.0,2014,3,7,1
-28.308889,31.9025,150.3,2014,3,7,1
-25.99136,27.84208,160.1,2014,7,7,3
-28.735556,29.820556,159.40001,2014,7,7,3
-26.73806,27.59194,164.40001,2014,7,7,3
-26.45,28.085833,159.7,2014,7,7,3
-26.98472222,26.63227778,178.2,2014,7,7,3
-28.1175,26.719444,186.2,2014,7,7,3
-28.116667,26.725278,186.2,2014,7,7,3
-27.169444,29.233889,152.1,2014,8,7,3
-26.861111,28.884722,156.1,2014,8,7,3
-31.436944,20.474722,236.8,2014,8,7,3
-31.394444,20.947222,240.3,2014,8,7,3
-34.092222,21.295278,168.8,2014,8,7,3
-25.45963889,28.26430556,164.7,2014,8,7,3
-29.161667,23.696389,236.0,2014,9,7,3
-25.81048333,27.90955222,171.0,2014,9,7,3
-25.362222,31.956667,143.40001,2014,9,7,3
-26.905,32.324722,161.2,2014,9,7,3
-27.602222,29.942778,162.3,2014,9,7,3
-26.98472222,26.63227778,184.7,2014,9,7,3
-27.935,26.126667,197.0,2014,9,7,3
-28.141944,26.417778,196.0,2014,9,7,3
-29.033333,23.983333,229.8,2014,9,7,3
-30.568333,29.422778,153.40001,2014,9,7,3
-30.570833,29.150556,154.1,2014,9,7,3
-31.104278,29.399722,154.5,2014,9,7,3
-27.4,26.624722,193.1,2014,9,7,3
-27.01011111,26.69808333,185.5,2014,10,7,4
-25.436111,31.982222,145.0,2014,10,7,4
-27.363611,31.783333,156.90001,2014,10,7,4
-26.648056,27.089444,174.8,2014,10,7,4
-26.970278,27.211111,176.1,2014,10,7,4
-26.880278,26.965,177.5,2014,10,7,4
-31.031389,28.883333,154.40001,2014,10,7,4
-30.86013889,29.07125,158.0,2014,10,7,4
-30.77586667,29.03221667,158.7,2014,10,7,4
-31.396,29.2651,155.2,2014,11,7,4
-29.7775,29.470833,150.40001,2014,7,14,3
-29.744167,29.905833,157.2,2014,7,14,3
-26.45,28.085833,164.5,2014,7,14,3
-27.671111,27.236944,183.40001,2014,7,14,3
-29.160278,26.573333,200.8,2014,7,14,3
-33.818056,19.694722,212.5,2014,7,14,3
-32.502778,19.535833,232.90001,2014,7,14,3
-25.57877778,29.12747222,166.40001,2014,7,14,3
-25.127778,27.628889,184.3,2014,7,15,3
-24.39619444,27.08983333,187.90001,2014,7,15,3
-24.69514,27.40906,187.0,2014,7,15,3
-26.006389,29.253889,153.7,2014,7,15,3
-30.733889,29.828333,151.0,2014,7,15,3
-29.987778,29.851667,152.90001,2014,7,15,3
-29.380556,30.2775,149.7,2014,7,15,3
-26.861111,28.884722,158.3,2014,7,15,3
-26.98472222,26.63227778,184.7,2014,7,15,3
-28.768056,20.720556,254.1,2014,7,15,3
-34.075556,20.145556,199.2,2014,7,15,3
-31.5653,18.3306,219.2,2014,7,15,3
-32.94583,18.33667,204.3,2014,7,15,3
-27.495556,26.074722,199.90001,2014,7,15,3
-29.161667,23.696389,236.0,2014,7,16,3
-27.01011111,26.69808333,185.5,2014,7,16,3
-25.20639,27.558,182.8,2014,7,16,3
-26.03611,30.99778,157.1,2014,7,16,3
-30.398056,30.601944,157.7,2014,7,16,3
-26.648056,27.089444,174.8,2014,7,16,3
-26.970278,27.211111,176.1,2014,7,16,3
-26.880278,26.965,177.5,2014,7,16,3
-27.044444,27.005,179.90001,2014,7,16,3
-33.13083,18.86278,209.40001,2014,7,16,3
-28.1175,26.719444,191.5,2014,7,17,3
-28.116667,26.725278,191.5,2014,7,17,3
-28.376944,24.303056,225.6,2014,7,17,3
-24.95861111,29.39527778,174.2,2014,7,18,3
-29.744167,29.905833,157.2,2014,7,18,3
-27.902778,24.615556,223.7,2014,7,18,3
-29.803611,30.516111,151.7,2014,7,18,3
-29.140556,31.391944,158.3,2014,7,21,3
-25.99136,27.84208,168.0,2014,7,21,3
-25.513889,31.224444,149.3,2014,7,21,3
-29.160278,26.573333,200.8,2014,7,21,3
-29.042222,24.6,226.5,2014,7,21,3
-29.033333,23.983333,229.8,2014,7,21,3
-25.398889,31.610556,147.0,2014,7,22,3
-28.801278,31.955389,161.1,2014,7,22,3
-27.935,26.126667,197.0,2014,7,22,3
-28.1175,26.719444,191.5,2014,7,22,3
-28.116667,26.725278,191.5,2014,7,22,3
-29.028629,24.638389,225.2,2014,7,22,3
-28.69485,28.23487,163.3,2014,7,22,3
-29.615556,27.065278,188.8,2014,7,22,3
-28.883333,27.89,168.90001,2014,7,22,3
-25.45963889,28.26430556,172.3,2014,7,22,3
-25.81048333,27.90955222,171.0,2014,7,23,3
-24.282222,28.090278,171.90001,2014,7,23,3
-28.747778,31.745833,161.6,2014,7,23,3
-28.404444,30.013056,165.0,2014,7,23,3
-30.160091,27.40124,182.6,2014,7,23,3
-30.336111,27.359444,183.3,2014,7,23,3
-33.501667,21.624167,197.90001,2014,7,23,3
-28.058889,30.373611,159.1,2014,7,23,3
-22.935,28.004167,185.5,2014,7,24,3
-30.830556,26.921389,189.40001,2014,7,24,3
-24.99328,30.81444,135.40001,2014,7,24,3
-27.937778,31.209444,159.7,2014,7,24,3
-27.5275,30.858056,152.90001,2014,7,24,3
-31.000833,26.353056,194.1,2014,7,24,3
-30.679722,26.7125,194.3,2014,7,24,3
-30.534167,24.961944,220.90001,2014,7,24,3
-29.744167,29.905833,157.2,2014,7,25,3
-29.658056,25.973333,204.0,2014,7,25,3
-33.38056,19.30167,206.90001,2014,7,28,3
-30.534167,24.961944,217.8,2011,8,16,3
-27.01011111,26.69808333,185.5,2014,7,29,3
-30.534167,24.961944,217.8,2011,8,9,3
-30.534167,24.961944,217.8,2011,9,28,3
-30.534167,24.961944,217.8,2011,7,10,3
-30.534167,24.961944,217.8,2011,4,11,2
-30.534167,24.961944,217.8,2011,2,12,1
-30.534167,24.961944,217.8,2011,12,23,4
-30.534167,24.961944,187.90001,2012,3,2,1
-30.534167,24.961944,187.90001,2012,2,3,1
-30.534167,24.961944,187.90001,2012,3,30,1
-30.534167,24.961944,187.90001,2012,5,25,2
-34.065833,20.404167,197.5,2014,7,29,3
-22.91028,29.61111,165.3,2014,7,29,3
-30.534167,24.961944,234.6,2012,7,20,3
-30.534167,24.961944,234.6,2012,9,14,3
-30.534167,24.961944,234.6,2012,12,10,4
-30.534167,24.961944,234.6,2012,9,11,3
-30.534167,24.961944,234.6,2012,6,12,2
-25.127778,27.628889,184.3,2014,7,29,3
-30.534167,24.961944,201.6,2013,8,2,3
-25.20639,27.558,182.8,2014,7,29,3
-24.69514,27.40906,187.0,2014,7,29,3
-28.75,30.442778,168.6,2014,7,29,3
-26.880278,26.965,177.5,2014,7,29,3
-30.534167,24.961944,210.7,2014,5,22,2
-26.98472222,26.63227778,184.7,2014,7,29,3
-28.141944,26.417778,196.0,2014,7,29,3
-28.1175,26.719444,191.5,2014,7,29,3
-29.651389,22.746389,239.8,2014,7,29,3
-30.534167,24.961944,220.90001,2014,10,16,4
-30.534167,24.961944,220.90001,2014,6,11,2
-30.534167,24.961944,220.90001,2014,4,12,2
-30.534167,24.961944,87.6,2015,8,1,3
-33.31388889,19.07472222,216.6,2014,7,29,3
-28.338333,31.373611,157.40001,2014,7,29,3
-28.068333,31.55,164.40001,2014,7,29,3
-27.495556,26.074722,199.90001,2014,7,29,3
-29.161667,23.696389,236.0,2014,7,30,3
-22.225556,29.990556,179.5,2014,7,30,3
-30.534167,24.961944,229.2,2015,10,22,4
-31.860278,18.6875,229.40001,2014,7,30,3
-24.39619444,27.08983333,187.90001,2014,7,30,3
-23.281,30.54305556,160.7,2014,7,30,3
-28.44555556,32.325,157.2,2014,10,22,4
-29.161667,30.629722,148.40001,2014,7,30,3
-31.436944,20.474722,236.8,2014,4,24,2
-26.861111,28.884722,158.3,2014,7,30,3
-26.73806,27.59194,168.90001,2014,7,30,3
-26.45,28.085833,164.5,2014,7,30,3
-27.38972222,26.46388889,195.40001,2014,7,30,3
-27.398611,26.614722,193.1,2014,7,30,3
-27.671111,27.236944,183.40001,2014,7,30,3
-28.768056,20.720556,254.1,2014,7,30,3
-33.08883333,19.21878333,205.3,2014,7,30,3
-29.641944,30.6875,155.40001,2014,7,31,3
-22.769722,30.886944,165.8,2014,7,31,3
-27.169444,29.233889,156.2,2014,7,31,3
-27.00222,28.76528,159.6,2014,7,31,3
-28.376944,24.303056,225.6,2014,7,31,3
-34.405833,19.600556,173.0,2014,7,31,3
-34.329722,18.990278,168.3,2014,7,31,3
-27.356667,27.286389,180.5,2014,7,31,3
-28.308889,31.9025,161.7,2014,7,31,3
-33.897778,20.012778,201.3,2014,7,31,3
-29.744167,29.905833,157.2,2014,1,8,1
-26.648056,27.089444,174.8,2014,1,8,1
-27.671111,27.236944,183.40001,2014,1,8,1
-27.902778,24.615556,223.7,2014,1,8,1
-25.99136,27.84208,168.0,2014,4,8,2
-28.735556,29.820556,164.8,2014,4,8,2
-26.45,28.085833,164.5,2014,4,8,2
-29.160278,26.573333,200.8,2014,4,8,2
-24.058889,31.237222,157.6,2014,5,8,2
-26.861111,28.884722,158.3,2014,5,8,2
-34.031944,22.053333,168.5,2014,5,8,2
-34.039722,22.133333,166.90001,2014,5,8,2
-25.45963889,28.26430556,172.3,2014,5,8,2
-29.161667,23.696389,236.0,2014,6,8,2
-25.81048333,27.90955222,171.0,2014,6,8,2
-25.73411,27.21422,172.5,2014,6,8,2
-27.363611,31.783333,156.90001,2014,6,8,2
-26.905,32.324722,161.2,2014,6,8,2
-27.602222,29.942778,162.3,2014,6,8,2
-27.4275,28.525833,162.0,2014,6,8,2
-27.3,28.586944,162.1,2014,6,8,2
-27.935,26.126667,197.0,2014,6,8,2
-34.005833,22.351111,160.40001,2014,6,8,2
-27.00222,28.76528,159.6,2014,7,8,3
-27.02314,28.59389,161.8,2014,7,8,3
-31.394444,20.947222,240.0,2014,7,8,3
-23.658056,31.05,160.1,2014,8,8,3
-28.96362,19.15486,248.3,2014,9,8,3
-24.679167,30.8025,144.8,2014,11,8,4
-29.7775,29.470833,150.40001,2014,11,8,4
-29.987778,29.851667,152.90001,2014,11,8,4
-29.744167,29.905833,157.2,2014,11,8,4
-29.380556,30.2775,149.7,2014,11,8,4
-26.970278,27.211111,176.1,2014,11,8,4
-26.45,28.085833,164.5,2014,11,8,4
-26.98472222,26.63227778,184.7,2014,11,8,4
-27.671111,27.236944,183.40001,2014,11,8,4
-31.396,29.2651,155.2,2014,11,8,4
-31.554722,29.245556,146.7,2014,11,8,4
-24.183889,30.823889,159.90001,2014,12,8,4
-25.127778,27.628889,184.3,2014,12,8,4
-24.39619444,27.08983333,187.90001,2014,12,8,4
-24.69514,27.40906,187.0,2014,12,8,4
-25.73411,27.21422,172.5,2014,12,8,4
-26.03611,30.99778,157.1,2014,12,8,4
-30.733889,29.828333,151.0,2014,12,8,4
-26.861111,28.884722,158.3,2014,12,8,4
-27.00222,28.76528,159.6,2014,12,8,4
-26.98472222,26.63227778,184.7,2014,12,8,4
-27.398611,26.614722,193.1,2014,12,8,4
-30.570833,29.150556,154.1,2014,12,8,4
-31.104278,29.399722,154.5,2014,12,8,4
-27.495556,26.074722,199.90001,2014,12,8,4
-27.4,26.624722,193.1,2014,12,8,4
-29.161667,23.696389,236.0,2014,8,13,3
-27.01011111,26.69808333,185.5,2014,8,13,3
-22.935,28.004167,185.5,2014,8,13,3
-24.670833,28.560833,172.2,2014,8,13,3
-25.20639,27.558,182.8,2014,8,13,3
-24.058889,31.237222,157.6,2014,8,13,3
-30.398056,30.601944,157.7,2014,8,13,3
-26.648056,27.089444,174.8,2014,8,13,3
-26.880278,26.965,177.5,2014,8,13,3
-31.031389,28.883333,154.40001,2014,8,13,3
-30.86013889,29.07125,158.0,2014,8,13,3
-30.77586667,29.03221667,158.7,2014,8,13,3
-24.282222,28.090278,171.90001,2014,8,14,3
-22.91028,29.61111,165.3,2014,8,14,3
-25.49037,30.6986,149.8,2014,8,14,3
-30.13573889,30.67422222,157.90001,2014,8,14,3
-28.376944,24.303056,225.6,2014,8,14,3
-25.447222,30.711667,152.5,2014,8,14,3
-29.744167,29.905833,157.2,2014,8,15,3
-27.902778,24.615556,223.7,2014,8,15,3
-29.803611,30.516111,151.7,2014,8,15,3
-28.96362,19.15486,248.3,2014,8,16,3
-25.99136,27.84208,168.0,2014,8,18,3
-26.73806,27.59194,168.90001,2014,8,18,3
-26.45,28.085833,164.5,2014,8,18,3
-28.1175,26.719444,191.5,2014,8,18,3
-27.671111,27.236944,183.40001,2014,8,18,3
-29.160278,26.573333,200.8,2014,8,18,3
-29.140556,31.391944,158.3,2014,8,19,3
-26.006389,29.253889,153.7,2014,8,19,3
-28.801278,31.955389,161.1,2014,8,19,3
-27.169444,29.233889,156.2,2014,8,19,3
-26.861111,28.884722,158.3,2014,8,19,3
-27.00222,28.76528,159.6,2014,8,19,3
-26.98472222,26.63227778,184.7,2014,8,19,3
-27.935,26.126667,197.0,2014,8,19,3
-27.398611,26.614722,193.1,2014,8,19,3
-28.69485,28.23487,163.3,2014,8,19,3
-28.883333,27.89,168.90001,2014,8,19,3
-25.45963889,28.26430556,172.3,2014,8,19,3
-27.495556,26.074722,199.90001,2014,8,19,3
-27.4,26.624722,193.1,2014,8,19,3
-29.161667,23.696389,236.0,2014,8,20,3
-27.01011111,26.69808333,185.5,2014,8,20,3
-25.81048333,27.90955222,171.0,2014,8,20,3
-28.747778,31.745833,161.6,2014,8,20,3
-28.404444,30.013056,165.0,2014,8,20,3
-26.648056,27.089444,174.8,2014,8,20,3
-26.970278,27.211111,176.1,2014,8,20,3
-26.880278,26.965,177.5,2014,8,20,3
-28.1175,26.719444,191.5,2014,8,20,3
-30.160091,27.40124,182.6,2014,8,20,3
-30.336111,27.359444,183.3,2014,8,20,3
-29.615556,27.065278,188.8,2014,8,20,3
-28.058889,30.373611,159.1,2014,8,20,3
-30.830556,26.921389,189.40001,2014,8,21,3
-27.937778,31.209444,159.7,2014,8,21,3
-27.5275,30.858056,152.90001,2014,8,21,3
-28.116667,26.725278,191.5,2014,8,21,3
-31.000833,26.353056,194.1,2014,8,21,3
-30.679722,26.7125,194.3,2014,8,21,3
-28.883333,27.89,168.90001,2014,8,21,3
-30.534167,24.961944,220.90001,2014,8,21,3
-31.394444,20.947222,240.0,2014,8,21,3
-24.925278,29.324444,173.0,2014,8,22,3
-29.658056,25.973333,204.0,2014,8,22,3
-26.45,28.085833,164.5,2014,8,25,3
-29.042222,24.6,226.5,2014,8,25,3
-29.028629,24.638389,225.2,2014,8,25,3
-33.818056,19.694722,212.5,2014,8,25,3
-32.502778,19.535833,232.90001,2014,8,25,3
-27.01011111,26.69808333,185.5,2014,8,26,3
-25.127778,27.628889,184.3,2014,8,26,3
-25.20639,27.558,182.8,2014,8,26,3
-24.69514,27.40906,187.0,2014,8,26,3
-23.281,30.54305556,160.7,2014,8,26,3
-26.861111,28.884722,158.3,2014,8,26,3
-26.648056,27.089444,174.8,2014,8,26,3
-26.970278,27.211111,176.1,2014,8,26,3
-26.880278,26.965,177.5,2014,8,26,3
-26.98472222,26.63227778,184.7,2014,8,26,3
-28.141944,26.417778,196.0,2014,8,26,3
-28.1175,26.719444,191.5,2014,8,26,3
-33.501667,21.624167,197.90001,2014,8,26,3
-34.075556,20.145556,199.2,2014,8,26,3
-31.5653,18.3306,219.2,2014,8,26,3
-32.94583,18.33667,204.3,2014,8,26,3
-28.338333,31.373611,157.40001,2014,8,26,3
-28.068333,31.55,164.40001,2014,8,26,3
-24.39619444,27.08983333,187.90001,2014,8,27,3
-22.769722,30.886944,165.8,2014,8,27,3
-28.44555556,32.325,157.2,2014,11,19,4
-29.161667,30.629722,148.40001,2014,8,27,3
-27.00222,28.76528,159.6,2014,8,27,3
-27.02314,28.59389,161.8,2014,8,27,3
-27.4275,28.525833,162.0,2014,8,27,3
-27.3,28.586944,162.1,2014,8,27,3
-27.398611,26.614722,193.1,2014,8,27,3
-33.13083,18.86278,209.40001,2014,8,27,3
-33.7075,18.97444444,212.0,2014,8,27,3
-28.308889,31.9025,161.7,2014,8,27,3
-26.619444,27.980833,167.2,2014,8,28,3
-26.510278,28.351389,162.8,2014,8,28,3
-27.671111,27.236944,183.40001,2014,8,28,3
-27.573056,24.746389,215.40001,2014,8,28,3
-28.376944,24.303056,225.6,2014,8,28,3
-28.75,30.442778,168.6,2014,8,29,3
-29.744167,29.905833,157.2,2014,8,29,3
-27.902778,24.615556,223.7,2014,8,29,3
-25.99136,27.84208,168.0,2014,1,9,1
-26.73806,27.59194,168.90001,2014,1,9,1
-26.45,28.085833,164.5,2014,1,9,1
-28.141944,26.417778,196.0,2014,1,9,1
-28.116667,26.725278,191.5,2014,1,9,1
-33.38056,19.30167,206.90001,2014,1,9,1
-34.065833,20.404167,197.5,2014,2,9,1
-31.860278,18.6875,229.40001,2014,2,9,1
-27.169444,29.233889,156.2,2014,2,9,1
-26.861111,28.884722,158.3,2014,2,9,1
-27.00222,28.76528,159.6,2014,2,9,1
-26.880278,26.965,177.5,2014,2,9,1
-27.935,26.126667,197.0,2014,2,9,1
-27.671111,27.236944,183.40001,2014,2,9,1
-34.031944,22.053333,168.5,2014,2,9,1
-34.039722,22.133333,166.90001,2014,2,9,1
-25.45963889,28.26430556,172.3,2014,2,9,1
-25.57877778,29.12747222,166.40001,2014,2,9,1
-29.161667,23.696389,236.0,2014,3,9,1
-25.81048333,27.90955222,171.0,2014,3,9,1
-23.658056,31.05,160.1,2014,3,9,1
-26.006389,29.253889,153.7,2014,3,9,1
-27.602222,29.942778,162.3,2014,3,9,1
-27.802778,28.768333,158.6,2014,3,9,1
-29.160278,26.573333,200.8,2014,3,9,1
-31.436944,20.474722,233.7,2014,3,9,1
-34.405833,19.600556,173.0,2014,3,9,1
-27.363611,31.783333,156.90001,2014,4,9,2
-26.970278,27.211111,176.1,2014,4,9,2
-27.671111,27.236944,183.40001,2014,4,9,2
-34.329722,18.990278,168.3,2014,4,9,2
-33.897778,20.012778,201.3,2014,4,9,2
-27.01011111,26.69808333,185.5,2014,5,9,2
-26.905,32.324722,161.2,2014,5,9,2
-28.735556,29.820556,164.8,2014,5,9,2
-29.744167,29.905833,157.2,2014,5,9,2
-26.98472222,26.63227778,184.7,2014,5,9,2
-34.005833,22.351111,160.40001,2014,5,9,2
-27.495556,26.074722,199.90001,2014,5,9,2
-28.96362,19.15486,248.3,2014,6,9,2
-28.338333,31.373611,157.40001,2014,6,9,2
-29.7775,29.470833,150.40001,2014,8,9,3
-29.987778,29.851667,152.90001,2014,8,9,3
-29.744167,29.905833,157.2,2014,8,9,3
-26.98472222,26.63227778,184.7,2014,8,9,3
-27.671111,27.236944,183.40001,2014,8,9,3
-29.160278,26.573333,200.8,2014,8,9,3
-33.31388889,19.07472222,216.6,2014,8,9,3
-25.127778,27.628889,184.3,2014,9,9,3
-25.20639,27.558,182.8,2014,9,9,3
-24.39619444,27.08983333,187.90001,2014,9,9,3
-24.69514,27.40906,187.0,2014,9,9,3
-30.733889,29.828333,151.0,2014,9,9,3
-29.380556,30.2775,149.7,2014,9,9,3
-28.141944,26.417778,196.0,2014,9,9,3
-28.1175,26.719444,191.5,2014,9,9,3
-27.398611,26.614722,193.1,2014,9,9,3
-28.69485,28.23487,163.3,2014,9,9,3
-29.615556,27.065278,188.8,2014,9,9,3
-28.883333,27.89,168.90001,2014,9,9,3
-31.554722,29.245556,146.7,2014,9,9,3
-27.4,26.624722,193.1,2014,9,9,3
-29.161667,23.696389,236.0,2014,10,9,4
-27.01011111,26.69808333,185.5,2014,10,9,4
-26.648056,27.089444,174.8,2014,10,9,4
-26.970278,27.211111,176.1,2014,10,9,4
-26.880278,26.965,177.5,2014,10,9,4
-26.98472222,26.63227778,184.7,2014,10,9,4
-27.671111,27.236944,183.40001,2014,10,9,4
-30.160091,27.40124,182.6,2014,10,9,4
-30.336111,27.359444,183.3,2014,10,9,4
-28.460833,21.248889,241.2,2014,10,9,4
-30.568333,29.422778,153.40001,2014,10,9,4
-30.570833,29.150556,154.1,2014,10,9,4
-30.830556,26.921389,189.40001,2014,11,9,4
-30.13573889,30.67422222,157.90001,2014,11,9,4
-27.38972222,26.46388889,195.40001,2014,11,9,4
-27.398611,26.614722,193.1,2014,11,9,4
-28.376944,24.303056,225.6,2014,11,9,4
-31.000833,26.353056,194.1,2014,11,9,4
-30.679722,26.7125,194.3,2014,11,9,4
-30.534167,24.961944,220.90001,2014,11,9,4
-30.77586667,29.03221667,158.7,2014,11,9,4
-27.902778,24.615556,223.7,2014,12,9,4
-29.803611,30.516111,151.7,2014,12,9,4
-24.679167,30.8025,144.8,2014,9,15,3
-25.99136,27.84208,168.0,2014,9,15,3
-25.513889,31.224444,149.3,2014,9,15,3
-26.73806,27.59194,168.90001,2014,9,15,3
-26.45,28.085833,164.5,2014,9,15,3
-29.042222,24.6,226.5,2014,9,15,3
-29.028629,24.638389,225.2,2014,9,15,3
-22.225556,29.990556,179.5,2014,9,16,3
-25.436111,31.982222,145.0,2014,9,16,3
-29.140556,31.391944,158.3,2014,9,16,3
-24.183889,30.823889,159.90001,2014,9,16,3
-25.73411,27.21422,172.5,2014,9,16,3
-23.838611,31.640833,161.3,2014,9,16,3
-24.058889,31.237222,157.6,2014,9,16,3
-26.03611,30.99778,157.1,2014,9,16,3
-25.681111,31.783333,150.2,2014,9,16,3
-25.362222,31.956667,143.40001,2014,9,16,3
-27.169444,29.233889,156.2,2014,9,16,3
-26.861111,28.884722,158.3,2014,9,16,3
-27.802778,28.768333,158.6,2014,9,16,3
-33.501667,21.624167,197.90001,2014,9,16,3
-25.45963889,28.26430556,172.3,2014,9,16,3
-25.81048333,27.90955222,171.0,2014,9,17,3
-24.282222,28.090278,171.90001,2014,9,17,3
-23.23572222,27.717,186.90001,2014,9,17,3
-24.670833,28.560833,172.2,2014,9,17,3
-22.91028,29.61111,165.3,2014,9,17,3
-24.768889,31.39,149.8,2014,9,17,3
-28.801278,31.955389,161.1,2014,9,17,3
-28.404444,30.013056,165.0,2014,9,17,3
-27.00222,28.76528,159.6,2014,9,17,3
-27.02314,28.59389,161.8,2014,9,17,3
-27.273889,28.49,162.40001,2014,9,17,3
-27.4275,28.525833,162.0,2014,9,17,3
-27.3,28.586944,162.1,2014,9,17,3
-27.935,26.126667,197.0,2014,9,17,3
-28.768056,20.720556,254.1,2014,9,17,3
-28.058889,30.373611,159.1,2014,9,17,3
-23.763056,27.908611,179.0,2014,9,18,3
-24.99328,30.81444,135.40001,2014,9,18,3
-28.747778,31.745833,161.6,2014,9,18,3
-27.937778,31.209444,159.7,2014,9,18,3
-27.5275,30.858056,152.90001,2014,9,18,3
-26.619444,27.980833,167.2,2014,9,18,3
-29.744167,29.905833,157.2,2014,9,19,3
-31.394444,20.947222,240.0,2014,9,22,3
-33.818056,19.694722,212.5,2014,9,22,3
-32.502778,19.535833,232.90001,2014,9,22,3
-27.01011111,26.69808333,185.5,2014,9,23,3
-31.860278,18.6875,229.40001,2014,9,23,3
-25.127778,27.628889,184.3,2014,9,23,3
-25.20639,27.558,182.8,2014,9,23,3
-24.69514,27.40906,187.0,2014,9,23,3
-25.73411,27.21422,172.5,2014,9,23,3
-26.970278,27.211111,176.1,2014,9,23,3
-26.880278,26.965,177.5,2014,9,23,3
-26.98472222,26.63227778,184.7,2014,9,23,3
-27.398611,26.614722,193.1,2014,9,23,3
-27.671111,27.236944,183.40001,2014,9,23,3
-34.075556,20.145556,199.2,2014,9,23,3
-31.5653,18.3306,219.2,2014,9,23,3
-28.338333,31.373611,157.40001,2014,9,23,3
-27.495556,26.074722,199.90001,2014,9,23,3
-27.4,26.624722,193.1,2014,9,23,3
-29.641944,30.6875,155.40001,2014,9,24,3
-29.161667,30.629722,148.40001,2014,9,24,3
-27.00222,28.76528,159.6,2014,9,24,3
-26.619444,27.980833,167.2,2014,9,24,3
-26.45,28.085833,164.5,2014,9,24,3
-33.38056,19.30167,206.90001,2014,9,24,3
-23.281,30.54305556,160.7,2014,9,25,3
-26.861111,28.884722,158.3,2014,9,25,3
-28.376944,24.303056,225.6,2014,9,25,3
-32.94583,18.33667,204.3,2014,9,25,3
-26.648056,27.089444,174.8,2014,9,26,3
-27.573056,24.746389,215.40001,2014,9,26,3
-27.902778,24.615556,223.7,2014,9,26,3
-28.96362,19.15486,248.3,2014,9,26,3
-25.99136,27.84208,168.0,2014,9,29,3
-27.01011111,26.69808333,185.5,2014,9,30,3
-34.065833,20.404167,197.5,2014,9,30,3
-30.398056,30.601944,157.7,2014,9,30,3
-26.648056,27.089444,174.8,2014,9,30,3
-26.970278,27.211111,176.1,2014,9,30,3
-26.880278,26.965,177.5,2014,9,30,3
-26.73806,27.59194,168.90001,2014,9,30,3
-26.45,28.085833,164.5,2014,9,30,3
-26.98472222,26.63227778,184.7,2014,9,30,3
-27.935,26.126667,197.0,2014,9,30,3
-28.141944,26.417778,196.0,2014,9,30,3
-33.31388889,19.07472222,216.6,2014,9,30,3
-33.7075,18.97444444,212.0,2014,9,30,3
-25.45963889,28.26430556,172.3,2014,9,30,3
-25.81048333,27.90955222,171.0,2014,1,10,1
-27.169444,29.233889,156.2,2014,1,10,1
-26.861111,28.884722,158.3,2014,1,10,1
-34.405833,19.600556,173.0,2014,1,10,1
-33.13083,18.86278,209.40001,2014,1,10,1
-25.73411,27.21422,172.5,2014,2,10,1
-27.00222,28.76528,159.6,2014,2,10,1
-26.619444,27.980833,167.2,2014,2,10,1
-26.98472222,26.63227778,184.7,2014,2,10,1
-34.329722,18.990278,168.3,2014,2,10,1
-33.897778,20.012778,201.3,2014,2,10,1
-29.744167,29.905833,157.2,2014,3,10,1
-31.031389,28.883333,154.40001,2014,3,10,1
-30.86013889,29.07125,158.0,2014,3,10,1
-30.77586667,29.03221667,158.7,2014,3,10,1
-25.49037,30.6986,149.8,2014,6,10,2
-29.160278,26.573333,200.8,2014,6,10,2
-30.568333,29.422778,153.40001,2014,6,10,2
-30.570833,29.150556,154.1,2014,6,10,2
-25.447222,30.711667,152.5,2014,6,10,2
-28.7115,24.07288889,230.2,2014,7,10,3
-25.127778,27.628889,184.3,2014,7,10,3
-24.69514,27.40906,187.0,2014,7,10,3
-22.769722,30.886944,165.8,2014,7,10,3
-31.396,29.2651,155.2,2014,7,10,3
-34.031944,22.053333,168.5,2014,7,10,3
-34.039722,22.133333,166.90001,2014,7,10,3
-25.20639,27.558,182.8,2014,8,10,3
-25.73411,27.21422,172.5,2014,8,10,3
-23.281,30.54305556,160.7,2014,8,10,3
-26.905,32.324722,161.2,2014,8,10,3
-29.380556,30.2775,149.7,2014,8,10,3
-26.970278,27.211111,176.1,2014,8,10,3
-28.116667,26.725278,191.5,2014,8,10,3
-31.104278,29.399722,154.5,2014,8,10,3
-34.02861,22.22222,164.3,2014,8,10,3
-27.01011111,26.69808333,185.5,2014,9,10,3
-25.127778,27.628889,184.3,2014,9,10,3
-23.658056,31.05,160.1,2014,9,10,3
-26.861111,28.884722,158.3,2014,9,10,3
-26.45,28.085833,164.5,2014,9,10,3
-26.98472222,26.63227778,184.7,2014,9,10,3
-27.671111,27.236944,183.40001,2014,9,10,3
-28.376944,24.303056,225.6,2014,9,10,3
-31.554722,29.245556,146.7,2014,9,10,3
-34.005833,22.351111,160.40001,2014,9,10,3
-27.495556,26.074722,199.90001,2014,9,10,3
-26.648056,27.089444,174.8,2014,10,10,4
-26.880278,26.965,177.5,2014,10,10,4
-27.573056,24.746389,215.40001,2014,10,10,4
-27.902778,24.615556,223.7,2014,10,10,4
-31.031389,28.883333,138.90001,2011,2,16,1
-25.99136,27.84208,168.0,2014,10,13,4
-26.510278,28.351389,162.8,2014,10,13,4
-26.73806,27.59194,168.90001,2014,10,13,4
-26.45,28.085833,164.5,2014,10,13,4
-27.671111,27.236944,183.40001,2014,10,13,4
-29.160278,26.573333,200.8,2014,10,13,4
-29.042222,24.6,226.5,2014,10,13,4
-29.028629,24.638389,225.2,2014,10,13,4
-27.01011111,26.69808333,185.5,2014,10,14,4
-29.140556,31.391944,158.3,2014,10,14,4
-25.73411,27.21422,172.5,2014,10,14,4
-27.169444,29.233889,156.2,2014,10,14,4
-26.861111,28.884722,158.3,2014,10,14,4
-27.802778,28.768333,158.6,2014,10,14,4
-26.98472222,26.63227778,184.7,2014,10,14,4
-28.1175,26.719444,191.5,2014,10,14,4
-28.116667,26.725278,191.5,2014,10,14,4
-27.398611,26.614722,193.1,2014,10,14,4
-28.69485,28.23487,163.3,2014,10,14,4
-29.615556,27.065278,188.8,2014,10,14,4
-28.883333,27.89,168.90001,2014,10,14,4
-27.4,26.624722,193.1,2014,10,14,4
-25.81048333,27.90955222,171.0,2014,10,15,4
-28.747778,31.745833,161.6,2014,10,15,4
-28.404444,30.013056,165.0,2014,10,15,4
-27.00222,28.76528,159.6,2014,10,15,4
-27.02314,28.59389,161.8,2014,10,15,4
-26.648056,27.089444,174.8,2014,10,15,4
-26.970278,27.211111,176.1,2014,10,15,4
-26.880278,26.965,177.5,2014,10,15,4
-27.273889,28.49,162.40001,2014,10,15,4
-27.4275,28.525833,162.0,2014,10,15,4
-27.3,28.586944,162.1,2014,10,15,4
-27.935,26.126667,197.0,2014,10,15,4
-28.141944,26.417778,196.0,2014,10,15,4
-27.671111,27.236944,183.40001,2014,10,15,4
-30.160091,27.40124,182.6,2014,10,15,4
-30.336111,27.359444,183.3,2014,10,15,4
-28.768056,20.720556,254.1,2014,10,15,4
-34.092222,21.295278,183.90001,2014,10,15,4
-28.058889,30.373611,159.1,2014,10,15,4
-30.830556,26.921389,189.40001,2014,10,16,4
-25.49037,30.6986,149.8,2014,10,16,4
-27.937778,31.209444,159.7,2014,10,16,4
-27.5275,30.858056,152.90001,2014,10,16,4
-29.744167,29.905833,157.2,2014,10,16,4
-26.619444,27.980833,167.2,2014,10,16,4
-27.38972222,26.46388889,195.40001,2014,10,16,4
-27.398611,26.614722,193.1,2014,10,16,4
-31.000833,26.353056,194.1,2014,10,16,4
-30.679722,26.7125,194.3,2014,10,16,4
-27.4,26.624722,193.1,2014,10,16,4
-24.99328,30.81444,135.40001,2014,10,20,4
-33.818056,19.694722,212.5,2014,10,20,4
-32.502778,19.535833,232.90001,2014,10,20,4
-25.127778,27.628889,184.3,2014,10,21,4
-25.20639,27.558,182.8,2014,10,21,4
-24.69514,27.40906,187.0,2014,10,21,4
-26.006389,29.253889,153.7,2014,10,21,4
-25.513889,31.224444,149.3,2014,10,21,4
-25.398889,31.610556,147.0,2014,10,21,4
-26.970278,27.211111,176.1,2014,10,21,4
-26.45,28.085833,164.5,2014,10,21,4
-34.075556,20.145556,199.2,2014,10,21,4
-32.595833,19.009444,231.40001,2014,10,21,4
-28.338333,31.373611,157.40001,2014,10,21,4
-28.068333,31.55,164.40001,2014,10,21,4
-27.01011111,26.69808333,185.5,2014,10,22,4
-29.641944,30.6875,155.40001,2014,10,22,4
-24.39619444,27.08983333,187.90001,2014,10,22,4
-28.44555556,32.325,157.2,2014,12,16,4
-26.861111,28.884722,158.3,2014,10,22,4
-26.648056,27.089444,174.8,2014,10,22,4
-26.880278,26.965,177.5,2014,10,22,4
-26.98472222,26.63227778,184.7,2014,10,22,4
-34.250556,20.9925,188.3,2014,10,22,4
-25.57877778,29.12747222,166.40001,2014,10,22,4
-25.436111,31.982222,145.0,2014,10,23,4
-25.681111,31.783333,150.2,2014,10,23,4
-25.362222,31.956667,143.40001,2014,10,23,4
-28.75,30.442778,168.6,2014,10,23,4
-29.161667,30.629722,148.40001,2014,10,23,4
-27.00222,28.76528,159.6,2014,10,23,4
-26.619444,27.980833,167.2,2014,10,23,4
-27.573056,24.746389,215.40001,2014,10,23,4
-32.94583,18.33667,204.3,2014,10,23,4
-28.308889,31.9025,161.7,2014,10,23,4
-23.838611,31.640833,161.3,2014,10,24,4
-24.95861111,29.39527778,174.2,2014,10,24,4
-27.902778,24.615556,223.7,2014,10,24,4
-29.161667,23.696389,236.0,2014,10,27,4
-25.99136,27.84208,168.0,2014,10,27,4
-31.554722,29.245556,146.7,2014,10,27,4
-28.7115,24.07288889,230.2,2014,10,28,4
-34.065833,20.404167,197.5,2014,10,28,4
-22.91028,29.61111,165.3,2014,10,28,4
-26.970278,27.211111,176.1,2014,10,28,4
-26.880278,26.965,177.5,2014,10,28,4
-27.802778,28.768333,158.6,2014,10,28,4
-27.671111,27.236944,183.40001,2014,10,28,4
-29.1825,23.575556,235.40001,2014,10,28,4
-30.568333,29.422778,153.40001,2014,10,28,4
-30.570833,29.150556,154.1,2014,10,28,4
-31.104278,29.399722,154.5,2014,10,28,4
-33.501667,21.624167,197.90001,2014,10,28,4
-27.01011111,26.69808333,185.5,2014,10,29,4
-25.81048333,27.90955222,171.0,2014,10,29,4
-22.935,28.004167,185.5,2014,10,29,4
-24.282222,28.090278,171.90001,2014,10,29,4
-24.670833,28.560833,172.2,2014,10,29,4
-25.73411,27.21422,172.5,2014,10,29,4
-26.905,32.324722,161.2,2014,10,29,4
-28.735556,29.820556,164.8,2014,10,29,4
-26.861111,28.884722,158.3,2014,10,29,4
-26.648056,27.089444,174.8,2014,10,29,4
-27.273889,28.49,162.40001,2014,10,29,4
-27.3,28.586944,162.1,2014,10,29,4
-26.98472222,26.63227778,184.7,2014,10,29,4
-28.768056,20.720556,254.1,2014,10,29,4
-31.031389,28.883333,154.40001,2014,10,29,4
-30.86013889,29.07125,158.0,2014,10,29,4
-30.77586667,29.03221667,158.7,2014,10,29,4
-34.405833,19.600556,173.0,2014,10,29,4
-33.13083,18.86278,209.40001,2014,10,29,4
-33.7075,18.97444444,212.0,2014,10,29,4
-27.363611,31.783333,156.90001,2014,10,30,4
-27.602222,29.942778,162.3,2014,10,30,4
-27.00222,28.76528,159.6,2014,10,30,4
-26.619444,27.980833,167.2,2014,10,30,4
-26.73806,27.59194,168.90001,2014,10,30,4
-34.329722,18.990278,168.3,2014,10,30,4
-33.31388889,19.07472222,216.6,2014,10,30,4
-33.897778,20.012778,201.3,2014,10,30,4
-29.744167,29.905833,157.2,2014,10,31,4
-28.404444,30.013056,165.0,2014,2,11,1
-29.744167,29.905833,157.2,2014,3,11,1
-26.73806,27.59194,168.90001,2014,3,11,1
-26.45,28.085833,164.5,2014,3,11,1
-27.671111,27.236944,183.40001,2014,3,11,1
-30.733889,29.828333,151.0,2014,4,11,2
-29.380556,30.2775,149.7,2014,4,11,2
-27.169444,29.233889,156.2,2014,4,11,2
-26.861111,28.884722,158.3,2014,4,11,2
-26.98472222,26.63227778,184.7,2014,4,11,2
-28.141944,26.417778,196.0,2014,4,11,2
-27.398611,26.614722,193.1,2014,4,11,2
-29.160278,26.573333,200.8,2014,4,11,2
-28.69485,28.23487,163.3,2014,4,11,2
-28.883333,27.89,168.90001,2014,4,11,2
-34.039722,22.133333,166.90001,2014,4,11,2
-27.4,26.624722,193.1,2014,4,11,2
-27.01011111,26.69808333,185.5,2014,5,11,2
-25.73411,27.21422,172.5,2014,5,11,2
-30.398056,30.601944,157.7,2014,5,11,2
-27.00222,28.76528,159.6,2014,5,11,2
-27.02314,28.59389,161.8,2014,5,11,2
-26.648056,27.089444,174.8,2014,5,11,2
-26.970278,27.211111,176.1,2014,5,11,2
-26.880278,26.965,177.5,2014,5,11,2
-27.273889,28.49,162.40001,2014,5,11,2
-27.4275,28.525833,162.0,2014,5,11,2
-27.3,28.586944,162.1,2014,5,11,2
-28.116667,26.725278,191.5,2014,5,11,2
-30.160091,27.40124,182.6,2014,5,11,2
-30.336111,27.359444,183.3,2014,5,11,2
-29.615556,27.065278,188.8,2014,5,11,2
-34.02861,22.22222,164.3,2014,5,11,2
-30.830556,26.921389,189.40001,2014,6,11,2
-26.619444,27.980833,167.2,2014,6,11,2
-28.376944,24.303056,225.6,2014,6,11,2
-31.000833,26.353056,194.1,2014,6,11,2
-30.679722,26.7125,194.3,2014,6,11,2
-23.838611,31.640833,161.3,2014,7,11,3
-27.902778,24.615556,223.7,2014,7,11,3
-29.658056,25.973333,204.0,2014,7,11,3
-25.99136,27.84208,168.0,2014,10,11,4
-28.1175,26.719444,191.5,2014,10,11,4
-27.671111,27.236944,183.40001,2014,10,11,4
-29.140556,31.391944,158.3,2014,11,11,4
-24.183889,30.823889,159.90001,2014,11,11,4
-25.73411,27.21422,172.5,2014,11,11,4
-28.801278,31.955389,161.1,2014,11,11,4
-26.73806,27.59194,168.90001,2014,11,11,4
-26.45,28.085833,164.5,2014,11,11,4
-26.98472222,26.63227778,184.7,2014,11,11,4
-27.935,26.126667,197.0,2014,11,11,4
-28.141944,26.417778,196.0,2014,11,11,4
-27.398611,26.614722,193.1,2014,11,11,4
-34.092222,21.295278,183.90001,2014,11,11,4
-25.45963889,28.26430556,172.3,2014,11,11,4
-27.4,26.624722,193.1,2014,11,11,4
-27.01011111,26.69808333,185.5,2014,12,11,4
-25.81048333,27.90955222,171.0,2014,12,11,4
-24.670833,28.560833,172.2,2014,12,11,4
-22.769722,30.886944,165.8,2014,12,11,4
-24.058889,31.237222,157.6,2014,12,11,4
-28.747778,31.745833,161.6,2014,12,11,4
-27.937778,31.209444,159.7,2014,12,11,4
-29.744167,29.905833,157.2,2014,12,11,4
-27.169444,29.233889,156.2,2014,12,11,4
-26.861111,28.884722,158.3,2014,12,11,4
-26.648056,27.089444,174.8,2014,12,11,4
-26.970278,27.211111,176.1,2014,12,11,4
-26.880278,26.965,177.5,2014,12,11,4
-27.802778,28.768333,158.6,2014,12,11,4
-25.127778,27.628889,184.3,2014,11,13,4
-25.20639,27.558,182.8,2014,11,13,4
-23.658056,31.05,160.1,2014,11,13,4
-23.281,30.54305556,160.7,2014,11,13,4
-27.5275,30.858056,152.90001,2014,11,13,4
-27.00222,28.76528,159.6,2014,11,13,4
-27.273889,28.49,162.40001,2014,11,13,4
-27.4275,28.525833,162.0,2014,11,13,4
-27.3,28.586944,162.1,2014,11,13,4
-24.679167,30.8025,144.8,2014,11,14,4
-26.98472222,26.63227778,184.7,2014,11,14,4
-25.49037,30.6986,149.8,2014,11,17,4
-27.671111,27.236944,183.40001,2014,11,17,4
-29.042222,24.6,226.5,2014,11,17,4
-29.033333,23.983333,229.8,2014,11,17,4
-25.447222,30.711667,152.5,2014,11,17,4
-25.127778,27.628889,184.3,2014,11,18,4
-25.20639,27.558,182.8,2014,11,18,4
-24.69514,27.40906,187.0,2014,11,18,4
-26.006389,29.253889,153.7,2014,11,18,4
-25.513889,31.224444,149.3,2014,11,18,4
-25.398889,31.610556,147.0,2014,11,18,4
-28.141944,26.417778,196.0,2014,11,18,4
-28.1175,26.719444,191.5,2014,11,18,4
-29.028629,24.638389,225.2,2014,11,18,4
-28.338333,31.373611,157.40001,2014,11,18,4
-28.068333,31.55,164.40001,2014,11,18,4
-29.641944,30.6875,155.40001,2014,11,19,4
-24.39619444,27.08983333,187.90001,2014,11,19,4
-25.681111,31.783333,150.2,2014,11,19,4
-28.44555556,32.325,162.3,2015,1,14,1
-29.161667,30.629722,148.40001,2014,11,19,4
-26.45,28.085833,164.5,2014,11,19,4
-27.38972222,26.46388889,195.40001,2014,11,19,4
-27.398611,26.614722,193.1,2014,11,19,4
-25.57877778,29.12747222,166.40001,2014,11,19,4
-26.03611,30.99778,157.1,2014,11,20,4
-28.75,30.442778,168.6,2014,11,20,4
-26.861111,28.884722,158.3,2014,11,20,4
-27.671111,27.236944,183.40001,2014,11,20,4
-28.376944,24.303056,225.6,2014,11,20,4
-29.160278,26.573333,200.8,2014,11,20,4
-28.308889,31.9025,161.7,2014,11,20,4
-24.9675,31.516667,150.2,2014,11,21,4
-28.058889,30.373611,159.1,2014,11,22,4
-23.23572222,27.717,186.90001,2014,11,24,4
-25.99136,27.84208,168.0,2014,11,24,4
-27.671111,27.236944,183.40001,2014,11,24,4
-31.554722,29.245556,146.7,2014,11,24,4
-33.818056,19.694722,212.5,2014,11,24,4
-32.502778,19.535833,232.90001,2014,11,24,4
-27.01011111,26.69808333,185.5,2014,11,25,4
-31.860278,18.6875,229.40001,2014,11,25,4
-22.91028,29.61111,165.3,2014,11,25,4
-26.970278,27.211111,176.1,2014,11,25,4
-26.880278,26.965,177.5,2014,11,25,4
-28.1175,26.719444,191.5,2014,11,25,4
-30.568333,29.422778,153.40001,2014,11,25,4
-30.570833,29.150556,154.1,2014,11,25,4
-31.104278,29.399722,154.5,2014,11,25,4
-33.501667,21.624167,197.90001,2014,11,25,4
-34.075556,20.145556,199.2,2014,11,25,4
-32.595833,19.009444,231.40001,2014,11,25,4
-25.45963889,28.26430556,172.3,2014,11,25,4
-25.81048333,27.90955222,171.0,2014,11,26,4
-24.282222,28.090278,171.90001,2014,11,26,4
-23.763056,27.908611,179.0,2014,11,26,4
-26.905,32.324722,161.2,2014,11,26,4
-27.602222,29.942778,162.3,2014,11,26,4
-27.00222,28.76528,159.6,2014,11,26,4
-26.73806,27.59194,168.90001,2014,11,26,4
-26.45,28.085833,164.5,2014,11,26,4
-29.042222,24.6,226.5,2014,11,26,4
-29.033333,23.983333,229.8,2014,11,26,4
-31.031389,28.883333,154.40001,2014,11,26,4
-30.86013889,29.07125,158.0,2014,11,26,4
-30.77586667,29.03221667,158.7,2014,11,26,4
-34.250556,20.9925,188.3,2014,11,26,4
-33.38056,19.30167,206.90001,2014,11,26,4
-27.169444,29.233889,156.2,2014,11,27,4
-26.861111,28.884722,158.3,2014,11,27,4
-29.028629,24.638389,225.2,2014,11,27,4
-32.94583,18.33667,204.3,2014,11,27,4
-23.838611,31.640833,161.3,2014,11,28,4
-29.744167,29.905833,157.2,2014,11,28,4
-26.648056,27.089444,174.8,2014,11,28,4
-28.116667,26.725278,191.5,2014,11,28,4
-27.573056,24.746389,215.40001,2014,11,28,4
-29.744167,29.905833,157.2,2014,1,12,1
-29.380556,30.2775,149.7,2014,1,12,1
-26.970278,27.211111,176.1,2014,1,12,1
-29.160278,26.573333,200.8,2014,1,12,1
-27.01011111,26.69808333,185.5,2014,2,12,1
-34.065833,20.404167,197.5,2014,2,12,1
-25.127778,27.628889,184.3,2014,2,12,1
-24.69514,27.40906,187.0,2014,2,12,1
-25.49037,30.6986,149.8,2014,2,12,1
-26.861111,28.884722,158.3,2014,2,12,1
-26.648056,27.089444,174.8,2014,2,12,1
-26.880278,26.965,177.5,2014,2,12,1
-26.98472222,26.63227778,184.7,2014,2,12,1
-27.671111,27.236944,183.40001,2014,2,12,1
-28.69485,28.23487,163.3,2014,2,12,1
-29.615556,27.065278,188.8,2014,2,12,1
-28.883333,27.89,168.90001,2014,2,12,1
-34.092222,21.295278,183.90001,2014,2,12,1
-33.31388889,19.07472222,216.6,2014,2,12,1
-33.7075,18.97444444,212.0,2014,2,12,1
-25.20639,27.558,182.8,2014,3,12,1
-25.73411,27.21422,172.5,2014,3,12,1
-26.45,28.085833,164.5,2014,3,12,1
-27.273889,28.49,162.40001,2014,3,12,1
-27.4275,28.525833,162.0,2014,3,12,1
-27.3,28.586944,162.1,2014,3,12,1
-30.160091,27.40124,182.6,2014,3,12,1
-30.336111,27.359444,183.3,2014,3,12,1
-34.039722,22.133333,166.90001,2014,3,12,1
-34.02861,22.22222,164.3,2014,3,12,1
-34.405833,19.600556,173.0,2014,3,12,1
-33.13083,18.86278,209.40001,2014,3,12,1
-33.464444,18.740556,210.7,2014,3,12,1
-30.830556,26.921389,189.40001,2014,4,12,2
-25.362222,31.956667,143.40001,2014,4,12,2
-27.902778,24.615556,223.7,2014,4,12,2
-28.376944,24.303056,225.6,2014,4,12,2
-29.160278,26.573333,200.8,2014,4,12,2
-30.679722,26.7125,194.3,2014,4,12,2
-34.329722,18.990278,168.3,2014,4,12,2
-29.803611,30.516111,151.7,2014,4,12,2
-33.897778,20.012778,201.3,2014,4,12,2
-26.98472222,26.63227778,184.7,2014,5,12,2
-25.99136,27.84208,168.0,2014,8,12,3
-26.45,28.085833,164.5,2014,8,12,3
-28.141944,26.417778,196.0,2014,8,12,3
-29.042222,24.6,226.5,2014,8,12,3
-29.028629,24.638389,225.2,2014,8,12,3
-29.033333,23.983333,229.8,2014,8,12,3
-28.460833,21.248889,241.2,2014,8,12,3
-30.86013889,29.07125,158.0,2014,8,12,3
-30.77586667,29.03221667,158.7,2014,8,12,3
-29.140556,31.391944,158.3,2014,9,12,3
-24.183889,30.823889,159.90001,2014,9,12,3
-24.69514,27.40906,187.0,2014,9,12,3
-25.73411,27.21422,172.5,2014,9,12,3
-28.747778,31.745833,161.6,2014,9,12,3
-28.801278,31.955389,161.1,2014,9,12,3
-26.861111,28.884722,158.3,2014,9,12,3
-28.1175,26.719444,191.5,2014,9,12,3
-27.398611,26.614722,193.1,2014,9,12,3
-30.568333,29.422778,153.40001,2014,9,12,3
-30.570833,29.150556,154.1,2014,9,12,3
-31.554722,29.245556,146.7,2014,9,12,3
-25.45963889,28.26430556,172.3,2014,9,12,3
-27.4,26.624722,193.1,2014,9,12,3
-27.01011111,26.69808333,185.5,2014,10,12,4
-25.81048333,27.90955222,171.0,2014,10,12,4
-29.641944,30.6875,155.40001,2014,10,12,4
-24.670833,28.560833,172.2,2014,10,12,4
-28.404444,30.013056,165.0,2014,10,12,4
-26.648056,27.089444,174.8,2014,10,12,4
-26.970278,27.211111,176.1,2014,10,12,4
-26.880278,26.965,177.5,2014,10,12,4
-26.98472222,26.63227778,184.7,2014,10,12,4
-27.671111,27.236944,183.40001,2014,10,12,4
-28.058889,30.373611,159.1,2014,10,12,4
-23.658056,31.05,160.1,2014,11,12,4
-23.281,30.54305556,160.7,2014,11,12,4
-27.5275,30.858056,152.90001,2014,11,12,4
-27.38972222,26.46388889,195.40001,2014,11,12,4
-27.398611,26.614722,193.1,2014,11,12,4
-27.4,26.624722,193.1,2014,11,12,4
-24.679167,30.8025,144.8,2014,12,12,4
-29.744167,29.905833,157.2,2014,12,12,4
-26.73806,27.59194,168.90001,2014,12,15,4
-27.671111,27.236944,183.40001,2014,12,15,4
-25.127778,27.628889,184.3,2014,12,16,4
-28.44555556,32.325,162.3,2015,2,18,1
-26.970278,27.211111,176.1,2014,12,16,4
-27.01011111,26.69808333,185.5,2014,12,17,4
-27.602222,29.942778,162.3,2014,12,17,4
-28.75,30.442778,168.6,2014,12,17,4
-29.161667,30.629722,148.40001,2014,12,17,4
-26.648056,27.089444,174.8,2014,12,17,4
-26.880278,26.965,177.5,2014,12,17,4
-26.45,28.085833,164.5,2014,12,17,4
-26.98472222,26.63227778,184.7,2014,12,17,4
-33.501667,21.624167,197.90001,2014,12,17,4
-29.641944,30.6875,155.40001,2014,12,18,4
-26.905,32.324722,161.2,2014,12,18,4
-27.169444,29.233889,156.2,2014,12,18,4
-26.861111,28.884722,158.3,2014,12,18,4
-27.00222,28.76528,159.6,2014,12,18,4
-28.376944,24.303056,225.6,2014,12,18,4
-34.250556,20.9925,188.3,2014,12,18,4
-27.902778,24.615556,223.7,2014,12,19,4
-22.43772222,31.07805556,176.1,2014,12,21,4
-24.282222,28.090278,171.90001,2014,12,22,4
-30.733889,29.828333,151.0,2014,12,22,4
-26.970278,27.211111,176.1,2014,12,22,4
-26.880278,26.965,177.5,2014,12,22,4
-26.45,28.085833,164.5,2014,12,22,4
-27.01011111,26.69808333,185.5,2014,12,23,4
-25.81048333,27.90955222,171.0,2014,12,23,4
-22.225556,29.990556,179.5,2014,12,23,4
-22.91028,29.61111,165.3,2014,12,23,4
-26.861111,28.884722,158.3,2014,12,23,4
-27.00222,28.76528,159.6,2014,12,23,4
-26.98472222,26.63227778,184.7,2014,12,23,4
-29.744167,29.905833,157.2,2014,12,24,4
-29.161667,23.696389,236.0,2014,12,31,4
-28.376944,24.303056,225.6,2015,1,1,1
-27.902778,24.615556,191.1,2015,2,1,1
-25.99136,27.84208,92.3,2015,5,1,2
-29.987778,29.851667,74.3,2015,5,1,2
-29.744167,29.905833,76.9,2015,5,1,2
-26.970278,27.211111,91.200005,2015,5,1,2
-28.1175,26.719444,89.5,2015,5,1,2
-27.671111,27.236944,90.200005,2015,5,1,2
-29.140556,31.391944,64.8,2015,6,1,2
-25.73411,27.21422,81.8,2015,6,1,2
-30.733889,29.828333,65.200005,2015,6,1,2
-27.935,26.126667,71.5,2015,6,1,2
-28.141944,26.417778,70.0,2015,6,1,2
-27.398611,26.614722,76.4,2015,6,1,2
-29.160278,26.573333,65.8,2015,6,1,2
-28.69485,28.23487,61.5,2015,6,1,2
-28.883333,27.89,58.3,2015,6,1,2
-27.01011111,26.69808333,82.0,2015,7,1,3
-25.81048333,27.90955222,84.1,2015,7,1,3
-28.747778,31.745833,73.0,2015,7,1,3
-28.801278,31.955389,72.4,2015,7,1,3
-28.404444,30.013056,70.200005,2015,7,1,3
-26.648056,27.089444,80.6,2015,7,1,3
-26.880278,26.965,80.3,2015,7,1,3
-26.98472222,26.63227778,82.1,2015,7,1,3
-28.116667,26.725278,75.8,2015,7,1,3
-30.160091,27.40124,59.4,2015,7,1,3
-30.336111,27.359444,58.2,2015,7,1,3
-29.615556,27.065278,66.700005,2015,7,1,3
-30.830556,26.921389,89.5,2015,8,1,3
-31.000833,26.353056,87.200005,2015,8,1,3
-30.679722,26.7125,90.9,2015,8,1,3
-23.838611,31.640833,121.3,2015,9,1,3
-27.5275,30.858056,108.200005,2015,9,1,3
-29.744167,29.905833,104.3,2015,9,1,3
-30.398056,30.601944,99.700005,2015,9,1,3
-26.98472222,26.63227778,148.40001,2015,9,1,3
-27.573056,24.746389,153.3,2015,9,1,3
-29.658056,25.973333,134.2,2015,9,1,3
-29.803611,30.516111,101.700005,2015,9,1,3
-28.735556,29.820556,180.3,2015,12,1,4
-26.970278,27.211111,199.8,2015,12,1,4
-26.73806,27.59194,193.3,2015,12,1,4
-25.127778,27.628889,203.40001,2015,1,13,1
-25.20639,27.558,204.40001,2015,1,13,1
-24.69514,27.40906,210.1,2015,1,13,1
-28.141944,26.417778,220.40001,2015,1,13,1
-28.1175,26.719444,216.3,2015,1,13,1
-28.116667,26.725278,216.3,2015,1,13,1
-30.568333,29.422778,157.8,2015,1,13,1
-30.570833,29.150556,159.7,2015,1,13,1
-28.338333,31.373611,164.90001,2015,1,13,1
-28.068333,31.55,176.1,2015,1,13,1
-27.01011111,26.69808333,210.0,2015,1,14,1
-29.641944,30.6875,158.7,2015,1,14,1
-24.39619444,27.08983333,208.8,2015,1,14,1
-25.73411,27.21422,194.2,2015,1,14,1
-28.44555556,32.325,162.3,2015,9,4,3
-27.602222,29.942778,185.90001,2015,1,14,1
-28.75,30.442778,181.40001,2015,1,14,1
-29.161667,30.629722,155.0,2015,1,14,1
-26.648056,27.089444,197.3,2015,1,14,1
-26.45,28.085833,186.7,2015,1,14,1
-27.38972222,26.46388889,219.6,2015,1,14,1
-26.98472222,26.63227778,207.8,2015,1,14,1
-27.398611,26.614722,218.2,2015,1,14,1
-31.104278,29.399722,154.2,2015,1,14,1
-31.396,29.2651,155.7,2015,1,14,1
-31.554722,29.245556,145.2,2015,1,14,1
-27.169444,29.233889,177.0,2015,1,15,1
-27.02314,28.59389,185.5,2015,1,15,1
-27.398611,26.614722,218.2,2015,1,15,1
-27.573056,24.746389,235.0,2015,1,15,1
-28.376944,24.303056,230.7,2015,1,15,1
-31.031389,28.883333,161.1,2015,1,15,1
-30.86013889,29.07125,161.8,2015,1,15,1
-30.77586667,29.03221667,162.90001,2015,1,15,1
-26.619444,27.980833,190.0,2015,1,16,1
-27.671111,27.236944,209.5,2015,1,16,1
-27.902778,24.615556,230.90001,2015,1,16,1
-28.747778,31.745833,171.40001,2015,1,17,1
-25.99136,27.84208,187.6,2015,1,19,1
-26.970278,27.211111,199.8,2015,1,19,1
-29.028629,24.638389,235.6,2015,1,19,1
-29.033333,23.983333,230.7,2015,1,19,1
-33.818056,19.694722,202.7,2015,1,19,1
-27.01011111,26.69808333,210.0,2015,1,20,1
-22.225556,29.990556,192.8,2015,1,20,1
-26.98472222,26.63227778,207.8,2015,1,20,1
-27.935,26.126667,222.8,2015,1,20,1
-28.1175,26.719444,216.3,2015,1,20,1
-34.075556,20.145556,182.5,2015,1,20,1
-32.502778,19.535833,234.0,2015,1,20,1
-29.161667,23.696389,232.1,2015,1,21,1
-25.81048333,27.90955222,191.90001,2015,1,21,1
-29.641944,30.6875,158.7,2015,1,21,1
-25.73411,27.21422,194.2,2015,1,21,1
-26.648056,27.089444,197.3,2015,1,21,1
-29.160278,26.573333,220.1,2015,1,21,1
-29.033333,23.983333,230.7,2015,1,21,1
-26.03611,30.99778,173.3,2015,1,22,1
-27.363611,31.783333,170.5,2015,1,22,1
-26.905,32.324722,175.0,2015,1,22,1
-28.116667,26.725278,216.3,2015,1,22,1
-23.838611,31.640833,181.2,2015,1,23,1
-29.744167,29.905833,161.0,2015,1,23,1
-28.96362,19.15486,253.7,2015,1,24,1
-26.73806,27.59194,193.3,2015,1,26,1
-26.45,28.085833,186.7,2015,1,26,1
-34.065833,20.404167,177.6,2015,1,27,1
-25.127778,27.628889,203.40001,2015,1,27,1
-25.20639,27.558,204.40001,2015,1,27,1
-24.39619444,27.08983333,208.8,2015,1,27,1
-24.69514,27.40906,210.1,2015,1,27,1
-27.169444,29.233889,177.0,2015,1,27,1
-26.861111,28.884722,182.40001,2015,1,27,1
-26.970278,27.211111,199.8,2015,1,27,1
-26.880278,26.965,201.8,2015,1,27,1
-33.501667,21.624167,189.6,2015,1,27,1
-32.595833,19.009444,221.2,2015,1,27,1
-29.161667,23.696389,232.1,2015,1,28,1
-28.7115,24.07288889,231.5,2015,1,28,1
-27.01011111,26.69808333,210.0,2015,1,28,1
-24.282222,28.090278,187.3,2015,1,28,1
-23.763056,27.908611,190.7,2015,1,28,1
-23.658056,31.05,177.1,2015,1,28,1
-23.281,30.54305556,177.2,2015,1,28,1
-27.937778,31.209444,170.90001,2015,1,28,1
-28.404444,30.013056,181.5,2015,1,28,1
-26.648056,27.089444,197.3,2015,1,28,1
-27.273889,28.49,186.7,2015,1,28,1
-27.4275,28.525833,186.1,2015,1,28,1
-27.3,28.586944,185.6,2015,1,28,1
-26.98472222,26.63227778,207.8,2015,1,28,1
-34.405833,19.600556,163.0,2015,1,28,1
-28.068333,31.55,176.1,2015,1,28,1
-28.058889,30.373611,176.40001,2015,1,28,1
-22.935,28.004167,199.5,2015,1,29,1
-22.225556,29.990556,192.8,2015,1,29,1
-24.670833,28.560833,187.5,2015,1,29,1
-27.5275,30.858056,166.3,2015,1,29,1
-28.376944,24.303056,230.7,2015,1,29,1
-34.329722,18.990278,166.40001,2015,1,29,1
-33.38056,19.30167,196.40001,2015,1,29,1
-27.573056,24.746389,235.0,2015,1,30,1
-27.902778,24.615556,230.90001,2015,1,30,1
-25.99136,27.84208,187.6,2015,2,2,1
-29.7775,29.470833,157.8,2015,2,2,1
-29.744167,29.905833,161.0,2015,2,2,1
-26.970278,27.211111,199.8,2015,2,2,1
-28.116667,26.725278,216.3,2015,2,2,1
-27.671111,27.236944,209.5,2015,2,2,1
-33.818056,19.694722,202.7,2015,2,2,1
-29.140556,31.391944,161.8,2015,3,2,1
-25.73411,27.21422,194.2,2015,3,2,1
-28.801278,31.955389,169.6,2015,3,2,1
-29.987778,29.851667,155.3,2015,3,2,1
-26.98472222,26.63227778,207.8,2015,3,2,1
-27.398611,26.614722,218.2,2015,3,2,1
-33.31388889,19.07472222,207.5,2015,3,2,1
-25.45963889,28.26430556,192.90001,2015,3,2,1
-27.4,26.624722,218.2,2015,3,2,1
-27.01011111,26.69808333,210.0,2015,4,2,2
-25.81048333,27.90955222,191.90001,2015,4,2,2
-29.641944,30.6875,158.7,2015,4,2,2
-28.747778,31.745833,171.40001,2015,4,2,2
-26.648056,27.089444,197.3,2015,4,2,2
-27.671111,27.236944,209.5,2015,4,2,2
-28.768056,20.720556,253.7,2015,4,2,2
-32.94583,18.33667,198.90001,2015,4,2,2
-30.13573889,30.67422222,156.6,2015,5,2,2
-29.160278,26.573333,220.1,2015,5,2,2
-33.13083,18.86278,209.90001,2015,5,2,2
-29.744167,29.905833,161.0,2015,6,2,2
-29.380556,30.2775,152.7,2015,6,2,2
-29.803611,30.516111,152.7,2015,6,2,2
-23.838611,31.640833,181.2,2015,9,2,3
-25.49037,30.6986,165.0,2015,9,2,3
-25.513889,31.224444,166.3,2015,9,2,3
-28.735556,29.820556,180.3,2015,9,2,3
-26.970278,27.211111,199.8,2015,9,2,3
-26.45,28.085833,186.7,2015,9,2,3
-25.447222,30.711667,167.0,2015,9,2,3
-28.760833,17.730278,248.2,2015,10,2,4
-27.01011111,26.69808333,210.0,2015,10,2,4
-25.436111,31.982222,164.6,2015,10,2,4
-25.20639,27.558,204.40001,2015,10,2,4
-24.69514,27.40906,210.1,2015,10,2,4
-23.281,30.54305556,177.2,2015,10,2,4
-25.681111,31.783333,165.1,2015,10,2,4
-25.398889,31.610556,162.90001,2015,10,2,4
-24.99328,30.81444,149.90001,2015,10,2,4
-27.602222,29.942778,185.90001,2015,10,2,4
-26.861111,28.884722,182.40001,2015,10,2,4
-26.648056,27.089444,197.3,2015,10,2,4
-26.98472222,26.63227778,207.8,2015,10,2,4
-28.141944,26.417778,220.40001,2015,10,2,4
-28.1175,26.719444,216.3,2015,10,2,4
-28.116667,26.725278,216.3,2015,10,2,4
-29.1825,23.575556,236.40001,2015,10,2,4
-31.396,29.2651,155.7,2015,10,2,4
-31.554722,29.245556,145.2,2015,10,2,4
-34.039722,22.133333,161.8,2015,10,2,4
-29.161667,23.696389,232.1,2015,11,2,4
-24.670833,28.560833,187.5,2015,11,2,4
-24.39619444,27.08983333,208.8,2015,11,2,4
-24.058889,31.237222,174.1,2015,11,2,4
-25.362222,31.956667,162.1,2015,11,2,4
-25.14944444,31.94055556,162.40001,2015,11,2,4
-28.75,30.442778,181.40001,2015,11,2,4
-29.161667,30.629722,155.0,2015,11,2,4
-27.38972222,26.46388889,219.6,2015,11,2,4
-27.398611,26.614722,218.2,2015,11,2,4
-31.104278,29.399722,154.2,2015,11,2,4
-30.77586667,29.03221667,162.90001,2015,11,2,4
-34.005833,22.351111,156.5,2015,11,2,4
-23.658056,31.05,177.1,2015,12,2,4
-27.671111,27.236944,209.5,2015,12,2,4
-28.376944,24.303056,230.7,2015,12,2,4
-30.568333,29.422778,157.8,2015,12,2,4
-31.031389,28.883333,161.1,2015,12,2,4
-30.86013889,29.07125,161.8,2015,12,2,4
-30.570833,29.150556,159.7,2015,12,2,4
-28.338333,31.373611,164.90001,2015,12,2,4
-24.679167,30.8025,162.7,2015,2,13,1
-22.769722,30.886944,183.1,2015,2,13,1
-24.768889,31.39,166.0,2015,2,13,1
-24.9675,31.516667,167.90001,2015,2,13,1
-27.573056,24.746389,235.0,2015,2,13,1
-27.902778,24.615556,230.90001,2015,2,13,1
-28.96362,19.15486,253.7,2015,2,14,1
-25.99136,27.84208,187.6,2015,2,16,1
-26.970278,27.211111,199.8,2015,2,16,1
-26.73806,27.59194,193.3,2015,2,16,1
-26.45,28.085833,186.7,2015,2,16,1
-27.671111,27.236944,209.5,2015,2,16,1
-32.502778,19.535833,234.0,2015,2,16,1
-27.01011111,26.69808333,210.0,2015,2,17,1
-27.169444,29.233889,177.0,2015,2,17,1
-26.861111,28.884722,182.40001,2015,2,17,1
-27.02314,28.59389,185.5,2015,2,17,1
-26.98472222,26.63227778,207.8,2015,2,17,1
-29.160278,26.573333,220.1,2015,2,17,1
-28.69485,28.23487,186.40001,2015,2,17,1
-28.883333,27.89,190.6,2015,2,17,1
-31.436944,20.474722,235.8,2015,2,17,1
-34.075556,20.145556,182.5,2015,2,17,1
-32.595833,19.009444,221.2,2015,2,17,1
-25.45963889,28.26430556,192.90001,2015,2,17,1
-28.068333,31.55,176.1,2015,2,17,1
-29.161667,23.696389,232.1,2015,2,18,1
-25.81048333,27.90955222,191.90001,2015,2,18,1
-22.225556,29.990556,192.8,2015,2,18,1
-29.641944,30.6875,158.7,2015,2,18,1
-25.73411,27.21422,194.2,2015,2,18,1
-28.44555556,32.325,162.3,2015,7,5,3
-26.648056,27.089444,197.3,2015,2,18,1
-26.880278,26.965,201.8,2015,2,18,1
-28.116667,26.725278,216.3,2015,2,18,1
-29.033333,23.983333,230.7,2015,2,18,1
-30.160091,27.40124,201.2,2015,2,18,1
-30.336111,27.359444,201.5,2015,2,18,1
-29.615556,27.065278,208.7,2015,2,18,1
-25.57877778,29.12747222,186.90001,2015,2,18,1
-30.830556,26.921389,205.40001,2015,2,19,1
-28.141944,26.417778,220.40001,2015,2,19,1
-31.000833,26.353056,208.7,2015,2,19,1
-30.679722,26.7125,211.40001,2015,2,19,1
-34.250556,20.9925,180.8,2015,2,19,1
-33.31388889,19.07472222,207.5,2015,2,19,1
-28.308889,31.9025,171.8,2015,2,19,1
-22.43772222,31.07805556,196.40001,2015,2,20,1
-29.744167,29.905833,161.0,2015,2,20,1
-29.658056,25.973333,217.1,2015,2,20,1
-29.7775,29.470833,157.8,2015,2,23,1
-29.987778,29.851667,155.3,2015,2,23,1
-29.744167,29.905833,161.0,2015,2,23,1
-26.45,28.085833,186.7,2015,2,23,1
-29.042222,24.6,236.1,2015,2,23,1
-29.033333,23.983333,230.7,2015,2,23,1
-34.031944,22.053333,162.7,2015,2,23,1
-33.38056,19.30167,196.40001,2015,2,23,1
-30.733889,29.828333,151.7,2015,2,24,1
-26.861111,28.884722,182.40001,2015,2,24,1
-27.00222,28.76528,183.40001,2015,2,24,1
-26.970278,27.211111,199.8,2015,2,24,1
-26.619444,27.980833,190.0,2015,2,24,1
-29.028629,24.638389,235.6,2015,2,24,1
-33.13083,18.86278,209.90001,2015,2,24,1
-29.161667,23.696389,232.1,2015,2,25,1
-27.01011111,26.69808333,210.0,2015,2,25,1
-23.23572222,27.717,201.2,2015,2,25,1
-22.548889,28.898056,195.0,2015,2,25,1
-22.91028,29.61111,179.1,2015,2,25,1
-27.937778,31.209444,170.90001,2015,2,25,1
-26.905,32.324722,175.0,2015,2,25,1
-28.404444,30.013056,181.5,2015,2,25,1
-30.398056,30.601944,155.2,2015,2,25,1
-26.648056,27.089444,197.3,2015,2,25,1
-26.98472222,26.63227778,207.8,2015,2,25,1
-34.405833,19.600556,163.0,2015,2,25,1
-32.94583,18.33667,198.90001,2015,2,25,1
-24.282222,28.090278,187.3,2015,2,26,1
-23.763056,27.908611,190.7,2015,2,26,1
-25.127778,27.628889,203.40001,2015,2,26,1
-25.20639,27.558,204.40001,2015,2,26,1
-25.73411,27.21422,194.2,2015,2,26,1
-27.5275,30.858056,166.3,2015,2,26,1
-27.363611,31.783333,170.5,2015,2,26,1
-30.13573889,30.67422222,156.6,2015,2,26,1
-28.376944,24.303056,230.7,2015,2,26,1
-34.329722,18.990278,166.40001,2015,2,26,1
-24.69514,27.40906,210.1,2015,2,27,1
-27.573056,24.746389,235.0,2015,2,27,1
-27.902778,24.615556,230.90001,2015,2,27,1
-28.058889,30.373611,176.40001,2015,2,27,1
-29.803611,30.516111,152.7,2015,2,27,1
-29.140556,31.391944,161.8,2015,3,3,1
-26.03611,30.99778,173.3,2015,3,3,1
-28.801278,31.955389,169.6,2015,3,3,1
-26.970278,27.211111,199.8,2015,3,3,1
-27.671111,27.236944,209.5,2015,3,3,1
-34.031944,22.053333,162.7,2015,3,3,1
-34.039722,22.133333,161.8,2015,3,3,1
-25.45963889,28.26430556,192.90001,2015,3,3,1
-27.01011111,26.69808333,210.0,2015,4,3,2
-25.81048333,27.90955222,191.90001,2015,4,3,2
-29.641944,30.6875,158.7,2015,4,3,2
-28.747778,31.745833,171.40001,2015,4,3,2
-26.648056,27.089444,197.3,2015,4,3,2
-26.880278,26.965,201.8,2015,4,3,2
-26.98472222,26.63227778,207.8,2015,4,3,2
-27.398611,26.614722,218.2,2015,4,3,2
-27.671111,27.236944,209.5,2015,4,3,2
-34.02861,22.22222,159.2,2015,4,3,2
-27.4,26.624722,218.2,2015,4,3,2
-29.380556,30.2775,152.7,2015,5,3,2
-26.73806,27.59194,193.3,2015,5,3,2
-26.45,28.085833,186.7,2015,5,3,2
-34.005833,22.351111,156.5,2015,5,3,2
-29.744167,29.905833,161.0,2015,6,3,2
-27.00222,28.76528,183.40001,2015,6,3,2
-27.02314,28.59389,185.5,2015,6,3,2
-34.250556,20.9925,179.40001,2011,2,17,1
-22.43772222,31.07805556,196.40001,2015,9,3,3
-24.99328,30.81444,149.90001,2015,9,3,3
-28.735556,29.820556,180.3,2015,9,3,3
-26.970278,27.211111,199.8,2015,9,3,3
-26.880278,26.965,201.8,2015,9,3,3
-26.510278,28.351389,183.8,2015,9,3,3
-26.73806,27.59194,193.3,2015,9,3,3
-26.45,28.085833,186.7,2015,9,3,3
-26.98472222,26.63227778,207.8,2015,9,3,3
-29.160278,26.573333,220.1,2015,9,3,3
-27.01011111,26.69808333,210.0,2015,10,3,4
-25.20639,27.558,204.40001,2015,10,3,4
-26.861111,28.884722,182.40001,2015,10,3,4
-26.648056,27.089444,197.3,2015,10,3,4
-27.802778,28.768333,181.8,2015,10,3,4
-26.98472222,26.63227778,207.8,2015,10,3,4
-28.141944,26.417778,220.40001,2015,10,3,4
-34.250556,20.9925,168.1,2013,8,21,3
-28.1175,26.719444,216.3,2015,10,3,4
-28.69485,28.23487,186.40001,2015,10,3,4
-29.615556,27.065278,208.7,2015,10,3,4
-28.883333,27.89,190.6,2015,10,3,4
-34.250556,20.9925,174.6,2014,4,15,2
-34.250556,20.9925,174.6,2014,5,20,2
-34.250556,20.9925,174.6,2014,6,19,2
-34.250556,20.9925,188.3,2014,7,15,3
-34.250556,20.9925,188.3,2014,9,25,3
-31.396,29.2651,155.7,2015,10,3,4
-31.554722,29.245556,145.2,2015,10,3,4
-28.338333,31.373611,164.90001,2015,10,3,4
-28.068333,31.55,176.1,2015,10,3,4
-29.161667,23.696389,232.1,2015,11,3,4
-24.282222,28.090278,187.3,2015,11,3,4
-22.769722,30.886944,183.1,2015,11,3,4
-28.44555556,32.325,162.3,2015,11,3,4
-27.00222,28.76528,183.40001,2015,11,3,4
-27.02314,28.59389,185.5,2015,11,3,4
-27.273889,28.49,186.7,2015,11,3,4
-27.4275,28.525833,186.1,2015,11,3,4
-27.3,28.586944,185.6,2015,11,3,4
-28.141944,26.417778,220.40001,2015,11,3,4
-28.1175,26.719444,216.3,2015,11,3,4
-28.116667,26.725278,216.3,2015,11,3,4
-27.671111,27.236944,209.5,2015,11,3,4
-34.092222,21.295278,181.40001,2011,11,29,4
-34.092222,21.295278,167.0,2012,4,18,2
-30.160091,27.40124,201.2,2015,11,3,4
-34.092222,21.295278,167.0,2012,12,6,4
-30.336111,27.359444,201.5,2015,11,3,4
-30.568333,29.422778,157.8,2015,11,3,4
-30.570833,29.150556,159.7,2015,11,3,4
-31.104278,29.399722,154.2,2015,11,3,4
-30.830556,26.921389,205.40001,2015,12,3,4
-24.670833,28.560833,187.5,2015,12,3,4
-28.75,30.442778,181.40001,2015,12,3,4
-29.161667,30.629722,155.0,2015,12,3,4
-26.619444,27.980833,190.0,2015,12,3,4
-34.092222,21.295278,163.8,2013,5,11,2
-27.38972222,26.46388889,219.6,2015,12,3,4
-34.092222,21.295278,55.600002,2014,7,1,3
-28.1175,26.719444,216.3,2015,12,3,4
-27.398611,26.614722,218.2,2015,12,3,4
-29.160278,26.573333,220.1,2015,12,3,4
-31.000833,26.353056,208.7,2015,12,3,4
-30.679722,26.7125,211.40001,2015,12,3,4
-31.031389,28.883333,161.1,2015,12,3,4
-30.86013889,29.07125,161.8,2015,12,3,4
-30.77586667,29.03221667,162.90001,2015,12,3,4
-34.250556,20.9925,180.8,2015,12,3,4
-28.308889,31.9025,171.8,2015,12,3,4
-27.4,26.624722,218.2,2015,12,3,4
-28.116667,26.725278,216.3,2015,3,13,1
-27.573056,24.746389,235.0,2015,3,13,1
-27.902778,24.615556,230.90001,2015,3,13,1
-29.987778,29.851667,155.3,2015,3,14,1
-25.99136,27.84208,187.6,2015,3,16,1
-26.45,28.085833,186.7,2015,3,16,1
-32.502778,19.535833,234.0,2015,3,16,1
-22.225556,29.990556,192.8,2015,3,17,1
-24.183889,30.823889,173.7,2015,3,17,1
-26.861111,28.884722,182.40001,2015,3,17,1
-27.802778,28.768333,181.8,2015,3,17,1
-34.075556,20.145556,182.5,2015,3,17,1
-32.595833,19.009444,221.2,2015,3,17,1
-25.45963889,28.26430556,192.90001,2015,3,17,1
-25.81048333,27.90955222,191.90001,2015,3,18,1
-29.641944,30.6875,158.7,2015,3,18,1
-26.905,32.324722,175.0,2015,3,18,1
-29.758889,30.935278,153.6,2015,3,18,1
-27.00222,28.76528,183.40001,2015,3,18,1
-26.619444,27.980833,190.0,2015,3,18,1
-33.13083,18.86278,209.90001,2015,3,18,1
-27.01011111,26.69808333,210.0,2015,3,19,1
-23.658056,31.05,177.1,2015,3,19,1
-24.058889,31.237222,174.1,2015,3,19,1
-27.363611,31.783333,170.5,2015,3,19,1
-26.648056,27.089444,197.3,2015,3,19,1
-26.970278,27.211111,199.8,2015,3,19,1
-26.880278,26.965,201.8,2015,3,19,1
-27.4275,28.525833,186.1,2015,3,19,1
-26.98472222,26.63227778,207.8,2015,3,19,1
-24.679167,30.8025,162.7,2015,3,20,1
-29.744167,29.905833,161.0,2015,3,20,1
-28.96362,19.15486,253.7,2015,3,21,1
-25.49037,30.6986,165.0,2015,3,23,1
-29.744167,29.905833,161.0,2015,3,23,1
-26.970278,27.211111,199.8,2015,3,23,1
-29.042222,24.6,236.1,2015,3,23,1
-29.033333,23.983333,230.7,2015,3,23,1
-33.501667,21.624167,189.6,2015,3,23,1
-33.38056,19.30167,196.40001,2015,3,23,1
-27.01011111,26.69808333,210.0,2015,3,24,1
-22.935,28.004167,199.5,2015,3,24,1
-34.065833,20.404167,177.6,2015,3,24,1
-23.763056,27.908611,190.7,2015,3,24,1
-23.23572222,27.717,201.2,2015,3,24,1
-25.127778,27.628889,203.40001,2015,3,24,1
-25.20639,27.558,204.40001,2015,3,24,1
-24.69514,27.40906,210.1,2015,3,24,1
-25.681111,31.783333,165.1,2015,3,24,1
-25.67386,31.57527,171.40001,2015,3,24,1
-30.733889,29.828333,151.7,2015,3,24,1
-29.987778,29.851667,155.3,2015,3,24,1
-26.648056,27.089444,197.3,2015,3,24,1
-26.880278,26.965,201.8,2015,3,24,1
-26.73806,27.59194,193.3,2015,3,24,1
-26.45,28.085833,186.7,2015,3,24,1
-27.273889,28.49,186.7,2015,3,24,1
-27.3,28.586944,185.6,2015,3,24,1
-26.98472222,26.63227778,207.8,2015,3,24,1
-29.028629,24.638389,235.6,2015,3,24,1
-33.31388889,19.07472222,207.5,2015,3,24,1
-22.225556,29.990556,192.8,2015,3,25,1
-25.436111,31.982222,164.6,2015,3,25,1
-22.548889,28.898056,195.0,2015,3,25,1
-22.91028,29.61111,179.1,2015,3,25,1
-25.362222,31.956667,162.1,2015,3,25,1
-25.14944444,31.94055556,162.40001,2015,3,25,1
-28.404444,30.013056,181.5,2015,3,25,1
-30.398056,30.601944,155.2,2015,3,25,1
-27.169444,29.233889,177.0,2015,3,25,1
-26.861111,28.884722,182.40001,2015,3,25,1
-27.00222,28.76528,183.40001,2015,3,25,1
-27.4275,28.525833,186.1,2015,3,25,1
-34.405833,19.600556,163.0,2015,3,25,1
-32.94583,18.33667,198.90001,2015,3,25,1
-25.57877778,29.12747222,186.90001,2015,3,25,1
-26.03611,30.99778,173.3,2015,3,26,1
-27.937778,31.209444,170.90001,2015,3,26,1
-30.13573889,30.67422222,156.6,2015,3,26,1
-26.619444,27.980833,190.0,2015,3,26,1
-28.376944,24.303056,230.7,2015,3,26,1
-34.329722,18.990278,166.40001,2015,3,26,1
-33.897778,20.012778,195.6,2015,3,26,1
-27.573056,24.746389,235.0,2015,3,27,1
-27.902778,24.615556,230.90001,2015,3,27,1
-29.803611,30.516111,152.7,2015,3,27,1
-25.99136,27.84208,187.6,2015,3,30,1
-29.380556,30.2775,152.7,2015,3,30,1
-29.140556,31.391944,161.8,2015,3,31,1
-28.801278,31.955389,169.6,2015,3,31,1
-26.45,28.085833,186.7,2015,3,31,1
-25.45963889,28.26430556,192.90001,2015,3,31,1
-34.031944,22.053333,168.5,2014,4,12,2
-29.161667,23.696389,232.1,2015,1,4,1
-25.81048333,27.90955222,191.90001,2015,1,4,1
-28.747778,31.745833,171.40001,2015,1,4,1
-26.861111,28.884722,182.40001,2015,1,4,1
-27.00222,28.76528,183.40001,2015,1,4,1
-29.033333,23.983333,230.7,2015,1,4,1
-29.744167,29.905833,161.0,2015,2,4,1
-28.96362,19.15486,253.7,2015,4,4,2
-34.039722,22.133333,156.0,2011,1,19,1
-25.127778,27.628889,203.40001,2015,7,4,3
-25.20639,27.558,204.40001,2015,7,4,3
-24.69514,27.40906,210.1,2015,7,4,3
-24.99328,30.81444,149.90001,2015,7,4,3
-28.735556,29.820556,180.3,2015,7,4,3
-26.73806,27.59194,193.3,2015,7,4,3
-27.398611,26.614722,218.2,2015,7,4,3
-27.671111,27.236944,209.5,2015,7,4,3
-31.396,29.2651,155.7,2015,7,4,3
-31.554722,29.245556,145.2,2015,7,4,3
-28.338333,31.373611,164.90001,2015,7,4,3
-28.068333,31.55,176.1,2015,7,4,3
-25.73411,27.21422,194.2,2015,8,4,3
-27.169444,29.233889,177.0,2015,8,4,3
-26.861111,28.884722,182.40001,2015,8,4,3
-26.98472222,26.63227778,207.8,2015,8,4,3
-27.398611,26.614722,218.2,2015,8,4,3
-30.568333,29.422778,157.8,2015,8,4,3
-30.570833,29.150556,159.7,2015,8,4,3
-31.104278,29.399722,154.2,2015,8,4,3
-34.031944,22.053333,162.7,2015,8,4,3
-27.4,26.624722,218.2,2015,8,4,3
-27.01011111,26.69808333,210.0,2015,9,4,3
-24.768889,31.39,166.0,2015,9,4,3
-28.44555556,32.325,162.3,2015,4,6,2
-27.602222,29.942778,185.90001,2015,9,4,3
-28.75,30.442778,181.40001,2015,9,4,3
-29.161667,30.629722,155.0,2015,9,4,3
-26.648056,27.089444,197.3,2015,9,4,3
-26.970278,27.211111,199.8,2015,9,4,3
-26.880278,26.965,201.8,2015,9,4,3
-28.376944,24.303056,230.7,2015,9,4,3
-29.1825,23.575556,236.40001,2015,9,4,3
-31.031389,28.883333,161.1,2015,9,4,3
-30.86013889,29.07125,161.8,2015,9,4,3
-30.77586667,29.03221667,162.90001,2015,9,4,3
-28.308889,31.9025,171.8,2015,9,4,3
-27.671111,27.236944,209.5,2015,10,4,4
-27.573056,24.746389,235.0,2015,10,4,4
-34.039722,22.133333,161.8,2015,8,4,3
-27.902778,24.615556,230.90001,2015,10,4,4
-34.02861,22.22222,159.2,2015,10,4,4
-24.679167,30.8025,162.7,2015,4,13,2
-25.99136,27.84208,187.6,2015,4,13,2
-34.02861,22.22222,152.8,2011,1,20,1
-34.02861,22.22222,152.8,2011,3,17,1
-34.02861,22.22222,152.8,2011,4,19,2
-34.02861,22.22222,152.8,2011,5,19,2
-34.02861,22.22222,152.8,2011,6,14,2
-26.970278,27.211111,199.8,2015,4,13,2
-26.45,28.085833,186.7,2015,4,13,2
-34.02861,22.22222,162.2,2011,12,10,4
-28.1175,26.719444,216.3,2015,4,13,2
-28.116667,26.725278,216.3,2015,4,13,2
-33.818056,19.694722,202.7,2015,4,13,2
-27.01011111,26.69808333,210.0,2015,4,14,2
-34.02861,22.22222,143.1,2012,4,24,2
-34.02861,22.22222,143.1,2012,6,26,2
-24.058889,31.237222,174.1,2015,4,14,2
-25.681111,31.783333,165.1,2015,4,14,2
-34.02861,22.22222,156.6,2012,11,10,4
-25.362222,31.956667,162.1,2015,4,14,2
-34.02861,22.22222,156.6,2012,6,12,2
-34.02861,22.22222,70.5,2013,7,1,3
-25.398889,31.610556,162.90001,2015,4,14,2
-34.02861,22.22222,150.40001,2013,6,2,2
-34.02861,22.22222,150.40001,2013,7,3,3
-26.861111,28.884722,182.40001,2015,4,14,2
-26.648056,27.089444,197.3,2015,4,14,2
-34.02861,22.22222,150.40001,2013,5,6,2
-34.02861,22.22222,150.40001,2013,3,7,1
-26.98472222,26.63227778,207.8,2015,4,14,2
-27.935,26.126667,222.8,2015,4,14,2
-28.141944,26.417778,220.40001,2015,4,14,2
-28.1175,26.719444,216.3,2015,4,14,2
-34.02861,22.22222,147.90001,2013,12,13,4
-29.160278,26.573333,220.1,2015,4,14,2
-28.69485,28.23487,186.40001,2015,4,14,2
-28.883333,27.89,190.6,2015,4,14,2
-34.02861,22.22222,149.2,2014,3,4,1
-34.02861,22.22222,149.2,2014,8,5,3
-34.02861,22.22222,149.2,2014,4,6,2
-34.075556,20.145556,182.5,2015,4,14,2
-32.595833,19.009444,221.2,2015,4,14,2
-25.45963889,28.26430556,192.90001,2015,4,14,2
-34.02861,22.22222,159.2,2015,12,1,4
-34.02861,22.22222,159.2,2015,1,29,1
-25.81048333,27.90955222,191.90001,2015,4,15,2
-22.935,28.004167,199.5,2015,4,15,2
-29.641944,30.6875,158.7,2015,4,15,2
-23.23572222,27.717,201.2,2015,4,15,2
-22.548889,28.898056,195.0,2015,4,15,2
-22.91028,29.61111,179.1,2015,4,15,2
-22.769722,30.886944,183.1,2015,4,15,2
-34.02861,22.22222,159.2,2015,4,11,2
-25.49037,30.6986,165.0,2015,4,15,2
-25.513889,31.224444,166.3,2015,4,15,2
-27.00222,28.76528,183.40001,2015,4,15,2
-27.38972222,26.46388889,219.6,2015,4,15,2
-27.398611,26.614722,218.2,2015,4,15,2
-30.160091,27.40124,201.2,2015,4,15,2
-30.336111,27.359444,201.5,2015,4,15,2
-29.615556,27.065278,208.7,2015,4,15,2
-34.092222,21.295278,173.5,2015,4,15,2
-25.447222,30.711667,167.0,2015,4,15,2
-29.641944,30.6875,158.7,2015,4,16,2
-30.830556,26.921389,205.40001,2015,4,16,2
-24.282222,28.090278,187.3,2015,4,16,2
-23.763056,27.908611,190.7,2015,4,16,2
-27.671111,27.236944,209.5,2015,4,16,2
-31.000833,26.353056,208.7,2015,4,16,2
-30.679722,26.7125,211.40001,2015,4,16,2
-34.405833,19.600556,162.8,2013,2,13,1
-34.405833,19.600556,162.8,2013,3,13,1
-34.405833,19.600556,162.8,2013,10,4,4
-34.405833,19.600556,162.8,2013,8,5,3
-34.250556,20.9925,180.8,2015,4,16,2
-33.13083,18.86278,209.90001,2015,4,16,2
-29.744167,29.905833,161.0,2015,4,17,2
-29.658056,25.973333,217.1,2015,4,17,2
-34.405833,19.600556,156.6,2013,9,25,3
-29.7775,29.470833,157.8,2015,4,20,2
-29.987778,29.851667,155.3,2015,4,20,2
-29.744167,29.905833,161.0,2015,4,20,2
-34.405833,19.600556,158.3,2014,12,2,4
-34.405833,19.600556,158.3,2014,12,3,4
-33.38056,19.30167,196.40001,2015,4,20,2
-28.760833,17.730278,248.2,2015,4,21,2
-34.065833,20.404167,177.6,2015,4,21,2
-25.127778,27.628889,203.40001,2015,4,21,2
-25.20639,27.558,204.40001,2015,4,21,2
-24.39619444,27.08983333,208.8,2015,4,21,2
-24.69514,27.40906,210.1,2015,4,21,2
-26.03611,30.99778,173.3,2015,4,21,2
-27.937778,31.209444,170.90001,2015,4,21,2
-30.733889,29.828333,151.7,2015,4,21,2
-26.98472222,26.63227778,207.8,2015,4,21,2
-33.31388889,19.07472222,207.5,2015,4,21,2
-27.01011111,26.69808333,210.0,2015,4,22,2
-28.404444,30.013056,181.5,2015,4,22,2
-30.398056,30.601944,155.2,2015,4,22,2
-34.329722,18.990278,158.2,2011,6,7,2
-26.648056,27.089444,197.3,2015,4,22,2
-34.329722,18.990278,170.40001,2011,9,28,3
-34.329722,18.990278,170.40001,2011,10,25,4
-34.329722,18.990278,170.40001,2011,11,24,4
-34.329722,18.990278,170.40001,2011,12,22,4
-26.970278,27.211111,199.8,2015,4,22,2
-26.880278,26.965,201.8,2015,4,22,2
-34.329722,18.990278,163.0,2012,4,4,2
-34.329722,18.990278,163.0,2012,3,5,1
-34.329722,18.990278,163.0,2012,5,24,2
-34.329722,18.990278,164.0,2012,7,19,3
-34.329722,18.990278,164.0,2012,8,16,3
-34.405833,19.600556,163.0,2015,4,22,2
-34.329722,18.990278,164.0,2012,11,10,4
-33.7075,18.97444444,203.1,2015,4,22,2
-28.058889,30.373611,176.40001,2015,4,22,2
-25.57877778,29.12747222,186.90001,2015,4,22,2
-27.5275,30.858056,166.3,2015,4,23,2
-30.13573889,30.67422222,156.6,2015,4,23,2
-34.329722,18.990278,164.2,2013,11,4,4
-34.329722,18.990278,164.2,2013,9,5,3
-34.329722,18.990278,164.2,2013,6,6,2
-28.376944,24.303056,230.7,2015,4,23,2
-34.329722,18.990278,154.90001,2013,1,8,1
-34.329722,18.990278,154.90001,2013,8,29,3
-34.329722,18.990278,154.90001,2013,9,26,3
-34.329722,18.990278,166.40001,2015,4,23,2
-34.329722,18.990278,157.6,2014,1,23,1
-32.94583,18.33667,198.90001,2015,4,23,2
-33.897778,20.012778,195.6,2015,4,23,2
-27.573056,24.746389,235.0,2015,4,24,2
-27.902778,24.615556,230.90001,2015,4,24,2
-33.870833,20.003333,192.6,2015,4,27,2
-29.140556,31.391944,161.8,2015,4,28,2
-25.99136,27.84208,187.6,2015,4,28,2
-28.801278,31.955389,169.6,2015,4,28,2
-26.970278,27.211111,199.8,2015,4,28,2
-26.73806,27.59194,193.3,2015,4,28,2
-26.45,28.085833,186.7,2015,4,28,2
-33.501667,21.624167,189.6,2015,4,28,2
-28.760833,17.730278,248.2,2015,4,29,2
-34.329722,18.990278,166.40001,2015,6,25,2
-34.329722,18.990278,166.40001,2015,7,23,3
-34.329722,18.990278,166.40001,2015,8,27,3
-34.329722,18.990278,166.40001,2015,1,10,1
-28.7115,24.07288889,231.5,2015,4,29,2
-27.01011111,26.69808333,210.0,2015,4,29,2
-25.73411,27.21422,194.2,2015,4,29,2
-28.747778,31.745833,171.40001,2015,4,29,2
-26.861111,28.884722,182.40001,2015,4,29,2
-27.00222,28.76528,183.40001,2015,4,29,2
-26.648056,27.089444,197.3,2015,4,29,2
-26.880278,26.965,201.8,2015,4,29,2
-26.98472222,26.63227778,207.8,2015,4,29,2
-27.935,26.126667,222.8,2015,4,29,2
-28.141944,26.417778,220.40001,2015,4,29,2
-28.1175,26.719444,216.3,2015,4,29,2
-29.1825,23.575556,236.40001,2015,4,29,2
-25.45963889,28.26430556,192.90001,2015,4,29,2
-25.81048333,27.90955222,191.90001,2015,4,30,2
-29.744167,29.905833,161.0,2015,4,30,2
-29.380556,30.2775,152.7,2015,4,30,2
-27.602222,29.942778,185.90001,2015,1,5,1
-28.735556,29.820556,180.3,2015,4,5,2
-26.510278,28.351389,183.8,2015,4,5,2
-26.73806,27.59194,193.3,2015,4,5,2
-27.671111,27.236944,209.5,2015,4,5,2
-25.127778,27.628889,203.40001,2015,5,5,2
-25.20639,27.558,204.40001,2015,5,5,2
-24.69514,27.40906,210.1,2015,5,5,2
-27.169444,29.233889,177.0,2015,5,5,2
-27.802778,28.768333,181.8,2015,5,5,2
-27.398611,26.614722,218.2,2015,5,5,2
-34.031944,22.053333,162.7,2015,5,5,2
-34.039722,22.133333,161.8,2015,5,5,2
-28.338333,31.373611,164.90001,2015,5,5,2
-28.068333,31.55,176.1,2015,5,5,2
-27.4,26.624722,218.2,2015,5,5,2
-27.01011111,26.69808333,210.0,2015,6,5,2
-29.641944,30.6875,158.7,2015,6,5,2
-24.39619444,27.08983333,208.8,2015,6,5,2
-28.75,30.442778,181.40001,2015,6,5,2
-27.02314,28.59389,185.5,2015,6,5,2
-26.648056,27.089444,197.3,2015,6,5,2
-26.970278,27.211111,199.8,2015,6,5,2
-26.880278,26.965,201.8,2015,6,5,2
-27.4275,28.525833,186.1,2015,6,5,2
-27.3,28.586944,185.6,2015,6,5,2
-26.98472222,26.63227778,207.8,2015,6,5,2
-33.870833,20.003333,193.5,2011,3,31,1
-33.870833,20.003333,199.5,2011,8,23,3
-33.870833,20.003333,199.5,2011,9,20,3
-33.870833,20.003333,199.5,2011,10,26,4
-33.870833,20.003333,199.5,2011,11,16,4
-33.870833,20.003333,190.90001,2012,2,4,1
-33.870833,20.003333,190.90001,2012,1,5,1
-33.870833,20.003333,190.90001,2012,5,22,2
-33.870833,20.003333,190.90001,2012,6,19,2
-34.005833,22.351111,156.5,2015,6,5,2
-33.870833,20.003333,198.6,2012,10,9,4
-33.870833,20.003333,198.6,2012,8,10,3
-33.870833,20.003333,198.6,2012,5,11,2
-33.870833,20.003333,195.0,2013,6,2,2
-33.870833,20.003333,195.0,2013,12,2,4
-33.870833,20.003333,195.0,2013,11,3,4
-33.870833,20.003333,195.0,2013,8,4,3
-33.870833,20.003333,195.0,2013,3,6,1
-33.870833,20.003333,180.40001,2013,7,29,3
-33.870833,20.003333,180.40001,2013,8,29,3
-33.870833,20.003333,180.40001,2013,9,23,3
-33.870833,20.003333,180.40001,2013,10,21,4
-28.44555556,32.325,162.3,2015,6,30,2
-33.870833,20.003333,191.2,2014,1,20,1
-33.870833,20.003333,191.2,2014,10,2,4
-33.870833,20.003333,191.2,2014,10,3,4
-33.870833,20.003333,191.2,2014,7,4,3
-33.870833,20.003333,191.2,2014,5,19,2
-33.870833,20.003333,191.2,2014,6,26,2
-33.870833,20.003333,201.1,2014,7,31,3
-33.870833,20.003333,201.1,2014,4,9,2
-33.870833,20.003333,201.1,2014,2,10,1
-33.870833,20.003333,192.6,2015,2,26,1
-29.161667,30.629722,155.0,2015,7,5,3
-33.870833,20.003333,192.6,2015,6,25,2
-33.870833,20.003333,192.6,2015,7,23,3
-33.870833,20.003333,192.6,2015,8,27,3
-33.870833,20.003333,192.6,2015,10,29,4
-33.870833,20.003333,192.6,2015,3,12,1
-26.619444,27.980833,190.0,2015,7,5,3
-27.573056,24.746389,235.0,2015,7,5,3
-28.376944,24.303056,230.7,2015,7,5,3
-34.02861,22.22222,159.2,2015,7,5,3
-28.308889,31.9025,171.8,2015,7,5,3
-27.902778,24.615556,230.90001,2015,8,5,3
-28.058889,30.373611,176.40001,2015,10,5,4
-29.161667,23.696389,232.1,2015,11,5,4
-24.058889,31.237222,174.1,2015,11,5,4
-25.49037,30.6986,165.0,2015,11,5,4
-24.99328,30.81444,149.90001,2015,11,5,4
-26.648056,27.089444,197.3,2015,11,5,4
-26.970278,27.211111,199.8,2015,11,5,4
-26.880278,26.965,201.8,2015,11,5,4
-29.160278,26.573333,220.1,2015,11,5,4
-31.396,29.2651,155.7,2015,11,5,4
-31.554722,29.245556,145.2,2015,11,5,4
-33.818056,19.694722,202.7,2015,11,5,4
-32.502778,19.535833,234.0,2015,11,5,4
-25.447222,30.711667,167.0,2015,11,5,4
-33.818056,19.694722,203.90001,2013,3,6,1
-33.818056,19.694722,193.40001,2013,7,29,3
-28.7115,24.07288889,231.5,2015,12,5,4
-27.01011111,26.69808333,210.0,2015,12,5,4
-25.81048333,27.90955222,191.90001,2015,12,5,4
-25.99136,27.84208,187.6,2015,12,5,4
-25.681111,31.783333,165.1,2015,12,5,4
-25.67386,31.57527,171.40001,2015,12,5,4
-25.513889,31.224444,166.3,2015,12,5,4
-24.768889,31.39,166.0,2015,12,5,4
-24.9675,31.516667,167.90001,2015,12,5,4
-27.363611,31.783333,170.5,2015,12,5,4
-26.73806,27.59194,193.3,2015,12,5,4
-26.45,28.085833,186.7,2015,12,5,4
-26.98472222,26.63227778,207.8,2015,12,5,4
-28.69485,28.23487,186.40001,2015,12,5,4
-29.615556,27.065278,208.7,2015,12,5,4
-28.883333,27.89,190.6,2015,12,5,4
-29.1825,23.575556,236.40001,2015,12,5,4
-30.570833,29.150556,159.7,2015,12,5,4
-31.104278,29.399722,154.2,2015,12,5,4
-34.075556,20.145556,182.5,2015,12,5,4
-32.595833,19.009444,221.2,2015,12,5,4
-34.075556,20.145556,183.2,2011,1,26,1
-34.075556,20.145556,183.2,2011,2,23,1
-25.436111,31.982222,164.6,2015,5,13,2
-25.362222,31.956667,162.1,2015,5,13,2
-34.075556,20.145556,183.2,2011,6,28,2
-25.398889,31.610556,162.90001,2015,5,13,2
-25.14944444,31.94055556,162.40001,2015,5,13,2
-26.861111,28.884722,182.40001,2015,5,13,2
-27.273889,28.49,186.7,2015,5,13,2
-27.802778,28.768333,181.8,2015,5,13,2
-27.935,26.126667,222.8,2015,5,13,2
-30.160091,27.40124,201.2,2015,5,13,2
-30.336111,27.359444,201.5,2015,5,13,2
-30.568333,29.422778,157.8,2015,5,13,2
-31.031389,28.883333,161.1,2015,5,13,2
-30.86013889,29.07125,161.8,2015,5,13,2
-30.77586667,29.03221667,162.90001,2015,5,13,2
-33.38056,19.30167,196.40001,2015,5,13,2
-33.08883333,19.21878333,200.1,2015,5,13,2
-25.45963889,28.26430556,192.90001,2015,5,13,2
-29.641944,30.6875,158.7,2015,5,14,2
-30.830556,26.921389,205.40001,2015,5,14,2
-24.282222,28.090278,187.3,2015,5,14,2
-23.658056,31.05,177.1,2015,5,14,2
-27.273889,28.49,186.7,2015,5,14,2
-31.000833,26.353056,208.7,2015,5,14,2
-30.534167,24.961944,229.2,2015,5,14,2
-33.7075,18.97444444,203.1,2015,5,14,2
-29.744167,29.905833,161.0,2015,5,15,2
-29.7775,29.470833,157.8,2015,5,18,2
-29.744167,29.905833,161.0,2015,5,18,2
-34.065833,20.404167,177.6,2015,5,19,2
-34.075556,20.145556,178.0,2013,9,23,3
-24.679167,30.8025,162.7,2015,5,19,2
-25.127778,27.628889,203.40001,2015,5,19,2
-25.20639,27.558,204.40001,2015,5,19,2
-24.39619444,27.08983333,208.8,2015,5,19,2
-24.69514,27.40906,210.1,2015,5,19,2
-30.733889,29.828333,151.7,2015,5,19,2
-29.987778,29.851667,155.3,2015,5,19,2
-27.02314,28.59389,185.5,2015,5,19,2
-28.141944,26.417778,220.40001,2015,5,19,2
-28.1175,26.719444,216.3,2015,5,19,2
-34.092222,21.295278,173.5,2015,5,19,2
-33.31388889,19.07472222,207.5,2015,5,19,2
-29.161667,23.696389,232.1,2015,5,20,2
-22.225556,29.990556,192.8,2015,5,20,2
-24.183889,30.823889,173.7,2015,5,20,2
-24.058889,31.237222,174.1,2015,5,20,2
-26.03611,30.99778,173.3,2015,5,20,2
-34.075556,20.145556,182.5,2015,9,6,3
-27.937778,31.209444,170.90001,2015,5,20,2
-28.404444,30.013056,181.5,2015,5,20,2
-32.595833,19.009444,218.5,2011,3,17,1
-32.595833,19.009444,218.5,2011,4,13,2
-26.880278,26.965,201.8,2015,5,20,2
-32.595833,19.009444,218.5,2011,6,14,2
-32.595833,19.009444,231.3,2011,7,15,3
-32.595833,19.009444,231.3,2011,11,8,4
-32.595833,19.009444,231.3,2011,5,10,2
-28.96362,19.15486,253.7,2015,5,20,2
-34.405833,19.600556,163.0,2015,5,20,2
-33.13083,18.86278,209.90001,2015,5,20,2
-27.5275,30.858056,166.3,2015,5,21,2
-30.13573889,30.67422222,156.6,2015,5,21,2
-32.595833,19.009444,213.8,2012,10,4,4
-32.595833,19.009444,213.8,2012,8,5,3
-27.38972222,26.46388889,219.6,2015,5,21,2
-32.595833,19.009444,237.40001,2012,7,24,3
-32.595833,19.009444,237.40001,2012,8,22,3
-27.398611,26.614722,218.2,2015,5,21,2
-28.376944,24.303056,230.7,2015,5,21,2
-34.250556,20.9925,180.8,2015,5,21,2
-34.329722,18.990278,166.40001,2015,5,21,2
-32.94583,18.33667,198.90001,2015,5,21,2
-27.4,26.624722,218.2,2015,5,21,2
-27.902778,24.615556,230.90001,2015,5,22,2
-29.803611,30.516111,152.7,2015,5,22,2
-33.501667,21.624167,189.6,2015,5,23,2
-25.99136,27.84208,187.6,2015,5,25,2
-26.970278,27.211111,199.8,2015,5,25,2
-32.595833,19.009444,215.3,2013,8,20,3
-26.880278,26.965,201.8,2015,5,25,2
-32.595833,19.009444,215.3,2013,8,10,3
-26.73806,27.59194,193.3,2015,5,25,2
-26.45,28.085833,186.7,2015,5,25,2
-27.01011111,26.69808333,210.0,2015,5,26,2
-29.380556,30.2775,152.7,2015,5,26,2
-26.861111,28.884722,182.40001,2015,5,26,2
-26.648056,27.089444,197.3,2015,5,26,2
-32.595833,19.009444,223.1,2014,6,24,2
-32.595833,19.009444,231.40001,2014,9,23,3
-26.98472222,26.63227778,207.8,2015,5,26,2
-28.141944,26.417778,220.40001,2015,5,26,2
-25.45963889,28.26430556,192.90001,2015,5,26,2
-25.81048333,27.90955222,191.90001,2015,5,27,2
-32.595833,19.009444,221.2,2015,9,6,3
-32.595833,19.009444,221.2,2015,7,21,3
-32.595833,19.009444,221.2,2015,8,18,3
-22.225556,29.990556,192.8,2015,5,27,2
-24.282222,28.090278,187.3,2015,5,27,2
-28.747778,31.745833,171.40001,2015,5,27,2
-27.00222,28.76528,183.40001,2015,5,27,2
-27.273889,28.49,186.7,2015,5,27,2
-29.033333,23.983333,230.7,2015,5,27,2
-33.08883333,19.21878333,189.8,2013,10,15,4
-25.57877778,29.12747222,186.90001,2015,5,28,2
-29.744167,29.905833,161.0,2015,5,29,2
-28.768056,20.720556,253.7,2015,5,29,2
-22.225556,29.990556,192.8,2015,1,6,1
-33.08883333,19.21878333,198.90001,2014,6,23,2
-26.510278,28.351389,183.8,2015,1,6,1
-33.08883333,19.21878333,205.3,2014,12,8,4
-33.08883333,19.21878333,205.3,2014,10,9,4
-33.08883333,19.21878333,205.3,2014,10,22,4
-33.08883333,19.21878333,205.3,2014,11,20,4
-33.08883333,19.21878333,200.1,2015,1,14,1
-33.08883333,19.21878333,200.1,2015,2,18,1
-33.08883333,19.21878333,200.1,2015,3,19,1
-33.08883333,19.21878333,200.1,2015,4,15,2
-27.671111,27.236944,209.5,2015,1,6,1
-33.08883333,19.21878333,200.1,2015,8,19,3
-33.08883333,19.21878333,200.1,2015,9,16,3
-30.568333,29.422778,157.8,2015,1,6,1
-33.08883333,19.21878333,200.1,2015,11,25,4
-31.396,29.2651,155.7,2015,1,6,1
-25.127778,27.628889,203.40001,2015,2,6,1
-25.20639,27.558,204.40001,2015,2,6,1
-32.502778,19.535833,233.40001,2011,6,13,2
-24.69514,27.40906,210.1,2015,2,6,1
-27.935,26.126667,222.8,2015,2,6,1
-28.1175,26.719444,216.3,2015,2,6,1
-27.398611,26.614722,218.2,2015,2,6,1
-30.160091,27.40124,201.2,2015,2,6,1
-30.336111,27.359444,201.5,2015,2,6,1
-31.104278,29.399722,154.2,2015,2,6,1
-32.502778,19.535833,237.5,2012,7,27,3
-34.031944,22.053333,162.7,2015,2,6,1
-34.039722,22.133333,161.8,2015,2,6,1
-34.02861,22.22222,159.2,2015,2,6,1
-28.338333,31.373611,164.90001,2015,2,6,1
-28.068333,31.55,176.1,2015,2,6,1
-27.4,26.624722,218.2,2015,2,6,1
-30.830556,26.921389,205.40001,2015,3,6,1
-24.670833,28.560833,187.5,2015,3,6,1
-24.39619444,27.08983333,208.8,2015,3,6,1
-28.75,30.442778,181.40001,2015,3,6,1
-29.161667,30.629722,155.0,2015,3,6,1
-27.802778,28.768333,181.8,2015,3,6,1
-31.000833,26.353056,208.7,2015,3,6,1
-30.679722,26.7125,211.40001,2015,3,6,1
-30.570833,29.150556,159.7,2015,3,6,1
-28.058889,30.373611,176.40001,2015,3,6,1
-28.760833,17.730278,248.2,2015,4,6,2
-32.502778,19.535833,233.8,2014,9,6,3
-28.44555556,32.325,162.3,2015,7,28,3
-27.273889,28.49,186.7,2015,4,6,2
-27.573056,24.746389,235.0,2015,4,6,2
-28.376944,24.303056,230.7,2015,4,6,2
-31.031389,28.883333,161.1,2015,4,6,2
-30.86013889,29.07125,161.8,2015,4,6,2
-32.502778,19.535833,234.0,2015,4,13,2
-30.77586667,29.03221667,162.90001,2015,4,6,2
-32.502778,19.535833,234.0,2015,8,6,3
-27.902778,24.615556,230.90001,2015,5,6,2
-32.502778,19.535833,234.0,2015,8,17,3
-31.554722,29.245556,145.2,2015,5,6,2
-32.502778,19.535833,234.0,2015,10,19,4
-25.99136,27.84208,187.6,2015,8,6,3
-31.5653,18.3306,90.5,2011,5,1,2
-31.5653,18.3306,208.7,2011,9,2,3
-31.5653,18.3306,208.7,2011,3,16,1
-31.5653,18.3306,208.7,2011,12,4,4
-26.970278,27.211111,199.8,2015,8,6,3
-26.880278,26.965,201.8,2015,8,6,3
-26.73806,27.59194,193.3,2015,8,6,3
-26.45,28.085833,186.7,2015,8,6,3
-33.818056,19.694722,202.7,2015,8,6,3
-31.5653,18.3306,222.7,2011,9,11,3
-31.5653,18.3306,222.7,2011,12,21,4
-31.5653,18.3306,203.2,2012,1,17,1
-31.5653,18.3306,203.2,2012,2,15,1
-31.5653,18.3306,203.2,2012,3,13,1
-31.5653,18.3306,203.2,2012,4,17,2
-31.5653,18.3306,203.2,2012,5,17,2
-31.5653,18.3306,203.2,2012,5,29,2
-27.01011111,26.69808333,210.0,2015,9,6,3
-25.73411,27.21422,194.2,2015,9,6,3
-27.363611,31.783333,170.5,2015,9,6,3
-26.861111,28.884722,182.40001,2015,9,6,3
-31.5653,18.3306,226.8,2012,10,23,4
-31.5653,18.3306,226.8,2012,11,13,4
-31.5653,18.3306,226.8,2012,4,12,2
-31.5653,18.3306,211.6,2013,3,26,1
-31.5653,18.3306,211.6,2013,4,23,2
-31.5653,18.3306,211.6,2013,5,21,2
-27.00222,28.76528,183.40001,2015,9,6,3
-27.02314,28.59389,185.5,2015,9,6,3
-31.5653,18.3306,213.1,2014,1,28,1
-31.5653,18.3306,213.1,2014,12,2,4
-31.5653,18.3306,213.1,2014,4,3,2
-31.5653,18.3306,213.1,2014,1,4,1
-31.5653,18.3306,213.1,2014,5,13,2
-26.648056,27.089444,197.3,2015,9,6,3
-26.98472222,26.63227778,207.8,2015,9,6,3
-27.935,26.126667,222.8,2015,9,6,3
-28.141944,26.417778,220.40001,2015,9,6,3
-31.5653,18.3306,219.2,2014,10,21,4
-31.5653,18.3306,219.2,2014,11,25,4
-31.5653,18.3306,214.3,2015,1,27,1
-31.5653,18.3306,214.3,2015,2,17,1
-31.5653,18.3306,214.3,2015,3,17,1
-31.5653,18.3306,214.3,2015,4,14,2
-31.5653,18.3306,214.3,2015,12,5,4
-31.5653,18.3306,214.3,2015,9,6,3
-28.1175,26.719444,216.3,2015,9,6,3
-29.160278,26.573333,220.1,2015,9,6,3
-31.5653,18.3306,214.3,2015,9,15,3
-31.5653,18.3306,214.3,2015,10,20,4
-31.5653,18.3306,214.3,2015,11,24,4
-32.601389,18.750556,216.40001,2011,10,5,4
-32.601389,18.750556,216.40001,2011,6,13,2
-32.601389,18.750556,230.90001,2011,12,7,4
-32.601389,18.750556,230.90001,2011,10,8,4
-32.601389,18.750556,230.90001,2011,6,9,2
-32.601389,18.750556,230.90001,2011,3,11,1
-32.601389,18.750556,215.8,2012,5,29,2
-32.601389,18.750556,215.8,2012,3,7,1
-32.601389,18.750556,235.6,2012,7,31,3
-32.601389,18.750556,235.6,2012,8,28,3
-32.601389,18.750556,235.6,2012,9,26,3
-32.601389,18.750556,235.6,2012,10,23,4
-28.69485,28.23487,186.40001,2015,9,6,3
-32.601389,18.750556,214.90001,2013,7,16,3
-32.601389,18.750556,214.90001,2013,8,13,3
-32.601389,18.750556,214.90001,2013,10,9,4
-32.601389,18.750556,214.90001,2013,9,10,3
-32.601389,18.750556,214.90001,2013,5,11,2
-32.601389,18.750556,214.90001,2013,11,26,4
-32.601389,18.750556,223.40001,2014,12,6,4
-32.601389,18.750556,229.7,2014,7,17,3
-32.601389,18.750556,229.7,2014,8,28,3
-32.601389,18.750556,229.7,2014,9,25,3
-32.601389,18.750556,229.7,2014,10,23,4
-32.601389,18.750556,229.7,2014,11,27,4
-32.601389,18.750556,222.5,2015,2,25,1
-32.601389,18.750556,222.5,2015,5,21,2
-32.601389,18.750556,222.5,2015,6,26,2
-32.601389,18.750556,222.5,2015,7,30,3
-32.601389,18.750556,222.5,2015,8,27,3
-32.601389,18.750556,222.5,2015,10,29,4
-28.883333,27.89,190.6,2015,9,6,3
-25.45963889,28.26430556,192.90001,2015,9,6,3
-25.81048333,27.90955222,191.90001,2015,10,6,4
-29.641944,30.6875,158.7,2015,10,6,4
-24.282222,28.090278,187.3,2015,10,6,4
-23.763056,27.908611,190.7,2015,10,6,4
-23.23572222,27.717,201.2,2015,10,6,4
-24.058889,31.237222,174.1,2015,10,6,4
-27.802778,28.768333,181.8,2015,10,6,4
-27.671111,27.236944,209.5,2015,10,6,4
-30.160091,27.40124,201.2,2015,10,6,4
-30.336111,27.359444,201.5,2015,10,6,4
-29.615556,27.065278,208.7,2015,10,6,4
-33.38056,19.30167,196.40001,2015,10,6,4
-33.08883333,19.21878333,200.1,2015,10,6,4
-25.57877778,29.12747222,186.90001,2015,10,6,4
-22.225556,29.990556,192.8,2015,11,6,4
-30.830556,26.921389,205.40001,2015,11,6,4
-24.95861111,29.39527778,191.2,2015,11,6,4
-27.02314,28.59389,185.5,2015,11,6,4
-27.4275,28.525833,186.1,2015,11,6,4
-27.3,28.586944,185.6,2015,11,6,4
-27.38972222,26.46388889,219.6,2015,11,6,4
-27.398611,26.614722,218.2,2015,11,6,4
-31.000833,26.353056,208.7,2015,11,6,4
-30.679722,26.7125,211.40001,2015,11,6,4
-30.534167,24.961944,229.2,2015,11,6,4
-33.7075,18.97444444,203.1,2015,11,6,4
-33.72266667,18.61691667,195.0,2015,11,6,4
-27.356667,27.286389,208.3,2015,11,6,4
-29.641944,30.6875,158.7,2015,12,6,4
-29.744167,29.905833,161.0,2015,12,6,4
-26.619444,27.980833,190.0,2015,12,6,4
-27.573056,24.746389,235.0,2015,12,6,4
-29.658056,25.973333,217.1,2015,12,6,4
-23.658056,31.05,177.1,2015,6,15,2
-29.7775,29.470833,157.8,2015,6,15,2
-29.987778,29.851667,155.3,2015,6,15,2
-29.744167,29.905833,161.0,2015,6,15,2
-24.679167,30.8025,162.7,2015,6,16,2
-25.127778,27.628889,203.40001,2015,6,16,2
-25.20639,27.558,204.40001,2015,6,16,2
-24.39619444,27.08983333,208.8,2015,6,16,2
-24.69514,27.40906,210.1,2015,6,16,2
-22.769722,30.886944,183.1,2015,6,17,2
-24.058889,31.237222,174.1,2015,6,17,2
-28.404444,30.013056,181.5,2015,6,17,2
-30.733889,29.828333,151.7,2015,6,17,2
-30.398056,30.601944,155.2,2015,6,17,2
-27.273889,28.49,186.7,2015,6,17,2
-34.092222,21.295278,173.5,2015,6,17,2
-28.058889,30.373611,176.40001,2015,6,17,2
-27.5275,30.858056,166.3,2015,6,18,2
-30.13573889,30.67422222,156.6,2015,6,18,2
-26.880278,26.965,201.8,2015,6,18,2
-28.1175,26.719444,216.3,2015,6,18,2
-28.376944,24.303056,230.7,2015,6,18,2
-31.394444,20.947222,238.6,2015,6,18,2
-29.651389,22.746389,248.3,2015,6,18,2
-34.250556,20.9925,180.8,2015,6,18,2
-33.13083,18.86278,209.40001,2012,4,7,2
-24.183889,30.823889,173.7,2015,6,19,2
-27.902778,24.615556,230.90001,2015,6,19,2
-29.803611,30.516111,152.7,2015,6,19,2
-25.99136,27.84208,187.6,2015,6,22,2
-25.49037,30.6986,165.0,2015,6,22,2
-24.99328,30.81444,149.90001,2015,6,22,2
-26.970278,27.211111,199.8,2015,6,22,2
-26.880278,26.965,201.8,2015,6,22,2
-26.73806,27.59194,193.3,2015,6,22,2
-26.45,28.085833,186.7,2015,6,22,2
-27.273889,28.49,186.7,2015,6,22,2
-27.01011111,26.69808333,210.0,2015,6,23,2
-25.436111,31.982222,164.6,2015,6,23,2
-29.140556,31.391944,161.8,2015,6,23,2
-34.065833,20.404167,177.6,2015,6,23,2
-22.43772222,31.07805556,196.40001,2015,6,23,2
-25.681111,31.783333,165.1,2015,6,23,2
-25.67386,31.57527,171.40001,2015,6,23,2
-25.398889,31.610556,162.90001,2015,6,23,2
-28.801278,31.955389,169.6,2015,6,23,2
-27.00222,28.76528,183.40001,2015,6,23,2
-26.98472222,26.63227778,207.8,2015,6,23,2
-28.1175,26.719444,216.3,2015,6,23,2
-25.45963889,28.26430556,192.90001,2015,6,23,2
-29.161667,23.696389,232.1,2015,6,24,2
-31.860278,18.6875,221.2,2015,6,24,2
-25.362222,31.956667,162.1,2015,6,24,2
-24.768889,31.39,166.0,2015,6,24,2
-24.9675,31.516667,167.90001,2015,6,24,2
-28.747778,31.745833,171.40001,2015,6,24,2
-27.273889,28.49,186.7,2015,6,24,2
-29.033333,23.983333,230.7,2015,6,24,2
-26.03611,30.99778,173.3,2015,6,25,2
-33.7075,18.97444444,200.3,2011,2,17,1
-26.648056,27.089444,197.3,2015,6,25,2
-28.460833,21.248889,246.8,2015,6,25,2
-32.94583,18.33667,198.90001,2015,6,25,2
-33.897778,20.012778,195.6,2015,6,25,2
-33.7075,18.97444444,204.7,2012,1,25,1
-33.7075,18.97444444,204.7,2012,2,22,1
-33.7075,18.97444444,204.7,2012,3,21,1
-29.744167,29.905833,161.0,2015,6,26,2
-25.81048333,27.90955222,191.90001,2015,6,29,2
-26.510278,28.351389,183.8,2015,6,29,2
-26.45,28.085833,186.7,2015,6,29,2
-27.671111,27.236944,209.5,2015,6,29,2
-25.127778,27.628889,203.40001,2015,6,30,2
-25.20639,27.558,204.40001,2015,6,30,2
-24.69514,27.40906,210.1,2015,6,30,2
-28.735556,29.820556,180.3,2015,6,30,2
-26.861111,28.884722,182.40001,2015,6,30,2
-27.00222,28.76528,183.40001,2015,6,30,2
-27.02314,28.59389,185.5,2015,6,30,2
-27.398611,26.614722,218.2,2015,6,30,2
-31.436944,20.474722,235.8,2015,6,30,2
-29.651389,22.746389,248.3,2015,6,30,2
-28.338333,31.373611,164.90001,2015,6,30,2
-28.068333,31.55,176.1,2015,6,30,2
-28.308889,31.9025,171.8,2015,6,30,2
-27.4,26.624722,218.2,2015,6,30,2
-29.161667,23.696389,232.1,2015,1,7,1
-27.602222,29.942778,185.90001,2015,1,7,1
-27.169444,29.233889,177.0,2015,1,7,1
-27.273889,28.49,186.7,2015,1,7,1
-27.4275,28.525833,186.1,2015,1,7,1
-27.3,28.586944,185.6,2015,1,7,1
-27.802778,28.768333,181.8,2015,1,7,1
-33.7075,18.97444444,203.1,2015,1,28,1
-33.7075,18.97444444,203.1,2015,2,19,1
-33.7075,18.97444444,203.1,2015,3,25,1
-27.935,26.126667,222.8,2015,1,7,1
-28.141944,26.417778,220.40001,2015,1,7,1
-27.671111,27.236944,209.5,2015,1,7,1
-28.75,30.442778,181.40001,2015,2,7,1
-29.161667,30.629722,155.0,2015,2,7,1
-27.4275,28.525833,186.1,2015,2,7,1
-27.802778,28.768333,181.8,2015,2,7,1
-28.376944,24.303056,230.7,2015,2,7,1
-29.744167,29.905833,161.0,2015,3,7,1
-27.573056,24.746389,235.0,2015,3,7,1
-27.902778,24.615556,230.90001,2015,3,7,1
-25.99136,27.84208,187.6,2015,6,7,2
-26.45,28.085833,186.7,2015,6,7,2
-22.225556,29.990556,192.8,2015,7,7,3
-23.658056,31.05,177.1,2015,7,7,3
-27.363611,31.783333,170.5,2015,7,7,3
-26.861111,28.884722,182.40001,2015,7,7,3
-27.00222,28.76528,183.40001,2015,7,7,3
-27.3,28.586944,185.6,2015,7,7,3
-31.396,29.2651,155.7,2015,7,7,3
-31.554722,29.245556,145.2,2015,7,7,3
-34.031944,22.053333,162.7,2015,7,7,3
-25.45963889,28.26430556,192.90001,2015,7,7,3
-25.81048333,27.90955222,191.90001,2015,8,7,3
-29.641944,30.6875,158.7,2015,8,7,3
-23.23572222,27.717,201.2,2015,8,7,3
-24.670833,28.560833,187.5,2015,8,7,3
-22.91028,29.61111,179.1,2015,8,7,3
-26.970278,27.211111,199.8,2015,8,7,3
-27.38972222,26.46388889,219.6,2015,8,7,3
-30.534167,24.961944,229.2,2015,8,7,3
-30.570833,29.150556,159.7,2015,8,7,3
-31.104278,29.399722,154.2,2015,8,7,3
-30.77586667,29.03221667,162.90001,2015,8,7,3
-34.039722,22.133333,161.8,2015,8,7,3
-34.02861,22.22222,159.2,2015,8,7,3
-32.94583,18.33667,198.90001,2015,3,12,1
-33.464444,18.740556,212.1,2011,7,20,3
-33.464444,18.740556,212.1,2011,8,17,3
-33.464444,18.740556,212.1,2011,9,14,3
-33.464444,18.740556,212.1,2011,12,10,4
-33.464444,18.740556,212.1,2011,9,11,3
-33.464444,18.740556,205.40001,2012,6,26,2
-33.464444,18.740556,214.3,2012,7,24,3
-27.01011111,26.69808333,210.0,2015,9,7,3
-33.464444,18.740556,214.3,2012,9,18,3
-33.464444,18.740556,214.3,2012,10,16,4
-33.464444,18.740556,214.3,2012,11,15,4
-24.282222,28.090278,187.3,2015,9,7,3
-33.464444,18.740556,195.7,2013,7,24,3
-33.464444,18.740556,195.7,2013,8,21,3
-33.464444,18.740556,195.7,2013,11,9,4
-33.464444,18.740556,195.7,2013,9,10,3
-33.464444,18.740556,195.7,2013,6,11,2
-33.464444,18.740556,195.7,2013,11,27,4
-33.464444,18.740556,210.7,2014,7,16,3
-33.464444,18.740556,210.7,2014,8,27,3
-33.464444,18.740556,210.7,2014,1,10,1
-33.464444,18.740556,210.7,2014,10,29,4
-23.23572222,27.717,201.2,2015,9,7,3
-33.464444,18.740556,204.3,2015,7,23,3
-33.464444,18.740556,204.3,2015,8,20,3
-33.464444,18.740556,204.3,2015,9,17,3
-26.648056,27.089444,197.3,2015,9,7,3
-26.880278,26.965,201.8,2015,9,7,3
-26.98472222,26.63227778,207.8,2015,9,7,3
-31.031389,28.883333,161.1,2015,9,7,3
-33.72266667,18.61691667,192.6,2014,11,6,4
-30.86013889,29.07125,161.8,2015,9,7,3
-33.970833,22.548333,146.0,2011,1,20,1
-33.970833,22.548333,146.0,2011,2,28,1
-33.970833,22.548333,146.0,2011,4,4,2
-33.970833,22.548333,146.0,2011,3,5,1
-33.970833,22.548333,146.0,2011,5,7,2
-33.970833,22.548333,154.2,2011,8,31,3
-33.970833,22.548333,154.2,2011,9,14,3
-33.970833,22.548333,154.2,2011,11,10,4
-33.970833,22.548333,154.2,2011,11,25,4
-33.970833,22.548333,136.1,2012,1,20,1
-33.970833,22.548333,136.1,2012,3,20,1
-34.005833,22.351111,156.5,2015,9,7,3
-33.970833,22.548333,149.3,2012,9,7,3
-33.970833,22.548333,149.3,2012,8,17,3
-33.970833,22.548333,149.3,2012,9,19,3
-33.970833,22.548333,149.3,2012,10,17,4
-33.970833,22.548333,149.3,2012,11,23,4
-33.970833,22.548333,149.3,2012,12,13,4
-33.970833,22.548333,144.0,2013,1,30,1
-33.970833,22.548333,144.0,2013,2,13,1
-22.43772222,31.07805556,196.40001,2015,10,7,4
-33.970833,22.548333,144.0,2013,6,19,2
-33.970833,22.548333,141.2,2013,7,19,3
-33.970833,22.548333,141.2,2013,8,21,3
-33.970833,22.548333,141.2,2013,9,20,3
-33.970833,22.548333,141.2,2013,10,17,4
-33.970833,22.548333,141.2,2013,5,11,2
-33.970833,22.548333,141.2,2013,8,11,3
-33.970833,22.548333,143.0,2014,1,15,1
-33.970833,22.548333,143.0,2014,5,3,2
-33.970833,22.548333,143.0,2014,2,4,1
-33.970833,22.548333,143.0,2014,8,5,3
-28.7115,24.07288889,231.5,2015,7,13,3
-33.970833,22.548333,155.6,2014,9,7,3
-33.970833,22.548333,155.6,2014,6,8,2
-33.970833,22.548333,155.6,2014,3,9,1
-33.970833,22.548333,155.6,2014,8,10,3
-33.970833,22.548333,57.600002,2015,7,1,3
-33.970833,22.548333,154.6,2015,4,2,2
-33.970833,22.548333,154.6,2015,5,3,2
-33.970833,22.548333,154.6,2015,8,4,3
-33.970833,22.548333,154.6,2015,7,5,3
-33.970833,22.548333,154.6,2015,2,6,1
-33.970833,22.548333,154.6,2015,8,7,3
-33.970833,22.548333,154.6,2015,5,8,2
-33.970833,22.548333,154.6,2015,2,9,1
-33.970833,22.548333,154.6,2015,6,10,2
-33.970833,22.548333,154.6,2015,4,11,2
-33.970833,22.548333,154.6,2015,3,12,1
-34.005833,22.351111,149.3,2011,1,21,1
-34.005833,22.351111,149.3,2011,11,2,4
-34.005833,22.351111,149.3,2011,3,17,1
-34.005833,22.351111,149.3,2011,4,19,2
-34.005833,22.351111,149.3,2011,5,17,2
-34.005833,22.351111,149.3,2011,6,21,2
-24.679167,30.8025,162.7,2015,7,13,3
-34.005833,22.351111,158.6,2011,12,10,4
-29.7775,29.470833,157.8,2015,7,13,3
-29.744167,29.905833,161.0,2015,7,13,3
-29.160278,26.573333,220.1,2015,7,13,3
-34.005833,22.351111,139.6,2012,6,26,2
-34.005833,22.351111,153.1,2012,7,18,3
-29.1825,23.575556,236.40001,2015,7,13,3
-25.127778,27.628889,203.40001,2015,7,14,3
-24.39619444,27.08983333,208.8,2015,7,14,3
-24.69514,27.40906,210.1,2015,7,14,3
-28.69485,28.23487,186.40001,2015,7,14,3
-34.005833,22.351111,147.1,2013,5,4,2
-28.883333,27.89,190.6,2015,7,14,3
-34.005833,22.351111,147.1,2013,4,7,2
-34.005833,22.351111,144.8,2013,6,8,2
-24.183889,30.823889,173.7,2015,7,15,3
-25.20639,27.558,204.40001,2015,7,15,3
-34.005833,22.351111,144.8,2013,4,12,2
-34.005833,22.351111,146.0,2014,1,22,1
-34.005833,22.351111,146.0,2014,2,20,1
-22.769722,30.886944,183.1,2015,7,15,3
-34.005833,22.351111,146.0,2014,3,4,1
-28.404444,30.013056,181.5,2015,7,15,3
-30.733889,29.828333,151.7,2015,7,15,3
-30.160091,27.40124,201.2,2015,7,15,3
-30.336111,27.359444,201.5,2015,7,15,3
-29.615556,27.065278,208.7,2015,7,15,3
-34.005833,22.351111,160.40001,2014,4,11,2
-34.005833,22.351111,160.40001,2014,3,12,1
-28.058889,30.373611,176.40001,2015,7,15,3
-30.830556,26.921389,205.40001,2015,7,16,3
-34.005833,22.351111,156.5,2015,10,4,4
-27.937778,31.209444,170.90001,2015,7,16,3
-34.005833,22.351111,156.5,2015,4,6,2
-27.5275,30.858056,166.3,2015,7,16,3
-30.13573889,30.67422222,156.6,2015,7,16,3
-30.398056,30.601944,155.2,2015,7,16,3
-27.02314,28.59389,185.5,2015,7,16,3
-27.273889,28.49,186.7,2015,7,16,3
-27.935,26.126667,222.8,2015,7,16,3
-28.141944,26.417778,220.40001,2015,7,16,3
-28.1175,26.719444,216.3,2015,7,16,3
-31.000833,26.353056,208.7,2015,7,16,3
-30.679722,26.7125,211.40001,2015,7,16,3
-30.534167,24.961944,229.2,2015,7,16,3
-29.744167,29.905833,161.0,2015,7,17,3
-27.902778,24.615556,230.90001,2015,7,17,3
-29.803611,30.516111,152.7,2015,7,17,3
-27.01011111,26.69808333,210.0,2015,7,20,3
-29.140556,31.391944,161.8,2015,7,20,3
-25.99136,27.84208,187.6,2015,7,20,3
-26.648056,27.089444,197.3,2015,7,20,3
-26.880278,26.965,201.8,2015,7,20,3
-26.73806,27.59194,193.3,2015,7,20,3
-26.45,28.085833,186.7,2015,7,20,3
-26.98472222,26.63227778,207.8,2015,7,20,3
-32.502778,19.535833,234.0,2015,7,20,3
-34.065833,20.404167,177.6,2015,7,21,3
-31.860278,18.6875,221.2,2015,7,21,3
-33.980556,21.653333,166.7,2015,7,21,3
-26.006389,29.253889,173.40001,2015,7,21,3
-28.801278,31.955389,169.6,2015,7,21,3
-27.00222,28.76528,183.40001,2015,7,21,3
-27.38972222,26.46388889,219.6,2015,7,21,3
-27.398611,26.614722,218.2,2015,7,21,3
-34.092222,21.295278,173.5,2015,7,21,3
-31.5653,18.3306,214.3,2015,7,21,3
-27.4,26.624722,218.2,2015,7,21,3
-25.81048333,27.90955222,191.90001,2015,7,22,3
-28.747778,31.745833,171.40001,2015,7,22,3
-26.970278,27.211111,199.8,2015,7,22,3
-26.880278,26.965,201.8,2015,7,22,3
-27.273889,28.49,186.7,2015,7,22,3
-28.141944,26.417778,220.40001,2015,7,22,3
-28.1175,26.719444,216.3,2015,7,22,3
-34.250556,20.9925,180.8,2015,7,22,3
-34.405833,19.600556,163.0,2015,7,22,3
-33.38056,19.30167,196.40001,2015,7,22,3
-33.08883333,19.21878333,200.1,2015,7,22,3
-24.95861111,29.39527778,191.2,2015,7,23,3
-33.7075,18.97444444,203.1,2015,7,23,3
-25.57877778,29.12747222,186.90001,2015,7,23,3
-33.897778,20.012778,195.6,2015,7,23,3
-26.619444,27.980833,190.0,2015,7,27,3
-25.127778,27.628889,203.40001,2015,7,28,3
-25.20639,27.558,204.40001,2015,7,28,3
-24.69514,27.40906,210.1,2015,7,28,3
-28.44555556,32.325,162.3,2015,8,25,3
-27.169444,29.233889,177.0,2015,7,28,3
-27.935,26.126667,222.8,2015,7,28,3
-28.141944,26.417778,220.40001,2015,7,28,3
-28.1175,26.719444,216.3,2015,7,28,3
-27.398611,26.614722,218.2,2015,7,28,3
-27.671111,27.236944,209.5,2015,7,28,3
-28.69485,28.23487,186.40001,2015,7,28,3
-33.501667,21.624167,189.6,2015,7,28,3
-33.31388889,19.07472222,207.5,2015,7,28,3
-28.338333,31.373611,164.90001,2015,7,28,3
-28.068333,31.55,176.1,2015,7,28,3
-28.308889,31.9025,171.8,2015,7,28,3
-27.4,26.624722,218.2,2015,7,28,3
-29.161667,23.696389,232.1,2015,7,29,3
-27.602222,29.942778,185.90001,2015,7,29,3
-27.802778,28.768333,181.8,2015,7,29,3
-33.13083,18.86278,209.90001,2015,7,29,3
-26.03611,30.99778,173.3,2015,7,30,3
-28.75,30.442778,181.40001,2015,7,30,3
-29.161667,30.629722,155.0,2015,7,30,3
-27.02314,28.59389,185.5,2015,7,30,3
-27.273889,28.49,186.7,2015,7,30,3
-27.4275,28.525833,186.1,2015,7,30,3
-27.3,28.586944,185.6,2015,7,30,3
-27.573056,24.746389,235.0,2015,7,30,3
-28.460833,21.248889,246.8,2015,7,30,3
-32.94583,18.33667,198.90001,2015,7,30,3
-29.641944,30.6875,158.7,2015,7,31,3
-24.95861111,29.39527778,191.2,2015,7,31,3
-28.141944,26.417778,220.40001,2015,7,31,3
-28.1175,26.719444,216.3,2015,7,31,3
-27.902778,24.615556,230.90001,2015,7,31,3
-25.99136,27.84208,187.6,2015,3,8,1
-26.73806,27.59194,193.3,2015,3,8,1
-26.45,28.085833,186.7,2015,3,8,1
-29.160278,26.573333,220.1,2015,3,8,1
-31.396,29.2651,155.7,2015,3,8,1
-31.554722,29.245556,145.2,2015,3,8,1
-26.861111,28.884722,182.40001,2015,4,8,2
-27.00222,28.76528,183.40001,2015,4,8,2
-26.970278,27.211111,199.8,2015,4,8,2
-26.880278,26.965,201.8,2015,4,8,2
-28.69485,28.23487,186.40001,2015,4,8,2
-29.615556,27.065278,208.7,2015,4,8,2
-28.883333,27.89,190.6,2015,4,8,2
-30.568333,29.422778,157.8,2015,4,8,2
-30.570833,29.150556,159.7,2015,4,8,2
-31.104278,29.399722,154.2,2015,4,8,2
-34.031944,22.053333,162.7,2015,4,8,2
-34.039722,22.133333,161.8,2015,4,8,2
-25.45963889,28.26430556,192.90001,2015,4,8,2
-27.01011111,26.69808333,210.0,2015,5,8,2
-25.81048333,27.90955222,191.90001,2015,5,8,2
-24.670833,28.560833,187.5,2015,5,8,2
-25.73411,27.21422,194.2,2015,5,8,2
-26.648056,27.089444,197.3,2015,5,8,2
-26.98472222,26.63227778,207.8,2015,5,8,2
-27.935,26.126667,222.8,2015,5,8,2
-30.160091,27.40124,201.2,2015,5,8,2
-30.336111,27.359444,201.5,2015,5,8,2
-28.768056,20.720556,253.7,2015,5,8,2
-31.031389,28.883333,161.1,2015,5,8,2
-30.86013889,29.07125,161.8,2015,5,8,2
-30.77586667,29.03221667,162.90001,2015,5,8,2
-34.02861,22.22222,159.2,2015,5,8,2
-30.830556,26.921389,205.40001,2015,6,8,2
-22.769722,30.886944,183.1,2015,6,8,2
-26.905,32.324722,175.0,2015,6,8,2
-28.141944,26.417778,220.40001,2015,6,8,2
-31.000833,26.353056,208.7,2015,6,8,2
-30.679722,26.7125,211.40001,2015,6,8,2
-30.534167,24.961944,229.2,2015,6,8,2
-23.658056,31.05,177.1,2015,7,8,3
-23.838611,31.640833,181.2,2015,7,8,3
-24.058889,31.237222,174.1,2015,7,8,3
-29.7775,29.470833,157.8,2015,10,8,4
-29.987778,29.851667,155.3,2015,10,8,4
-24.69514,27.40906,210.1,2015,11,8,4
-24.99328,30.81444,149.90001,2015,11,8,4
-30.733889,29.828333,151.7,2015,11,8,4
-25.127778,27.628889,203.40001,2015,12,8,4
-25.20639,27.558,204.40001,2015,12,8,4
-24.768889,31.39,166.0,2015,12,8,4
-24.9675,31.516667,167.90001,2015,12,8,4
-27.937778,31.209444,170.90001,2015,12,8,4
-28.404444,30.013056,181.5,2015,12,8,4
-30.398056,30.601944,155.2,2015,12,8,4
-28.141944,26.417778,220.40001,2015,12,8,4
-28.1175,26.719444,216.3,2015,12,8,4
-27.671111,27.236944,209.5,2015,12,8,4
-28.058889,30.373611,176.40001,2015,12,8,4
-30.13573889,30.67422222,156.6,2015,8,13,3
-27.38972222,26.46388889,219.6,2015,8,13,3
-27.398611,26.614722,218.2,2015,8,13,3
-27.902778,24.615556,230.90001,2015,8,13,3
-27.4,26.624722,218.2,2015,8,13,3
-29.744167,29.905833,161.0,2015,8,14,3
-29.380556,30.2775,152.7,2015,8,17,3
-26.73806,27.59194,193.3,2015,8,17,3
-26.45,28.085833,186.7,2015,8,17,3
-28.760833,17.730278,248.2,2015,8,18,3
-29.140556,31.391944,161.8,2015,8,18,3
-31.860278,18.6875,221.2,2015,8,18,3
-24.679167,30.8025,162.7,2015,8,18,3
-25.99136,27.84208,187.6,2015,8,18,3
-28.801278,31.955389,169.6,2015,8,18,3
-27.937778,31.209444,170.90001,2015,8,18,3
-26.861111,28.884722,182.40001,2015,8,18,3
-27.00222,28.76528,183.40001,2015,8,18,3
-26.970278,27.211111,199.8,2015,8,18,3
-26.880278,26.965,201.8,2015,8,18,3
-30.160091,27.40124,201.2,2015,8,18,3
-34.092222,21.295278,173.5,2015,8,18,3
-33.818056,19.694722,202.7,2015,8,18,3
-31.5653,18.3306,214.3,2015,8,18,3
-22.91028,29.61111,179.1,2015,8,19,3
-25.73411,27.21422,194.2,2015,8,19,3
-26.006389,29.253889,173.40001,2015,8,19,3
-24.058889,31.237222,174.1,2015,8,19,3
-28.747778,31.745833,171.40001,2015,8,19,3
-26.648056,27.089444,197.3,2015,8,19,3
-27.273889,28.49,186.7,2015,8,19,3
-26.98472222,26.63227778,207.8,2015,8,19,3
-33.38056,19.30167,196.40001,2015,8,19,3
-25.45963889,28.26430556,192.90001,2015,8,19,3
-25.81048333,27.90955222,191.90001,2015,8,20,3
-24.183889,30.823889,173.7,2015,8,20,3
-24.282222,28.090278,187.3,2015,8,20,3
-27.935,26.126667,222.8,2015,8,20,3
-28.141944,26.417778,220.40001,2015,8,20,3
-28.1175,26.719444,216.3,2015,8,20,3
-33.7075,18.97444444,203.1,2015,8,20,3
-24.95861111,29.39527778,191.2,2015,8,21,3
-27.573056,24.746389,235.0,2015,8,21,3
-29.380556,30.2775,152.7,2015,8,22,3
-28.735556,29.820556,180.3,2015,8,24,3
-28.308889,31.9025,171.8,2015,8,24,3
-34.065833,20.404167,177.6,2015,8,25,3
-25.127778,27.628889,203.40001,2015,8,25,3
-25.20639,27.558,204.40001,2015,8,25,3
-28.44555556,32.325,162.3,2015,9,21,3
-26.619444,27.980833,190.0,2015,8,25,3
-26.510278,28.351389,183.8,2015,8,25,3
-27.671111,27.236944,209.5,2015,8,25,3
-33.501667,21.624167,189.6,2015,8,25,3
-33.31388889,19.07472222,207.5,2015,8,25,3
-28.068333,31.55,176.1,2015,8,25,3
-29.161667,23.696389,232.1,2015,8,26,3
-28.7115,24.07288889,231.5,2015,8,26,3
-29.641944,30.6875,158.7,2015,8,26,3
-27.169444,29.233889,177.0,2015,8,26,3
-27.802778,28.768333,181.8,2015,8,26,3
-27.398611,26.614722,218.2,2015,8,26,3
-34.405833,19.600556,163.0,2015,8,26,3
-33.13083,18.86278,209.90001,2015,8,26,3
-27.4,26.624722,218.2,2015,8,26,3
-27.602222,29.942778,185.90001,2015,8,27,3
-28.75,30.442778,181.40001,2015,8,27,3
-29.161667,30.629722,155.0,2015,8,27,3
-32.94583,18.33667,198.90001,2015,8,27,3
-23.838611,31.640833,181.2,2015,8,28,3
-24.058889,31.237222,174.1,2015,8,28,3
-29.744167,29.905833,161.0,2015,8,28,3
-29.1825,23.575556,236.40001,2015,8,29,3
-25.99136,27.84208,187.6,2015,8,31,3
-26.73806,27.59194,193.3,2015,8,31,3
-26.45,28.085833,186.7,2015,8,31,3
-27.363611,31.783333,170.5,2015,1,9,1
-26.861111,28.884722,182.40001,2015,1,9,1
-27.00222,28.76528,183.40001,2015,1,9,1
-26.970278,27.211111,199.8,2015,1,9,1
-27.273889,28.49,186.7,2015,1,9,1
-27.4275,28.525833,186.1,2015,1,9,1
-27.3,28.586944,185.6,2015,1,9,1
-27.935,26.126667,222.8,2015,1,9,1
-31.396,29.2651,155.7,2015,1,9,1
-31.554722,29.245556,145.2,2015,1,9,1
-34.005833,22.351111,156.5,2015,1,9,1
-25.45963889,28.26430556,192.90001,2015,1,9,1
-25.447222,30.711667,167.0,2015,1,9,1
-27.01011111,26.69808333,210.0,2015,2,9,1
-25.81048333,27.90955222,191.90001,2015,2,9,1
-25.436111,31.982222,164.6,2015,2,9,1
-23.658056,31.05,177.1,2015,2,9,1
-25.681111,31.783333,165.1,2015,2,9,1
-25.362222,31.956667,162.1,2015,2,9,1
-27.02314,28.59389,185.5,2015,2,9,1
-26.648056,27.089444,197.3,2015,2,9,1
-27.273889,28.49,186.7,2015,2,9,1
-27.4275,28.525833,186.1,2015,2,9,1
-27.3,28.586944,185.6,2015,2,9,1
-30.570833,29.150556,159.7,2015,2,9,1
-31.104278,29.399722,154.2,2015,2,9,1
-30.77586667,29.03221667,162.90001,2015,2,9,1
-34.031944,22.053333,162.7,2015,2,9,1
-29.641944,30.6875,158.7,2015,3,9,1
-25.398889,31.610556,162.90001,2015,3,9,1
-27.802778,28.768333,181.8,2015,3,9,1
-27.935,26.126667,222.8,2015,3,9,1
-28.141944,26.417778,220.40001,2015,3,9,1
-30.679722,26.7125,211.40001,2015,3,9,1
-30.568333,29.422778,157.8,2015,3,9,1
-31.031389,28.883333,161.1,2015,3,9,1
-30.86013889,29.07125,161.8,2015,3,9,1
-29.987778,29.851667,155.3,2015,7,9,3
-29.744167,29.905833,161.0,2015,7,9,3
-29.160278,26.573333,220.1,2015,7,9,3
-25.57877778,29.12747222,186.90001,2015,7,9,3
-22.225556,29.990556,192.8,2015,8,9,3
-22.91028,29.61111,179.1,2015,8,9,3
-25.127778,27.628889,203.40001,2015,8,9,3
-25.20639,27.558,204.40001,2015,8,9,3
-24.69514,27.40906,210.1,2015,8,9,3
-23.838611,31.640833,181.2,2015,8,9,3
-26.006389,29.253889,173.40001,2015,8,9,3
-30.733889,29.828333,151.7,2015,8,9,3
-29.7775,29.470833,157.8,2015,8,9,3
-28.141944,26.417778,220.40001,2015,8,9,3
-27.671111,27.236944,209.5,2015,8,9,3
-28.69485,28.23487,186.40001,2015,8,9,3
-29.615556,27.065278,208.7,2015,8,9,3
-28.883333,27.89,190.6,2015,8,9,3
-24.058889,31.237222,174.1,2015,9,9,3
-27.937778,31.209444,170.90001,2015,9,9,3
-28.404444,30.013056,181.5,2015,9,9,3
-30.398056,30.601944,155.2,2015,9,9,3
-27.398611,26.614722,218.2,2015,9,9,3
-30.160091,27.40124,201.2,2015,9,9,3
-30.336111,27.359444,201.5,2015,9,9,3
-28.058889,30.373611,176.40001,2015,9,9,3
-27.4,26.624722,218.2,2015,9,9,3
-29.161667,23.696389,232.1,2015,10,9,4
-30.830556,26.921389,205.40001,2015,10,9,4
-24.282222,28.090278,187.3,2015,10,9,4
-22.769722,30.886944,183.1,2015,10,9,4
-27.5275,30.858056,166.3,2015,10,9,4
-30.13573889,30.67422222,156.6,2015,10,9,4
-31.000833,26.353056,208.7,2015,10,9,4
-30.679722,26.7125,211.40001,2015,10,9,4
-30.534167,24.961944,229.2,2015,10,9,4
-24.95861111,29.39527778,191.2,2015,11,9,4
-29.744167,29.905833,161.0,2015,11,9,4
-27.573056,24.746389,235.0,2015,11,9,4
-29.651389,22.746389,248.3,2015,11,9,4
-29.1825,23.575556,236.40001,2015,11,9,4
-29.803611,30.516111,152.7,2015,11,9,4
-26.73806,27.59194,193.3,2015,9,14,3
-26.45,28.085833,186.7,2015,9,14,3
-32.502778,19.535833,234.0,2015,9,14,3
-29.140556,31.391944,161.8,2015,9,15,3
-31.860278,18.6875,221.2,2015,9,15,3
-24.679167,30.8025,162.7,2015,9,15,3
-28.801278,31.955389,169.6,2015,9,15,3
-26.861111,28.884722,182.40001,2015,9,15,3
-27.00222,28.76528,183.40001,2015,9,15,3
-26.970278,27.211111,199.8,2015,9,15,3
-26.880278,26.965,201.8,2015,9,15,3
-34.092222,21.295278,173.5,2015,9,15,3
-34.075556,20.145556,182.5,2015,9,15,3
-32.595833,19.009444,221.2,2015,9,15,3
-25.45963889,28.26430556,192.90001,2015,9,15,3
-27.01011111,26.69808333,210.0,2015,9,16,3
-25.81048333,27.90955222,191.90001,2015,9,16,3
-29.641944,30.6875,158.7,2015,9,16,3
-24.670833,28.560833,187.5,2015,9,16,3
-24.058889,31.237222,174.1,2015,9,16,3
-26.648056,27.089444,197.3,2015,9,16,3
-26.98472222,26.63227778,207.8,2015,9,16,3
-34.250556,20.9925,180.8,2015,9,16,3
-33.38056,19.30167,196.40001,2015,9,16,3
-24.183889,30.823889,173.7,2015,9,17,3
-26.03611,30.99778,173.3,2015,9,17,3
-28.747778,31.745833,171.40001,2015,9,17,3
-27.935,26.126667,222.8,2015,9,17,3
-28.141944,26.417778,220.40001,2015,9,17,3
-33.7075,18.97444444,203.1,2015,9,17,3
-28.44555556,32.325,162.3,2015,10,20,4
-28.735556,29.820556,180.3,2015,9,21,3
-26.648056,27.089444,197.3,2015,9,21,3
-26.619444,27.980833,190.0,2015,9,21,3
-26.510278,28.351389,183.8,2015,9,21,3
-33.501667,21.624167,189.6,2015,9,21,3
-28.338333,31.373611,164.90001,2015,9,21,3
-28.068333,31.55,176.1,2015,9,21,3
-28.308889,31.9025,171.8,2015,9,21,3
-25.127778,27.628889,203.40001,2015,9,22,3
-25.20639,27.558,204.40001,2015,9,22,3
-24.69514,27.40906,210.1,2015,9,22,3
-27.169444,29.233889,177.0,2015,9,22,3
-29.161667,23.696389,232.1,2015,9,23,3
-28.7115,24.07288889,231.5,2015,9,23,3
-27.02314,28.59389,185.5,2015,9,23,3
-27.4275,28.525833,186.1,2015,9,23,3
-27.3,28.586944,185.6,2015,9,23,3
-27.398611,26.614722,218.2,2015,9,23,3
-27.4,26.624722,218.2,2015,9,23,3
-27.602222,29.942778,185.90001,2015,9,24,3
-28.75,30.442778,181.40001,2015,9,24,3
-29.161667,30.629722,155.0,2015,9,24,3
-29.744167,29.905833,161.0,2015,9,25,3
-27.902778,24.615556,230.90001,2015,9,25,3
-25.99136,27.84208,187.6,2015,9,28,3
-26.45,28.085833,186.7,2015,9,28,3
-34.065833,20.404167,177.6,2015,9,29,3
-24.99328,30.81444,149.90001,2015,9,29,3
-27.363611,31.783333,170.5,2015,9,29,3
-26.861111,28.884722,182.40001,2015,9,29,3
-26.970278,27.211111,199.8,2015,9,29,3
-26.880278,26.965,201.8,2015,9,29,3
-27.38972222,26.46388889,219.6,2015,9,29,3
-33.31388889,19.07472222,207.5,2015,9,29,3
-25.45963889,28.26430556,192.90001,2015,9,29,3
-27.01011111,26.69808333,210.0,2015,9,30,3
-25.81048333,27.90955222,191.90001,2015,9,30,3
-29.641944,30.6875,158.7,2015,9,30,3
-24.768889,31.39,166.0,2015,9,30,3
-27.00222,28.76528,183.40001,2015,9,30,3
-26.648056,27.089444,197.3,2015,9,30,3
-27.273889,28.49,186.7,2015,9,30,3
-26.98472222,26.63227778,207.8,2015,9,30,3
-31.031389,28.883333,161.1,2015,9,30,3
-30.86013889,29.07125,161.8,2015,9,30,3
-30.77586667,29.03221667,162.90001,2015,9,30,3
-34.405833,19.600556,163.0,2015,9,30,3
-32.94583,18.33667,198.90001,2015,9,30,3
-26.73806,27.59194,193.3,2015,1,10,1
-27.935,26.126667,222.8,2015,1,10,1
-28.141944,26.417778,220.40001,2015,1,10,1
-30.160091,27.40124,201.2,2015,1,10,1
-33.13083,18.86278,209.90001,2015,1,10,1
-33.897778,20.012778,195.6,2015,1,10,1
-29.7775,29.470833,157.8,2015,5,10,2
-29.987778,29.851667,155.3,2015,5,10,2
-29.744167,29.905833,161.0,2015,5,10,2
-31.396,29.2651,155.7,2015,5,10,2
-31.554722,29.245556,145.2,2015,5,10,2
-24.679167,30.8025,162.7,2015,6,10,2
-25.127778,27.628889,203.40001,2015,6,10,2
-25.20639,27.558,204.40001,2015,6,10,2
-24.69514,27.40906,210.1,2015,6,10,2
-23.658056,31.05,177.1,2015,6,10,2
-30.733889,29.828333,151.7,2015,6,10,2
-30.568333,29.422778,157.8,2015,6,10,2
-30.570833,29.150556,159.7,2015,6,10,2
-31.104278,29.399722,154.2,2015,6,10,2
-34.031944,22.053333,162.7,2015,6,10,2
-34.039722,22.133333,161.8,2015,6,10,2
-29.641944,30.6875,158.7,2015,7,10,3
-24.058889,31.237222,174.1,2015,7,10,3
-27.937778,31.209444,170.90001,2015,7,10,3
-28.404444,30.013056,181.5,2015,7,10,3
-30.398056,30.601944,155.2,2015,7,10,3
-34.02861,22.22222,159.2,2015,7,10,3
-34.005833,22.351111,156.5,2015,7,10,3
-28.058889,30.373611,176.40001,2015,7,10,3
-24.183889,30.823889,173.7,2015,8,10,3
-27.5275,30.858056,166.3,2015,8,10,3
-30.13573889,30.67422222,156.6,2015,8,10,3
-27.273889,28.49,186.7,2015,8,10,3
-27.4275,28.525833,186.1,2015,8,10,3
-31.396,29.2651,155.7,2015,8,10,3
-29.161667,23.696389,232.1,2015,9,10,3
-29.744167,29.905833,161.0,2015,9,10,3
-27.573056,24.746389,235.0,2015,9,10,3
-27.902778,24.615556,230.90001,2015,9,10,3
-29.803611,30.516111,152.7,2015,9,10,3
-25.99136,27.84208,187.6,2015,12,10,4
-26.73806,27.59194,193.3,2015,12,10,4
-26.45,28.085833,186.7,2015,12,10,4
-29.140556,31.391944,161.8,2015,10,13,4
-28.801278,31.955389,169.6,2015,10,13,4
-26.861111,28.884722,182.40001,2015,10,13,4
-26.880278,26.965,201.8,2015,10,13,4
-27.38972222,26.46388889,219.6,2015,10,13,4
-28.141944,26.417778,220.40001,2015,10,13,4
-28.1175,26.719444,216.3,2015,10,13,4
-27.398611,26.614722,218.2,2015,10,13,4
-25.45963889,28.26430556,192.90001,2015,10,13,4
-27.01011111,26.69808333,210.0,2015,10,14,4
-25.81048333,27.90955222,191.90001,2015,10,14,4
-25.73411,27.21422,194.2,2015,10,14,4
-22.769722,30.886944,183.1,2015,10,14,4
-28.747778,31.745833,171.40001,2015,10,14,4
-29.380556,30.2775,152.7,2015,10,14,4
-27.00222,28.76528,183.40001,2015,10,14,4
-26.648056,27.089444,197.3,2015,10,14,4
-27.273889,28.49,186.7,2015,10,14,4
-26.98472222,26.63227778,207.8,2015,10,14,4
-27.671111,27.236944,209.5,2015,10,14,4
-26.03611,30.99778,173.3,2015,10,15,4
-28.141944,26.417778,220.40001,2015,10,15,4
-24.058889,31.237222,174.1,2015,10,16,4
-28.735556,29.820556,180.3,2015,10,19,4
-26.619444,27.980833,190.0,2015,10,19,4
-29.160278,26.573333,220.1,2015,10,19,4
-33.818056,19.694722,202.7,2015,10,19,4
-25.447222,30.711667,167.0,2015,10,19,4
-28.760833,17.730278,248.2,2015,10,20,4
-31.860278,18.6875,221.2,2015,10,20,4
-25.127778,27.628889,203.40001,2015,10,20,4
-25.20639,27.558,204.40001,2015,10,20,4
-24.69514,27.40906,210.1,2015,10,20,4
-25.681111,31.783333,165.1,2015,10,20,4
-25.67386,31.57527,171.40001,2015,10,20,4
-28.44555556,32.325,162.3,2015,11,17,4
-27.802778,28.768333,181.8,2015,10,20,4
-27.671111,27.236944,209.5,2015,10,20,4
-28.69485,28.23487,186.40001,2015,10,20,4
-28.883333,27.89,190.6,2015,10,20,4
-34.092222,21.295278,173.5,2015,10,20,4
-32.595833,19.009444,221.2,2015,10,20,4
-28.338333,31.373611,164.90001,2015,10,20,4
-29.161667,23.696389,232.1,2015,10,21,4
-30.830556,26.921389,205.40001,2015,10,21,4
-24.670833,28.560833,187.5,2015,10,21,4
-22.91028,29.61111,179.1,2015,10,21,4
-28.058889,30.373611,176.40001,2015,4,27,2
-26.006389,29.253889,173.40001,2015,10,21,4
-25.362222,31.956667,162.1,2015,10,21,4
-25.398889,31.610556,162.90001,2015,10,21,4
-27.602222,29.942778,185.90001,2015,10,21,4
-27.169444,29.233889,177.0,2015,10,21,4
-26.510278,28.351389,183.8,2015,10,21,4
-27.398611,26.614722,218.2,2015,10,21,4
-30.336111,27.359444,201.5,2015,10,21,4
-29.615556,27.065278,208.7,2015,10,21,4
-34.250556,20.9925,180.8,2015,10,21,4
-33.38056,19.30167,196.40001,2015,10,21,4
-33.08883333,19.21878333,200.1,2015,10,21,4
-27.4,26.624722,218.2,2015,10,21,4
-28.75,30.442778,181.40001,2015,10,22,4
-29.161667,30.629722,155.0,2015,10,22,4
-27.02314,28.59389,185.5,2015,10,22,4
-27.4275,28.525833,186.1,2015,10,22,4
-27.3,28.586944,185.6,2015,10,22,4
-31.000833,26.353056,208.7,2015,10,22,4
-30.679722,26.7125,211.40001,2015,10,22,4
-33.7075,18.97444444,203.1,2015,10,22,4
-29.744167,29.905833,161.0,2015,10,23,4
-27.573056,24.746389,235.0,2015,10,23,4
-27.902778,24.615556,230.90001,2015,10,23,4
-29.658056,25.973333,217.1,2015,10,23,4
-25.99136,27.84208,187.6,2015,10,26,4
-26.45,28.085833,186.7,2015,10,26,4
-31.554722,29.245556,145.2,2015,10,26,4
-33.501667,21.624167,189.6,2015,10,26,4
-25.73411,27.21422,194.2,2015,10,27,4
-27.363611,31.783333,170.5,2015,10,27,4
-26.970278,27.211111,199.8,2015,10,27,4
-26.880278,26.965,201.8,2015,10,27,4
-31.104278,29.399722,154.2,2015,10,27,4
-33.31388889,19.07472222,207.5,2015,10,27,4
-25.45963889,28.26430556,192.90001,2015,10,27,4
-28.760833,17.730278,248.2,2015,10,28,4
-29.161667,23.696389,232.1,2015,10,28,4
-28.7115,24.07288889,231.5,2015,10,28,4
-27.01011111,26.69808333,210.0,2015,10,28,4
-29.641944,30.6875,158.7,2015,10,28,4
-27.00222,28.76528,183.40001,2015,10,28,4
-26.648056,27.089444,197.3,2015,10,28,4
-26.98472222,26.63227778,207.8,2015,10,28,4
-29.651389,22.746389,248.3,2015,10,28,4
-29.1825,23.575556,236.40001,2015,10,28,4
-34.405833,19.600556,163.0,2015,10,28,4
-33.13083,18.86278,209.90001,2015,10,28,4
-25.81048333,27.90955222,191.90001,2015,10,29,4
-30.570833,29.150556,159.7,2015,10,29,4
-30.77586667,29.03221667,162.90001,2015,10,29,4
-34.329722,18.990278,166.40001,2015,10,29,4
-32.94583,18.33667,198.90001,2015,10,29,4
-30.568333,29.422778,157.8,2015,10,30,4
-31.031389,28.883333,161.1,2015,10,30,4
-30.86013889,29.07125,161.8,2015,10,30,4
-29.987778,29.851667,155.3,2015,1,11,1
-29.7775,29.470833,157.8,2015,2,11,1
-29.987778,29.851667,155.3,2015,2,11,1
-25.127778,27.628889,203.40001,2015,3,11,1
-25.20639,27.558,204.40001,2015,3,11,1
-30.733889,29.828333,151.7,2015,3,11,1
-34.031944,22.053333,162.7,2015,3,11,1
-27.937778,31.209444,170.90001,2015,4,11,2
-28.404444,30.013056,181.5,2015,4,11,2
-30.398056,30.601944,155.2,2015,4,11,2
-29.615556,27.065278,208.7,2015,4,11,2
-34.005833,22.351111,156.5,2015,4,11,2
-28.058889,30.373611,176.40001,2015,4,11,2
-22.91028,29.61111,179.1,2015,5,11,2
-27.5275,30.858056,166.3,2015,5,11,2
-30.13573889,30.67422222,156.6,2015,5,11,2
-29.744167,29.905833,161.0,2015,6,11,2
-27.573056,24.746389,235.0,2015,6,11,2
-27.902778,24.615556,230.90001,2015,6,11,2
-29.803611,30.516111,152.7,2015,6,11,2
-25.99136,27.84208,187.6,2015,9,11,3
-29.380556,30.2775,152.7,2015,9,11,3
-26.73806,27.59194,193.3,2015,9,11,3
-29.160278,26.573333,220.1,2015,9,11,3
-29.651389,22.746389,248.3,2015,9,11,3
-28.747778,31.745833,171.40001,2015,10,11,4
-28.141944,26.417778,220.40001,2015,10,11,4
-27.671111,27.236944,209.5,2015,10,11,4
-28.69485,28.23487,186.40001,2015,10,11,4
-29.615556,27.065278,208.7,2015,10,11,4
-28.883333,27.89,190.6,2015,10,11,4
-31.394444,20.947222,238.6,2015,10,11,4
-25.45963889,28.26430556,192.90001,2015,10,11,4
-25.81048333,27.90955222,191.90001,2015,11,11,4
-29.140556,31.391944,161.8,2015,11,11,4
-28.801278,31.955389,169.6,2015,11,11,4
-27.00222,28.76528,183.40001,2015,11,11,4
-26.970278,27.211111,199.8,2015,11,11,4
-26.880278,26.965,201.8,2015,11,11,4
-27.273889,28.49,186.7,2015,11,11,4
-27.38972222,26.46388889,219.6,2015,11,11,4
-27.398611,26.614722,218.2,2015,11,11,4
-30.336111,27.359444,201.5,2015,11,11,4
-27.4,26.624722,218.2,2015,11,11,4
-27.01011111,26.69808333,210.0,2015,12,11,4
-30.830556,26.921389,205.40001,2015,12,11,4
-23.658056,31.05,177.1,2015,12,11,4
-26.648056,27.089444,197.3,2015,12,11,4
-26.98472222,26.63227778,207.8,2015,12,11,4
-27.935,26.126667,222.8,2015,12,11,4
-28.1175,26.719444,216.3,2015,12,11,4
-31.000833,26.353056,208.7,2015,12,11,4
-30.679722,26.7125,211.40001,2015,12,11,4
-26.619444,27.980833,190.0,2015,11,16,4
-24.679167,30.8025,162.7,2015,11,17,4
-25.127778,27.628889,203.40001,2015,11,17,4
-25.20639,27.558,204.40001,2015,11,17,4
-24.99328,30.81444,149.90001,2015,11,17,4
-27.169444,29.233889,177.0,2015,11,17,4
-26.510278,28.351389,183.8,2015,11,17,4
-27.273889,28.49,186.7,2015,11,17,4
-27.3,28.586944,185.6,2015,11,17,4
-27.671111,27.236944,209.5,2015,11,17,4
-34.092222,21.295278,173.5,2015,11,17,4
-33.501667,21.624167,189.6,2015,11,17,4
-28.338333,31.373611,164.90001,2015,11,17,4
-24.670833,28.560833,187.5,2015,11,18,4
-25.73411,27.21422,194.2,2015,11,18,4
-24.058889,31.237222,174.1,2015,11,18,4
-24.034167,31.123611,173.90001,2015,11,18,4
-27.602222,29.942778,185.90001,2015,11,18,4
-27.02314,28.59389,185.5,2015,11,18,4
-27.4275,28.525833,186.1,2015,11,18,4
-27.802778,28.768333,181.8,2015,11,18,4
-27.398611,26.614722,218.2,2015,11,18,4
-34.250556,20.9925,180.8,2015,11,18,4
-27.4,26.624722,218.2,2015,11,18,4
-24.183889,30.823889,173.7,2015,11,19,4
-28.75,30.442778,181.40001,2015,11,19,4
-29.161667,30.629722,155.0,2015,11,19,4
-27.3,28.586944,185.6,2015,11,19,4
-29.744167,29.905833,161.0,2015,11,20,4
-27.573056,24.746389,235.0,2015,11,20,4
-27.902778,24.615556,230.90001,2015,11,20,4
-25.99136,27.84208,187.6,2015,11,23,4
-26.73806,27.59194,193.3,2015,11,23,4
-26.45,28.085833,186.7,2015,11,23,4
-31.554722,29.245556,145.2,2015,11,23,4
-32.502778,19.535833,234.0,2015,11,23,4
-25.447222,30.711667,167.0,2015,11,23,4
-29.641944,30.6875,158.7,2015,11,24,4
-25.681111,31.783333,165.1,2015,11,24,4
-25.67386,31.57527,171.40001,2015,11,24,4
-25.513889,31.224444,166.3,2015,11,24,4
-26.861111,28.884722,182.40001,2015,11,24,4
-26.970278,27.211111,199.8,2015,11,24,4
-26.880278,26.965,201.8,2015,11,24,4
-31.104278,29.399722,154.2,2015,11,24,4
-31.396,29.2651,155.7,2015,11,24,4
-33.818056,19.694722,202.7,2015,11,24,4
-34.075556,20.145556,182.5,2015,11,24,4
-32.595833,19.009444,221.2,2015,11,24,4
-25.45963889,28.26430556,192.90001,2015,11,24,4
-27.01011111,26.69808333,210.0,2015,11,25,4
-25.81048333,27.90955222,191.90001,2015,11,25,4
-25.436111,31.982222,164.6,2015,11,25,4
-25.362222,31.956667,162.1,2015,11,25,4
-25.398889,31.610556,162.90001,2015,11,25,4
-25.14944444,31.94055556,162.40001,2015,11,25,4
-27.00222,28.76528,183.40001,2015,11,25,4
-26.648056,27.089444,197.3,2015,11,25,4
-27.273889,28.49,186.7,2015,11,25,4
-26.98472222,26.63227778,207.8,2015,11,25,4
-30.568333,29.422778,157.8,2015,11,25,4
-30.570833,29.150556,159.7,2015,11,25,4
-33.38056,19.30167,196.40001,2015,11,25,4
-30.86013889,29.07125,161.8,2015,11,26,4
-30.77586667,29.03221667,162.90001,2015,11,26,4
-33.7075,18.97444444,203.1,2015,11,26,4
-31.031389,28.883333,161.1,2015,11,27,4
-29.7775,29.470833,157.8,2015,11,30,4
-34.065833,20.404167,177.6,2015,1,12,1
-25.127778,27.628889,203.40001,2015,1,12,1
-25.20639,27.558,204.40001,2015,1,12,1
-28.404444,30.013056,181.5,2015,1,12,1
-30.733889,29.828333,151.7,2015,1,12,1
-27.398611,26.614722,218.2,2015,1,12,1
-34.031944,22.053333,162.7,2015,1,12,1
-34.039722,22.133333,161.8,2015,1,12,1
-33.31388889,19.07472222,207.5,2015,1,12,1
-29.161667,23.696389,232.1,2015,2,12,1
-25.73411,27.21422,194.2,2015,2,12,1
-27.5275,30.858056,166.3,2015,2,12,1
-30.398056,30.601944,155.2,2015,2,12,1
-27.671111,27.236944,209.5,2015,2,12,1
-31.436944,20.474722,235.8,2015,2,12,1
-34.02861,22.22222,159.2,2015,2,12,1
-34.405833,19.600556,163.0,2015,2,12,1
-33.13083,18.86278,209.90001,2015,2,12,1
-34.005833,22.351111,156.5,2015,2,12,1
-28.058889,30.373611,176.40001,2015,2,12,1
-23.658056,31.05,177.1,2015,3,12,1
-34.329722,18.990278,166.40001,2015,3,12,1
-29.803611,30.516111,152.7,2015,3,12,1
-29.744167,29.905833,161.0,2015,4,12,2
-27.935,26.126667,222.8,2015,4,12,2
-27.902778,24.615556,230.90001,2015,4,12,2
-28.058889,30.373611,176.40001,2015,5,12,2
-24.058889,31.237222,174.1,2015,6,12,2
-25.99136,27.84208,187.6,2015,7,12,3
-29.380556,30.2775,152.7,2015,7,12,3
-26.73806,27.59194,193.3,2015,7,12,3
-26.45,28.085833,186.7,2015,7,12,3
-29.160278,26.573333,220.1,2015,7,12,3
-29.140556,31.391944,161.8,2015,8,12,3
-26.861111,28.884722,182.40001,2015,8,12,3
-26.970278,27.211111,199.8,2015,8,12,3
-26.880278,26.965,201.8,2015,8,12,3
-28.69485,28.23487,186.40001,2015,8,12,3
-29.615556,27.065278,208.7,2015,8,12,3
-28.883333,27.89,190.6,2015,8,12,3
-33.501667,21.624167,189.6,2015,8,12,3
-25.45963889,28.26430556,192.90001,2015,8,12,3
-27.01011111,26.69808333,210.0,2015,9,12,3
-25.81048333,27.90955222,191.90001,2015,9,12,3
-24.670833,28.560833,187.5,2015,9,12,3
-22.91028,29.61111,179.1,2015,9,12,3
-28.747778,31.745833,171.40001,2015,9,12,3
-26.98472222,26.63227778,207.8,2015,9,12,3
-27.671111,27.236944,209.5,2015,9,12,3
-30.336111,27.359444,201.5,2015,9,12,3
-34.092222,21.295278,173.5,2015,9,12,3
-29.641944,30.6875,158.7,2015,10,12,4
-22.769722,30.886944,183.1,2015,10,12,4
-28.801278,31.955389,169.6,2015,10,12,4
-27.38972222,26.46388889,219.6,2015,10,12,4
-27.935,26.126667,222.8,2015,10,12,4
-33.897778,20.012778,193.5,2012,12,1,4
-33.897778,20.012778,193.5,2012,1,3,1
-27.398611,26.614722,218.2,2015,10,12,4
-30.679722,26.7125,211.40001,2015,10,12,4
-33.897778,20.012778,193.5,2012,6,19,2
-27.4,26.624722,218.2,2015,10,12,4
-34.250556,20.9925,180.8,2015,11,12,4
-28.735556,29.820556,180.3,2015,12,14,4
-33.897778,20.012778,197.3,2013,1,18,1
-26.619444,27.980833,190.0,2015,12,14,4
-24.679167,30.8025,162.7,2015,12,15,4
-27.169444,29.233889,177.0,2015,12,15,4
-26.510278,28.351389,183.8,2015,12,15,4
-27.671111,27.236944,209.5,2015,12,15,4
-29.161667,23.696389,232.1,2015,12,16,4
-25.127778,27.628889,203.40001,2015,12,16,4
-25.20639,27.558,204.40001,2015,12,16,4
-27.602222,29.942778,185.90001,2015,12,16,4
-27.00222,28.76528,183.40001,2015,12,16,4
-27.02314,28.59389,185.5,2015,12,16,4
-27.273889,28.49,186.7,2015,12,16,4
-27.4275,28.525833,186.1,2015,12,16,4
-27.3,28.586944,185.6,2015,12,16,4
-33.897778,20.012778,195.6,2015,2,26,1
-27.398611,26.614722,218.2,2015,12,16,4
-29.033333,23.983333,230.7,2015,12,16,4
-33.897778,20.012778,195.6,2015,5,21,2
-33.897778,20.012778,195.6,2015,8,27,3
-33.897778,20.012778,195.6,2015,10,29,4
-33.897778,20.012778,195.6,2015,3,12,1
-27.4,26.624722,218.2,2015,12,16,4
-24.183889,30.823889,173.7,2015,12,17,4
-29.161667,30.629722,155.0,2015,12,17,4
-27.802778,28.768333,181.8,2015,12,17,4
-29.744167,29.905833,161.0,2015,12,18,4
-27.902778,24.615556,230.90001,2015,12,18,4
-25.99136,27.84208,187.6,2015,12,21,4
-26.73806,27.59194,193.3,2015,12,21,4
-26.45,28.085833,186.7,2015,12,21,4
-28.404444,30.013056,181.5,2015,12,22,4
-27.00222,28.76528,183.40001,2015,12,22,4
-26.970278,27.211111,199.8,2015,12,22,4
-26.880278,26.965,201.8,2015,12,22,4
-27.273889,28.49,186.7,2015,12,22,4
-25.45963889,28.26430556,192.90001,2015,12,22,4
-27.01011111,26.69808333,210.0,2015,12,23,4
-25.81048333,27.90955222,191.90001,2015,12,23,4
-27.5275,30.858056,166.3,2015,12,23,4
-26.861111,28.884722,182.40001,2015,12,23,4
-26.98472222,26.63227778,207.8,2015,12,23,4
-27.935,26.126667,222.8,2015,12,23,4
-29.744167,29.905833,161.0,2015,12,31,4
